"decimalLongitude";"decimalLatitude";"gbifID";"license";"institutionCode";"basisOfRecord";"year";"month";"day";"coordinateUncertaintyInMeters";"genus";"specificEpithet";"speciesKey"
10.163967;51.185958;3957905742;"CC_BY_4_0";"";"HUMAN_OBSERVATION";2021;8;10;3;"Impatiens";"glandulifera";2891770
8.847857;49.846893;5221795397;"CC_BY_4_0";"NABU|naturgucker";"HUMAN_OBSERVATION";2025;7;8;250;"Impatiens";"glandulifera";2891770
9.721912;50.614464;5219503703;"CC_BY_NC_4_0";"";"HUMAN_OBSERVATION";2025;7;13;25;"Impatiens";"glandulifera";2891770
9.949308;50.779536;5219481349;"CC_BY_NC_4_0";"";"HUMAN_OBSERVATION";2025;7;13;NA;"Impatiens";"glandulifera";2891770
9.417737;51.249439;5219429229;"CC_BY_NC_4_0";"";"HUMAN_OBSERVATION";2025;7;13;10;"Impatiens";"glandulifera";2891770
8.239816;50.475165;5205255948;"CC_BY_NC_4_0";"";"HUMAN_OBSERVATION";2025;6;29;5;"Impatiens";"glandulifera";2891770
8.612175;51.275631;2977798653;"CC_BY_4_0";"";"HUMAN_OBSERVATION";2020;9;26;64;"Impatiens";"glandulifera";2891770
9.662186;50.561351;5218821290;"CC_BY_NC_4_0";"";"HUMAN_OBSERVATION";2025;7;9;NA;"Impatiens";"glandulifera";2891770
8.603487;50.56827;5219403084;"CC_BY_NC_4_0";"";"HUMAN_OBSERVATION";2025;7;12;3;"Impatiens";"glandulifera";2891770
9.737145;50.6114;2647484373;"CC_BY_4_0";"";"HUMAN_OBSERVATION";2018;8;15;NA;"Impatiens";"glandulifera";2891770
9.390024;51.115416;5219340577;"CC_BY_NC_4_0";"";"HUMAN_OBSERVATION";2025;7;13;3;"Impatiens";"glandulifera";2891770
9.307735;51.382995;5219322738;"CC_BY_NC_4_0";"";"HUMAN_OBSERVATION";2023;8;21;5;"Impatiens";"glandulifera";2891770
8.8752;49.753422;5022785783;"CC_BY_4_0";"NABU|naturgucker";"HUMAN_OBSERVATION";2016;6;6;250;"Impatiens";"glandulifera";2891770
8.816483;50.047678;5219258854;"CC_BY_NC_4_0";"";"HUMAN_OBSERVATION";2025;7;12;NA;"Impatiens";"glandulifera";2891770
8.690982;50.59191;4462461161;"CC_BY_NC_4_0";"";"HUMAN_OBSERVATION";2023;9;28;22;"Impatiens";"glandulifera";2891770
9.566893;51.297297;5219015531;"CC_BY_NC_4_0";"";"HUMAN_OBSERVATION";2025;7;10;NA;"Impatiens";"glandulifera";2891770
8.823563;49.977571;3732655360;"CC_BY_NC_4_0";"";"HUMAN_OBSERVATION";2021;10;7;8;"Impatiens";"glandulifera";2891770
9.679061;51.239056;5218922932;"CC_BY_NC_4_0";"";"HUMAN_OBSERVATION";2025;7;13;NA;"Impatiens";"glandulifera";2891770
8.734102;50.747126;4908688834;"CC_BY_NC_4_0";"iNaturalist";"HUMAN_OBSERVATION";2024;7;3;8;"Impatiens";"glandulifera";2891770
8.773532;49.944464;5218795683;"CC_BY_NC_4_0";"";"HUMAN_OBSERVATION";2025;7;8;5;"Impatiens";"glandulifera";2891770
8.843967;49.986825;5212604817;"CC_BY_NC_4_0";"";"HUMAN_OBSERVATION";2025;7;6;NA;"Impatiens";"glandulifera";2891770
8.953246;50.132111;4931809968;"CC_BY_NC_4_0";"";"HUMAN_OBSERVATION";2024;7;23;5;"Impatiens";"glandulifera";2891770
8.686258;49.861622;4930425236;"CC_BY_NC_4_0";"";"HUMAN_OBSERVATION";2024;6;3;19;"Impatiens";"glandulifera";2891770
8.679849;49.793793;5205263945;"CC_BY_NC_4_0";"";"HUMAN_OBSERVATION";2025;6;28;32;"Impatiens";"glandulifera";2891770
9.642679;50.587828;5205159309;"CC_BY_NC_4_0";"";"HUMAN_OBSERVATION";2025;6;28;10;"Impatiens";"glandulifera";2891770
9.545238;51.353097;5205057057;"CC_BY_NC_4_0";"";"HUMAN_OBSERVATION";2025;6;24;22;"Impatiens";"glandulifera";2891770
8.754247;49.620611;3954703364;"CC_BY_4_0";"";"HUMAN_OBSERVATION";2022;7;18;32;"Impatiens";"glandulifera";2891770
9.052109;51.374191;5204862958;"CC_BY_NC_4_0";"";"HUMAN_OBSERVATION";2022;8;16;5;"Impatiens";"glandulifera";2891770
8.680857;49.871327;3956670635;"CC_BY_4_0";"";"HUMAN_OBSERVATION";2022;7;10;9;"Impatiens";"glandulifera";2891770
8.717394;49.833001;5198836064;"CC_BY_NC_4_0";"iNaturalist";"HUMAN_OBSERVATION";2025;6;11;NA;"Impatiens";"glandulifera";2891770
8.245971;50.105699;5198793216;"CC_BY_NC_4_0";"iNaturalist";"HUMAN_OBSERVATION";2025;6;14;7;"Impatiens";"glandulifera";2891770
9.394911;51.288217;5198782113;"CC_BY_NC_4_0";"iNaturalist";"HUMAN_OBSERVATION";2024;8;11;NA;"Impatiens";"glandulifera";2891770
9.573452;51.408652;5197923724;"CC_BY_NC_4_0";"";"HUMAN_OBSERVATION";2025;6;20;14;"Impatiens";"glandulifera";2891770
9.792777;50.444027;5197733564;"CC_BY_NC_4_0";"";"HUMAN_OBSERVATION";2025;6;20;5;"Impatiens";"glandulifera";2891770
9.702137;50.613556;5197549000;"CC_BY_NC_4_0";"";"HUMAN_OBSERVATION";2025;6;18;160;"Impatiens";"glandulifera";2891770
9.126587;50.184267;5188125597;"CC_BY_NC_4_0";"iNaturalist";"HUMAN_OBSERVATION";2025;6;10;113;"Impatiens";"glandulifera";2891770
8.684239;50.578078;5186738730;"CC_BY_NC_4_0";"";"HUMAN_OBSERVATION";2025;6;15;NA;"Impatiens";"glandulifera";2891770
9.008319;50.546753;5180726977;"CC_BY_NC_4_0";"";"HUMAN_OBSERVATION";2025;6;8;24;"Impatiens";"glandulifera";2891770
8.612541;51.297681;2647684841;"CC_BY_4_0";"";"HUMAN_OBSERVATION";2018;8;15;10;"Impatiens";"glandulifera";2891770
8.741831;50.335075;5177350397;"CC_BY_NC_4_0";"iNaturalist";"HUMAN_OBSERVATION";2024;8;6;4;"Impatiens";"glandulifera";2891770
8.752005;50.78118;3951532323;"CC_BY_4_0";"";"HUMAN_OBSERVATION";2017;9;28;1;"Impatiens";"glandulifera";2891770
8.608958;50.329852;5168044960;"CC_BY_NC_4_0";"iNaturalist";"HUMAN_OBSERVATION";2025;5;18;7;"Impatiens";"glandulifera";2891770
8.8047;49.761246;5167975303;"CC_BY_NC_4_0";"iNaturalist";"HUMAN_OBSERVATION";2025;5;15;8;"Impatiens";"glandulifera";2891770
8.766812;50.800157;3958239026;"CC_BY_4_0";"";"HUMAN_OBSERVATION";2021;9;1;60;"Impatiens";"glandulifera";2891770
8.75681;50.810181;5167226541;"CC_BY_NC_4_0";"iNaturalist";"HUMAN_OBSERVATION";2025;5;25;40;"Impatiens";"glandulifera";2891770
9.126068;50.292011;3998238595;"CC_BY_4_0";"";"HUMAN_OBSERVATION";2022;9;11;116;"Impatiens";"glandulifera";2891770
8.453433;50.182019;5164332215;"CC_BY_NC_4_0";"";"HUMAN_OBSERVATION";2025;5;23;4;"Impatiens";"glandulifera";2891770
8.250454;50.123708;4936708406;"CC_BY_NC_4_0";"iNaturalist";"HUMAN_OBSERVATION";2024;8;30;4;"Impatiens";"glandulifera";2891770
8.918178;50.461447;5154810865;"CC_BY_NC_4_0";"iNaturalist";"HUMAN_OBSERVATION";2025;5;8;130;"Impatiens";"glandulifera";2891770
8.963118;50.837235;5153349884;"CC_BY_NC_4_0";"iNaturalist";"HUMAN_OBSERVATION";2025;5;9;244;"Impatiens";"glandulifera";2891770
8.727065;50.128006;3338113308;"CC_BY_NC_4_0";"iNaturalist";"HUMAN_OBSERVATION";2021;8;18;NA;"Impatiens";"glandulifera";2891770
8.709519;50.79216;5135460922;"CC_BY_4_0";"NABU|naturgucker";"HUMAN_OBSERVATION";2024;9;22;250;"Impatiens";"glandulifera";2891770
8.607445;50.175358;5028367640;"CC_BY_4_0";"NABU|naturgucker";"HUMAN_OBSERVATION";2018;5;5;250;"Impatiens";"glandulifera";2891770
8.786336;49.800787;5134047714;"CC_BY_NC_4_0";"iNaturalist";"HUMAN_OBSERVATION";2025;4;4;NA;"Impatiens";"glandulifera";2891770
9.304222;51.25986;4931281069;"CC_BY_NC_4_0";"";"HUMAN_OBSERVATION";2024;6;29;4;"Impatiens";"glandulifera";2891770
9.765992;50.50507;5110490476;"CC_BY_4_0";"";"HUMAN_OBSERVATION";2024;9;27;NA;"Impatiens";"glandulifera";2891770
8.79931;49.548302;5110448555;"CC_BY_4_0";"";"HUMAN_OBSERVATION";2024;9;1;11;"Impatiens";"glandulifera";2891770
9.212247;50.202107;5110429739;"CC_BY_4_0";"";"HUMAN_OBSERVATION";2024;7;28;61;"Impatiens";"glandulifera";2891770
9.122362;51.167104;5110428147;"CC_BY_4_0";"";"HUMAN_OBSERVATION";2024;8;12;10;"Impatiens";"glandulifera";2891770
9.946122;50.606687;5110410175;"CC_BY_4_0";"";"HUMAN_OBSERVATION";2024;9;28;16;"Impatiens";"glandulifera";2891770
8.687395;49.921242;5110409161;"CC_BY_4_0";"";"HUMAN_OBSERVATION";2024;8;3;43;"Impatiens";"glandulifera";2891770
9.892831;50.944085;5110387086;"CC_BY_4_0";"";"HUMAN_OBSERVATION";2024;9;4;4;"Impatiens";"glandulifera";2891770
9.050543;50.192862;5110373570;"CC_BY_4_0";"";"HUMAN_OBSERVATION";2024;8;8;13;"Impatiens";"glandulifera";2891770
9.434925;50.648867;5110361748;"CC_BY_4_0";"";"HUMAN_OBSERVATION";2024;8;14;5;"Impatiens";"glandulifera";2891770
9.811502;50.981771;5110359093;"CC_BY_4_0";"";"HUMAN_OBSERVATION";2024;7;6;NA;"Impatiens";"glandulifera";2891770
8.54036;50.391422;5110352587;"CC_BY_4_0";"";"HUMAN_OBSERVATION";2024;7;8;17;"Impatiens";"glandulifera";2891770
8.96066;49.6121;5110345534;"CC_BY_4_0";"";"HUMAN_OBSERVATION";2024;7;25;19;"Impatiens";"glandulifera";2891770
8.389863;50.246033;4901735391;"CC_BY_NC_4_0";"iNaturalist";"HUMAN_OBSERVATION";2024;6;23;4;"Impatiens";"glandulifera";2891770
8.604918;50.361527;5110333620;"CC_BY_4_0";"";"HUMAN_OBSERVATION";2024;7;21;7;"Impatiens";"glandulifera";2891770
9.400074;51.367407;5110318444;"CC_BY_4_0";"";"HUMAN_OBSERVATION";2024;6;19;NA;"Impatiens";"glandulifera";2891770
9.014302;50.39277;5110313143;"CC_BY_4_0";"";"HUMAN_OBSERVATION";2024;7;28;4;"Impatiens";"glandulifera";2891770
9.575793;50.449944;5110263934;"CC_BY_4_0";"";"HUMAN_OBSERVATION";2024;10;4;NA;"Impatiens";"glandulifera";2891770
10.019515;50.631729;5110250726;"CC_BY_4_0";"";"HUMAN_OBSERVATION";2024;8;25;12;"Impatiens";"glandulifera";2891770
9.701667;51.223056;5110250354;"CC_BY_4_0";"";"HUMAN_OBSERVATION";2024;8;23;NA;"Impatiens";"glandulifera";2891770
8.94086;50.525165;5110144977;"CC_BY_4_0";"";"HUMAN_OBSERVATION";2024;7;31;NA;"Impatiens";"glandulifera";2891770
8.80874;50.532493;5110053420;"CC_BY_4_0";"";"HUMAN_OBSERVATION";2024;6;16;8;"Impatiens";"glandulifera";2891770
8.695759;50.11807;5109989217;"CC_BY_4_0";"";"HUMAN_OBSERVATION";2024;2;1;35;"Impatiens";"glandulifera";2891770
8.747171;49.988578;3959240917;"CC_BY_4_0";"";"HUMAN_OBSERVATION";2021;8;22;13;"Impatiens";"glandulifera";2891770
8.687378;49.973146;3958300014;"CC_BY_4_0";"";"HUMAN_OBSERVATION";2021;8;17;NA;"Impatiens";"glandulifera";2891770
9.825316;51.337152;5109876994;"CC_BY_4_0";"";"HUMAN_OBSERVATION";2023;9;9;7;"Impatiens";"glandulifera";2891770
9.497815;51.294048;5109869920;"CC_BY_4_0";"";"HUMAN_OBSERVATION";2023;8;18;5;"Impatiens";"glandulifera";2891770
10.010467;50.979475;5109868231;"CC_BY_4_0";"";"HUMAN_OBSERVATION";2023;8;28;6;"Impatiens";"glandulifera";2891770
8.327904;50.103499;3958493798;"CC_BY_4_0";"";"HUMAN_OBSERVATION";2022;7;23;11;"Impatiens";"glandulifera";2891770
9.107871;50.503988;5109820766;"CC_BY_4_0";"";"HUMAN_OBSERVATION";2023;8;24;16;"Impatiens";"glandulifera";2891770
9.388743;51.316214;5109820665;"CC_BY_4_0";"";"HUMAN_OBSERVATION";2023;8;23;26;"Impatiens";"glandulifera";2891770
8.982641;51.349278;5109796162;"CC_BY_4_0";"";"HUMAN_OBSERVATION";2023;7;30;33;"Impatiens";"glandulifera";2891770
8.588416;50.577007;5109766882;"CC_BY_4_0";"";"HUMAN_OBSERVATION";2023;9;18;NA;"Impatiens";"glandulifera";2891770
8.854848;49.621756;2976218971;"CC_BY_4_0";"";"HUMAN_OBSERVATION";2020;10;4;NA;"Impatiens";"glandulifera";2891770
8.674143;49.919853;5109746329;"CC_BY_4_0";"";"HUMAN_OBSERVATION";2023;9;16;4;"Impatiens";"glandulifera";2891770
9.217036;50.49897;5109743652;"CC_BY_4_0";"";"HUMAN_OBSERVATION";2023;9;25;12;"Impatiens";"glandulifera";2891770
9.782122;51.158692;5109727498;"CC_BY_4_0";"";"HUMAN_OBSERVATION";2023;9;5;4;"Impatiens";"glandulifera";2891770
8.717806;49.742742;5109690966;"CC_BY_4_0";"";"HUMAN_OBSERVATION";2023;7;30;3;"Impatiens";"glandulifera";2891770
8.778408;50.523118;5109682226;"CC_BY_4_0";"";"HUMAN_OBSERVATION";2023;8;9;13;"Impatiens";"glandulifera";2891770
8.573524;50.186276;3949020712;"CC_BY_4_0";"";"HUMAN_OBSERVATION";2020;7;14;NA;"Impatiens";"glandulifera";2891770
8.753711;49.809729;3949760404;"CC_BY_4_0";"";"HUMAN_OBSERVATION";2021;8;24;5;"Impatiens";"glandulifera";2891770
8.665715;49.833607;5109453245;"CC_BY_4_0";"";"HUMAN_OBSERVATION";2021;8;8;2;"Impatiens";"glandulifera";2891770
9.869465;51.349528;5109438598;"CC_BY_4_0";"";"HUMAN_OBSERVATION";2022;9;29;5;"Impatiens";"glandulifera";2891770
9.725085;50.991501;5109410633;"CC_BY_4_0";"";"HUMAN_OBSERVATION";2022;8;20;NA;"Impatiens";"glandulifera";2891770
9.127881;50.395925;5109406856;"CC_BY_4_0";"";"HUMAN_OBSERVATION";2021;9;2;4;"Impatiens";"glandulifera";2891770
8.773225;50.518856;4459381964;"CC_BY_NC_4_0";"";"HUMAN_OBSERVATION";2023;7;16;NA;"Impatiens";"glandulifera";2891770
8.82043;50.092663;5109344177;"CC_BY_4_0";"";"HUMAN_OBSERVATION";2022;8;28;NA;"Impatiens";"glandulifera";2891770
8.848438;50.10266;3384677975;"CC_BY_NC_4_0";"iNaturalist";"HUMAN_OBSERVATION";2021;9;14;15;"Impatiens";"glandulifera";2891770
8.145919;50.080561;5109340265;"CC_BY_4_0";"";"HUMAN_OBSERVATION";2022;6;13;NA;"Impatiens";"glandulifera";2891770
9.552125;50.455026;5109310708;"CC_BY_4_0";"";"HUMAN_OBSERVATION";2022;7;1;6;"Impatiens";"glandulifera";2891770
9.356538;51.306061;4931177381;"CC_BY_NC_4_0";"";"HUMAN_OBSERVATION";2024;6;30;13;"Impatiens";"glandulifera";2891770
9.502046;51.443614;5109239084;"CC_BY_4_0";"";"HUMAN_OBSERVATION";2021;9;28;16;"Impatiens";"glandulifera";2891770
9.723889;50.826111;5109226023;"CC_BY_4_0";"";"HUMAN_OBSERVATION";2021;8;4;NA;"Impatiens";"glandulifera";2891770
8.837818;49.816363;5108408630;"CC_BY_NC_4_0";"iNaturalist";"HUMAN_OBSERVATION";2025;3;31;5;"Impatiens";"glandulifera";2891770
9.198587;50.838009;5104657153;"CC_BY_NC_4_0";"iNaturalist";"HUMAN_OBSERVATION";2024;9;14;25;"Impatiens";"glandulifera";2891770
9.375562;51.3208;5086425705;"CC_BY_NC_4_0";"";"HUMAN_OBSERVATION";2024;8;20;NA;"Impatiens";"glandulifera";2891770
9.116764;50.378284;5028581537;"CC_BY_4_0";"NABU|naturgucker";"HUMAN_OBSERVATION";2013;5;28;250;"Impatiens";"glandulifera";2891770
8.857155;49.989718;2649373365;"CC_BY_4_0";"";"HUMAN_OBSERVATION";2019;9;27;6;"Impatiens";"glandulifera";2891770
8.6168;50.17173;5026713998;"CC_BY_4_0";"NABU|naturgucker";"HUMAN_OBSERVATION";2018;7;13;250;"Impatiens";"glandulifera";2891770
8.651218;50.161934;5028495141;"CC_BY_4_0";"NABU|naturgucker";"HUMAN_OBSERVATION";2014;6;17;250;"Impatiens";"glandulifera";2891770
8.457375;49.823872;5028482302;"CC_BY_4_0";"NABU|naturgucker";"HUMAN_OBSERVATION";2018;7;14;250;"Impatiens";"glandulifera";2891770
8.681645;50.189732;5028458904;"CC_BY_4_0";"NABU|naturgucker";"HUMAN_OBSERVATION";2013;8;2;250;"Impatiens";"glandulifera";2891770
8.204041;50.412235;5028449768;"CC_BY_4_0";"NABU|naturgucker";"HUMAN_OBSERVATION";2016;7;22;250;"Impatiens";"glandulifera";2891770
8.875235;50.820442;5028440651;"CC_BY_4_0";"NABU|naturgucker";"HUMAN_OBSERVATION";2018;6;28;25;"Impatiens";"glandulifera";2891770
8.72825;49.959613;3859813193;"CC_BY_NC_4_0";"iNaturalist";"HUMAN_OBSERVATION";2022;6;3;4;"Impatiens";"glandulifera";2891770
9.048185;51.072308;5028412565;"CC_BY_4_0";"NABU|naturgucker";"HUMAN_OBSERVATION";2010;10;3;250;"Impatiens";"glandulifera";2891770
8.553187;50.000864;3998901844;"CC_BY_4_0";"";"HUMAN_OBSERVATION";2022;8;23;8;"Impatiens";"glandulifera";2891770
8.618266;49.762837;3956063932;"CC_BY_4_0";"";"HUMAN_OBSERVATION";2018;7;16;24;"Impatiens";"glandulifera";2891770
8.773688;51.053284;5028363288;"CC_BY_4_0";"NABU|naturgucker";"HUMAN_OBSERVATION";2013;8;3;250;"Impatiens";"glandulifera";2891770
8.900592;51.088333;5028354670;"CC_BY_4_0";"NABU|naturgucker";"HUMAN_OBSERVATION";2013;8;20;250;"Impatiens";"glandulifera";2891770
8.576889;49.7658;5028338451;"CC_BY_4_0";"NABU|naturgucker";"HUMAN_OBSERVATION";2018;8;5;250;"Impatiens";"glandulifera";2891770
8.624018;49.673889;5028336638;"CC_BY_4_0";"NABU|naturgucker";"HUMAN_OBSERVATION";2019;9;2;250;"Impatiens";"glandulifera";2891770
8.528953;50.192341;5028332032;"CC_BY_4_0";"NABU|naturgucker";"HUMAN_OBSERVATION";2018;7;18;250;"Impatiens";"glandulifera";2891770
9.180303;50.339993;5028326784;"CC_BY_4_0";"NABU|naturgucker";"HUMAN_OBSERVATION";2018;1;30;250;"Impatiens";"glandulifera";2891770
8.226056;50.414307;5014085161;"CC_BY_4_0";"NABU|naturgucker";"HUMAN_OBSERVATION";2014;7;26;25;"Impatiens";"glandulifera";2891770
9.318405;50.49025;5028192664;"CC_BY_4_0";"NABU|naturgucker";"HUMAN_OBSERVATION";2021;8;21;250;"Impatiens";"glandulifera";2891770
7.963878;50.133709;5028165744;"CC_BY_4_0";"NABU|naturgucker";"HUMAN_OBSERVATION";2020;9;15;250;"Impatiens";"glandulifera";2891770
8.223825;50.421658;5028157484;"CC_BY_4_0";"NABU|naturgucker";"HUMAN_OBSERVATION";2017;10;15;250;"Impatiens";"glandulifera";2891770
8.902824;50.425037;5028156887;"CC_BY_4_0";"NABU|naturgucker";"HUMAN_OBSERVATION";2016;7;27;250;"Impatiens";"glandulifera";2891770
8.450578;49.830639;5028144345;"CC_BY_4_0";"NABU|naturgucker";"HUMAN_OBSERVATION";2012;8;12;250;"Impatiens";"glandulifera";2891770
8.087421;50.053692;5028141022;"CC_BY_4_0";"NABU|naturgucker";"HUMAN_OBSERVATION";2018;7;11;250;"Impatiens";"glandulifera";2891770
8.681174;50.175445;4931300916;"CC_BY_NC_4_0";"";"HUMAN_OBSERVATION";2024;7;8;4;"Impatiens";"glandulifera";2891770
8.857636;50.86824;5028114915;"CC_BY_4_0";"NABU|naturgucker";"HUMAN_OBSERVATION";2018;8;18;250;"Impatiens";"glandulifera";2891770
8.820648;51.078629;5028109592;"CC_BY_4_0";"NABU|naturgucker";"HUMAN_OBSERVATION";2012;7;9;250;"Impatiens";"glandulifera";2891770
8.952521;50.76942;3957496374;"CC_BY_4_0";"";"HUMAN_OBSERVATION";2021;7;26;10;"Impatiens";"glandulifera";2891770
9.039213;50.610844;5028053824;"CC_BY_4_0";"NABU|naturgucker";"HUMAN_OBSERVATION";2018;6;17;25;"Impatiens";"glandulifera";2891770
9.570833;51.271667;5028045644;"CC_BY_4_0";"NABU|naturgucker";"HUMAN_OBSERVATION";2012;6;12;250;"Impatiens";"glandulifera";2891770
9.357991;50.455467;5028035082;"CC_BY_4_0";"NABU|naturgucker";"HUMAN_OBSERVATION";2015;7;29;250;"Impatiens";"glandulifera";2891770
8.972408;50.078564;5028011186;"CC_BY_4_0";"NABU|naturgucker";"HUMAN_OBSERVATION";2016;10;5;250;"Impatiens";"glandulifera";2891770
8.599935;49.973331;5027966309;"CC_BY_4_0";"NABU|naturgucker";"HUMAN_OBSERVATION";2021;7;7;250;"Impatiens";"glandulifera";2891770
8.859177;49.989132;5027963047;"CC_BY_4_0";"NABU|naturgucker";"HUMAN_OBSERVATION";2016;7;12;25;"Impatiens";"glandulifera";2891770
8.4884;49.956451;5027937982;"CC_BY_4_0";"NABU|naturgucker";"HUMAN_OBSERVATION";2024;8;23;25;"Impatiens";"glandulifera";2891770
8.57919;49.726025;5027933635;"CC_BY_4_0";"NABU|naturgucker";"HUMAN_OBSERVATION";2018;8;20;250;"Impatiens";"glandulifera";2891770
9.785267;50.655853;5027918211;"CC_BY_4_0";"NABU|naturgucker";"HUMAN_OBSERVATION";2024;6;30;250;"Impatiens";"glandulifera";2891770
8.955574;50.753117;5017239558;"CC_BY_4_0";"NABU|naturgucker";"HUMAN_OBSERVATION";2011;10;23;250;"Impatiens";"glandulifera";2891770
9.594498;50.901085;5027809748;"CC_BY_4_0";"NABU|naturgucker";"HUMAN_OBSERVATION";2018;7;1;250;"Impatiens";"glandulifera";2891770
8.971492;51.106098;5027807173;"CC_BY_4_0";"NABU|naturgucker";"HUMAN_OBSERVATION";2012;7;24;250;"Impatiens";"glandulifera";2891770
8.950701;50.760063;5027787920;"CC_BY_4_0";"NABU|naturgucker";"HUMAN_OBSERVATION";2012;8;25;250;"Impatiens";"glandulifera";2891770
8.835583;49.756752;5027777263;"CC_BY_4_0";"NABU|naturgucker";"HUMAN_OBSERVATION";2020;6;27;250;"Impatiens";"glandulifera";2891770
9.269297;50.81601;5027775954;"CC_BY_4_0";"NABU|naturgucker";"HUMAN_OBSERVATION";2020;7;25;250;"Impatiens";"glandulifera";2891770
8.872705;51.128201;5027768713;"CC_BY_4_0";"NABU|naturgucker";"HUMAN_OBSERVATION";2012;7;15;250;"Impatiens";"glandulifera";2891770
8.853857;49.85418;3953328188;"CC_BY_4_0";"";"HUMAN_OBSERVATION";2021;7;28;19;"Impatiens";"glandulifera";2891770
8.889656;51.170734;5027717942;"CC_BY_4_0";"NABU|naturgucker";"HUMAN_OBSERVATION";2011;8;18;250;"Impatiens";"glandulifera";2891770
8.399906;49.817081;5027708073;"CC_BY_4_0";"NABU|naturgucker";"HUMAN_OBSERVATION";2014;6;30;250;"Impatiens";"glandulifera";2891770
8.962902;50.764984;5027661143;"CC_BY_4_0";"NABU|naturgucker";"HUMAN_OBSERVATION";2009;7;3;250;"Impatiens";"glandulifera";2891770
8.96938;50.816875;5027659782;"CC_BY_4_0";"NABU|naturgucker";"HUMAN_OBSERVATION";2018;7;26;25;"Impatiens";"glandulifera";2891770
9.601429;50.517986;5027658857;"CC_BY_4_0";"NABU|naturgucker";"HUMAN_OBSERVATION";2024;8;20;250;"Impatiens";"glandulifera";2891770
8.847829;49.999321;5027652421;"CC_BY_4_0";"NABU|naturgucker";"HUMAN_OBSERVATION";2018;6;30;250;"Impatiens";"glandulifera";2891770
8.642536;50.167825;3998642483;"CC_BY_4_0";"";"HUMAN_OBSERVATION";2022;10;22;NA;"Impatiens";"glandulifera";2891770
8.546638;49.7164;5027598497;"CC_BY_4_0";"NABU|naturgucker";"HUMAN_OBSERVATION";2022;9;17;250;"Impatiens";"glandulifera";2891770
8.658707;50.177235;5027536011;"CC_BY_4_0";"NABU|naturgucker";"HUMAN_OBSERVATION";2015;7;24;250;"Impatiens";"glandulifera";2891770
8.683319;50.195366;5027519369;"CC_BY_4_0";"NABU|naturgucker";"HUMAN_OBSERVATION";2017;4;13;250;"Impatiens";"glandulifera";2891770
9.495159;51.166317;5027480140;"CC_BY_4_0";"NABU|naturgucker";"HUMAN_OBSERVATION";2024;7;25;250;"Impatiens";"glandulifera";2891770
8.646327;50.854;5027468345;"CC_BY_4_0";"NABU|naturgucker";"HUMAN_OBSERVATION";2016;9;16;250;"Impatiens";"glandulifera";2891770
8.809823;51.04673;5027440525;"CC_BY_4_0";"NABU|naturgucker";"HUMAN_OBSERVATION";2011;8;6;250;"Impatiens";"glandulifera";2891770
8.388748;50.564911;5027367536;"CC_BY_4_0";"NABU|naturgucker";"HUMAN_OBSERVATION";2017;8;7;250;"Impatiens";"glandulifera";2891770
9.06275;50.632885;5017362125;"CC_BY_4_0";"NABU|naturgucker";"HUMAN_OBSERVATION";2011;6;19;250;"Impatiens";"glandulifera";2891770
8.942577;50.085014;5027263893;"CC_BY_4_0";"NABU|naturgucker";"HUMAN_OBSERVATION";2018;8;7;25;"Impatiens";"glandulifera";2891770
9.139681;51.16449;5027246385;"CC_BY_4_0";"NABU|naturgucker";"HUMAN_OBSERVATION";2012;8;13;250;"Impatiens";"glandulifera";2891770
8.466091;50.081711;3951875409;"CC_BY_4_0";"";"HUMAN_OBSERVATION";2021;9;2;10;"Impatiens";"glandulifera";2891770
8.563585;50.322998;5027160453;"CC_BY_4_0";"NABU|naturgucker";"HUMAN_OBSERVATION";2013;10;7;250;"Impatiens";"glandulifera";2891770
8.426256;49.814728;5027158999;"CC_BY_4_0";"NABU|naturgucker";"HUMAN_OBSERVATION";2022;6;18;250;"Impatiens";"glandulifera";2891770
8.509169;49.979488;5027101817;"CC_BY_4_0";"NABU|naturgucker";"HUMAN_OBSERVATION";2010;7;28;250;"Impatiens";"glandulifera";2891770
9.065809;50.609703;5027017101;"CC_BY_4_0";"NABU|naturgucker";"HUMAN_OBSERVATION";2012;8;18;250;"Impatiens";"glandulifera";2891770
9.009638;50.411942;5026965475;"CC_BY_4_0";"NABU|naturgucker";"HUMAN_OBSERVATION";2015;7;18;250;"Impatiens";"glandulifera";2891770
8.70015;49.918944;3955415227;"CC_BY_4_0";"";"HUMAN_OBSERVATION";2021;10;3;NA;"Impatiens";"glandulifera";2891770
9.064064;51.162121;5026902892;"CC_BY_4_0";"NABU|naturgucker";"HUMAN_OBSERVATION";2010;8;19;250;"Impatiens";"glandulifera";2891770
8.631821;49.977058;5026867833;"CC_BY_4_0";"NABU|naturgucker";"HUMAN_OBSERVATION";2016;8;31;250;"Impatiens";"glandulifera";2891770
8.756554;50.771301;5026854742;"CC_BY_4_0";"NABU|naturgucker";"HUMAN_OBSERVATION";2023;9;2;250;"Impatiens";"glandulifera";2891770
9.867668;51.406506;5026812917;"CC_BY_4_0";"NABU|naturgucker";"HUMAN_OBSERVATION";2016;7;15;25;"Impatiens";"glandulifera";2891770
8.213889;50.393402;5026801199;"CC_BY_4_0";"NABU|naturgucker";"HUMAN_OBSERVATION";2021;7;25;250;"Impatiens";"glandulifera";2891770
8.873975;50.473801;5026783398;"CC_BY_4_0";"NABU|naturgucker";"HUMAN_OBSERVATION";2012;7;23;250;"Impatiens";"glandulifera";2891770
9.588146;50.894047;5026769236;"CC_BY_4_0";"NABU|naturgucker";"HUMAN_OBSERVATION";2013;7;19;250;"Impatiens";"glandulifera";2891770
9.053421;51.081097;5026762615;"CC_BY_4_0";"NABU|naturgucker";"HUMAN_OBSERVATION";2013;7;15;250;"Impatiens";"glandulifera";2891770
8.290129;50.522758;5026736335;"CC_BY_4_0";"NABU|naturgucker";"HUMAN_OBSERVATION";2014;7;17;250;"Impatiens";"glandulifera";2891770
9.221787;50.487957;5026714006;"CC_BY_4_0";"NABU|naturgucker";"HUMAN_OBSERVATION";2021;8;15;250;"Impatiens";"glandulifera";2891770
8.913614;50.781227;5026684207;"CC_BY_4_0";"NABU|naturgucker";"HUMAN_OBSERVATION";2011;5;14;250;"Impatiens";"glandulifera";2891770
9.041362;50.16468;5026605160;"CC_BY_4_0";"NABU|naturgucker";"HUMAN_OBSERVATION";2015;10;7;250;"Impatiens";"glandulifera";2891770
9.09565;50.453537;5026596683;"CC_BY_4_0";"NABU|naturgucker";"HUMAN_OBSERVATION";2021;8;6;250;"Impatiens";"glandulifera";2891770
8.551484;50.328922;5026572972;"CC_BY_4_0";"NABU|naturgucker";"HUMAN_OBSERVATION";2015;7;22;250;"Impatiens";"glandulifera";2891770
8.460554;49.820133;5026566183;"CC_BY_4_0";"NABU|naturgucker";"HUMAN_OBSERVATION";2017;8;16;250;"Impatiens";"glandulifera";2891770
8.498955;50.157986;5026533004;"CC_BY_4_0";"NABU|naturgucker";"HUMAN_OBSERVATION";2021;7;24;250;"Impatiens";"glandulifera";2891770
8.685124;50.84433;5026521989;"CC_BY_4_0";"NABU|naturgucker";"HUMAN_OBSERVATION";2018;7;23;250;"Impatiens";"glandulifera";2891770
9.058049;51.3617;3997623048;"CC_BY_NC_4_0";"";"HUMAN_OBSERVATION";2022;9;18;NA;"Impatiens";"glandulifera";2891770
9.353518;51.202637;5026366572;"CC_BY_4_0";"NABU|naturgucker";"HUMAN_OBSERVATION";2023;11;16;250;"Impatiens";"glandulifera";2891770
8.457842;49.935326;5026299188;"CC_BY_4_0";"NABU|naturgucker";"HUMAN_OBSERVATION";2021;7;24;250;"Impatiens";"glandulifera";2891770
8.646584;50.154373;5026263347;"CC_BY_4_0";"NABU|naturgucker";"HUMAN_OBSERVATION";2016;8;4;250;"Impatiens";"glandulifera";2891770
9.992495;50.639557;5026223948;"CC_BY_4_0";"NABU|naturgucker";"HUMAN_OBSERVATION";2013;7;29;250;"Impatiens";"glandulifera";2891770
8.23333;50.404797;5026214147;"CC_BY_4_0";"NABU|naturgucker";"HUMAN_OBSERVATION";2014;9;27;25;"Impatiens";"glandulifera";2891770
8.759689;50.795892;4919625661;"CC_BY_NC_4_0";"iNaturalist";"HUMAN_OBSERVATION";2024;7;30;32;"Impatiens";"glandulifera";2891770
9.106979;50.489407;5026174404;"CC_BY_4_0";"NABU|naturgucker";"HUMAN_OBSERVATION";2021;8;12;250;"Impatiens";"glandulifera";2891770
8.443594;49.837982;5026143655;"CC_BY_4_0";"NABU|naturgucker";"HUMAN_OBSERVATION";2012;10;20;250;"Impatiens";"glandulifera";2891770
8.475972;49.947506;5026136926;"CC_BY_4_0";"NABU|naturgucker";"HUMAN_OBSERVATION";2021;9;13;25;"Impatiens";"glandulifera";2891770
8.544369;49.721142;3956432201;"CC_BY_4_0";"";"HUMAN_OBSERVATION";2021;8;24;NA;"Impatiens";"glandulifera";2891770
8.948702;50.548904;5026014963;"CC_BY_4_0";"NABU|naturgucker";"HUMAN_OBSERVATION";2017;9;16;250;"Impatiens";"glandulifera";2891770
9.278409;50.74532;3953533554;"CC_BY_4_0";"";"HUMAN_OBSERVATION";2020;9;13;32;"Impatiens";"glandulifera";2891770
8.768163;49.572598;5026004944;"CC_BY_4_0";"NABU|naturgucker";"HUMAN_OBSERVATION";2016;5;26;250;"Impatiens";"glandulifera";2891770
8.518674;49.822315;5019560117;"CC_BY_4_0";"NABU|naturgucker";"HUMAN_OBSERVATION";2010;8;21;25;"Impatiens";"glandulifera";2891770
9.12333;50.387344;5025907257;"CC_BY_4_0";"NABU|naturgucker";"HUMAN_OBSERVATION";2011;5;12;250;"Impatiens";"glandulifera";2891770
8.589635;50.109596;5025904923;"CC_BY_4_0";"NABU|naturgucker";"HUMAN_OBSERVATION";2010;7;26;250;"Impatiens";"glandulifera";2891770
9.290576;50.923748;5025901857;"CC_BY_4_0";"NABU|naturgucker";"HUMAN_OBSERVATION";2020;9;18;250;"Impatiens";"glandulifera";2891770
9.497344;51.141582;5025882540;"CC_BY_4_0";"NABU|naturgucker";"HUMAN_OBSERVATION";2022;7;4;250;"Impatiens";"glandulifera";2891770
8.639727;49.938705;5025855230;"CC_BY_4_0";"NABU|naturgucker";"HUMAN_OBSERVATION";2012;9;27;250;"Impatiens";"glandulifera";2891770
8.411021;50.16843;5025835786;"CC_BY_4_0";"NABU|naturgucker";"HUMAN_OBSERVATION";2016;7;31;250;"Impatiens";"glandulifera";2891770
9.085522;51.167557;5025788496;"CC_BY_4_0";"NABU|naturgucker";"HUMAN_OBSERVATION";2019;8;8;250;"Impatiens";"glandulifera";2891770
9.14114;50.401791;5025735911;"CC_BY_4_0";"NABU|naturgucker";"HUMAN_OBSERVATION";2013;6;17;250;"Impatiens";"glandulifera";2891770
9.205057;51.13113;5025722445;"CC_BY_4_0";"NABU|naturgucker";"HUMAN_OBSERVATION";2012;8;13;250;"Impatiens";"glandulifera";2891770
8.520547;49.835648;5023969985;"CC_BY_4_0";"NABU|naturgucker";"HUMAN_OBSERVATION";2020;7;3;25;"Impatiens";"glandulifera";2891770
8.887081;51.202419;5025575806;"CC_BY_4_0";"NABU|naturgucker";"HUMAN_OBSERVATION";2012;7;15;250;"Impatiens";"glandulifera";2891770
8.530669;49.802681;5025490897;"CC_BY_4_0";"NABU|naturgucker";"HUMAN_OBSERVATION";2013;9;15;250;"Impatiens";"glandulifera";2891770
8.37405;50.323814;5025486527;"CC_BY_4_0";"NABU|naturgucker";"HUMAN_OBSERVATION";2020;8;16;250;"Impatiens";"glandulifera";2891770
9.282568;50.754894;5025482426;"CC_BY_4_0";"NABU|naturgucker";"HUMAN_OBSERVATION";2018;9;5;250;"Impatiens";"glandulifera";2891770
8.890686;49.930672;5025460305;"CC_BY_4_0";"NABU|naturgucker";"HUMAN_OBSERVATION";2013;10;6;250;"Impatiens";"glandulifera";2891770
8.390293;49.824142;5025432674;"CC_BY_4_0";"NABU|naturgucker";"HUMAN_OBSERVATION";2019;6;5;250;"Impatiens";"glandulifera";2891770
8.945022;50.081718;5025394631;"CC_BY_4_0";"NABU|naturgucker";"HUMAN_OBSERVATION";2013;11;4;250;"Impatiens";"glandulifera";2891770
8.620161;49.715343;5025377635;"CC_BY_4_0";"NABU|naturgucker";"HUMAN_OBSERVATION";2021;8;20;250;"Impatiens";"glandulifera";2891770
9.670029;51.313545;5025372821;"CC_BY_4_0";"NABU|naturgucker";"HUMAN_OBSERVATION";2017;8;27;250;"Impatiens";"glandulifera";2891770
9.636662;51.280392;5025365889;"CC_BY_4_0";"NABU|naturgucker";"HUMAN_OBSERVATION";2023;7;26;250;"Impatiens";"glandulifera";2891770
9.024493;50.872849;5025344332;"CC_BY_4_0";"NABU|naturgucker";"HUMAN_OBSERVATION";2019;8;9;250;"Impatiens";"glandulifera";2891770
8.384972;49.862225;5025337232;"CC_BY_4_0";"NABU|naturgucker";"HUMAN_OBSERVATION";2015;9;20;250;"Impatiens";"glandulifera";2891770
9.037886;50.346046;3951412161;"CC_BY_4_0";"";"HUMAN_OBSERVATION";2021;9;13;24;"Impatiens";"glandulifera";2891770
8.522301;49.960167;5025315140;"CC_BY_4_0";"NABU|naturgucker";"HUMAN_OBSERVATION";2011;8;6;250;"Impatiens";"glandulifera";2891770
8.711251;50.729996;5025308814;"CC_BY_4_0";"NABU|naturgucker";"HUMAN_OBSERVATION";2022;7;31;25;"Impatiens";"glandulifera";2891770
8.672173;49.752026;5025253661;"CC_BY_4_0";"NABU|naturgucker";"HUMAN_OBSERVATION";2021;7;28;250;"Impatiens";"glandulifera";2891770
10.005653;50.624516;5025247038;"CC_BY_4_0";"NABU|naturgucker";"HUMAN_OBSERVATION";2021;8;18;250;"Impatiens";"glandulifera";2891770
8.818717;49.741592;5025239217;"CC_BY_4_0";"NABU|naturgucker";"HUMAN_OBSERVATION";2016;7;18;250;"Impatiens";"glandulifera";2891770
8.210557;50.406734;5020712318;"CC_BY_4_0";"NABU|naturgucker";"HUMAN_OBSERVATION";2014;9;10;25;"Impatiens";"glandulifera";2891770
8.877425;49.979431;5025114463;"CC_BY_4_0";"NABU|naturgucker";"HUMAN_OBSERVATION";2013;7;9;250;"Impatiens";"glandulifera";2891770
8.656079;50.853596;5025113300;"CC_BY_4_0";"NABU|naturgucker";"HUMAN_OBSERVATION";2017;7;15;250;"Impatiens";"glandulifera";2891770
8.541301;49.716923;5025077527;"CC_BY_4_0";"NABU|naturgucker";"HUMAN_OBSERVATION";2010;9;6;25;"Impatiens";"glandulifera";2891770
8.72836;51.031883;5025070485;"CC_BY_4_0";"NABU|naturgucker";"HUMAN_OBSERVATION";2013;7;14;250;"Impatiens";"glandulifera";2891770
8.708553;49.962376;5025035260;"CC_BY_4_0";"NABU|naturgucker";"HUMAN_OBSERVATION";2011;8;7;250;"Impatiens";"glandulifera";2891770
9.979019;50.4716;5025021765;"CC_BY_4_0";"NABU|naturgucker";"HUMAN_OBSERVATION";2015;9;24;250;"Impatiens";"glandulifera";2891770
8.719025;49.99472;5025020469;"CC_BY_4_0";"NABU|naturgucker";"HUMAN_OBSERVATION";2012;8;7;250;"Impatiens";"glandulifera";2891770
8.395919;49.816338;5025020362;"CC_BY_4_0";"NABU|naturgucker";"HUMAN_OBSERVATION";2021;9;17;25;"Impatiens";"glandulifera";2891770
8.547389;50.31926;5024984887;"CC_BY_4_0";"NABU|naturgucker";"HUMAN_OBSERVATION";2014;6;11;250;"Impatiens";"glandulifera";2891770
8.458577;50.552895;5024930243;"CC_BY_4_0";"NABU|naturgucker";"HUMAN_OBSERVATION";2013;8;7;250;"Impatiens";"glandulifera";2891770
8.835761;49.988586;5015564316;"CC_BY_4_0";"NABU|naturgucker";"HUMAN_OBSERVATION";2018;7;17;25;"Impatiens";"glandulifera";2891770
8.346053;49.885406;5024918570;"CC_BY_4_0";"NABU|naturgucker";"HUMAN_OBSERVATION";2012;9;3;250;"Impatiens";"glandulifera";2891770
8.62724;50.327019;5024805000;"CC_BY_4_0";"NABU|naturgucker";"HUMAN_OBSERVATION";2014;6;28;250;"Impatiens";"glandulifera";2891770
8.760213;50.844261;1913178897;"CC0_1_0";"iNaturalist";"HUMAN_OBSERVATION";2018;9;5;NA;"Impatiens";"glandulifera";2891770
8.786271;49.762619;164176963;"CC_BY_4_0";"GEO";"HUMAN_OBSERVATION";2004;6;12;NA;"Impatiens";"glandulifera";2891770
8.97377;51.077915;5024730967;"CC_BY_4_0";"NABU|naturgucker";"HUMAN_OBSERVATION";2011;7;2;250;"Impatiens";"glandulifera";2891770
9.124894;50.386681;3954172484;"CC_BY_4_0";"";"HUMAN_OBSERVATION";2021;8;23;NA;"Impatiens";"glandulifera";2891770
8.578262;50.110561;5024650345;"CC_BY_4_0";"NABU|naturgucker";"HUMAN_OBSERVATION";2012;8;5;250;"Impatiens";"glandulifera";2891770
8.854551;50.004154;5024597041;"CC_BY_4_0";"NABU|naturgucker";"HUMAN_OBSERVATION";2017;10;17;250;"Impatiens";"glandulifera";2891770
8.938065;50.351704;5024586161;"CC_BY_4_0";"NABU|naturgucker";"HUMAN_OBSERVATION";2015;8;9;250;"Impatiens";"glandulifera";2891770
8.672222;50.079865;3951969317;"CC_BY_4_0";"";"HUMAN_OBSERVATION";2021;8;19;48;"Impatiens";"glandulifera";2891770
8.962955;51.091717;5024465583;"CC_BY_4_0";"NABU|naturgucker";"HUMAN_OBSERVATION";2011;7;8;250;"Impatiens";"glandulifera";2891770
9.023947;50.774303;5024281987;"CC_BY_4_0";"NABU|naturgucker";"HUMAN_OBSERVATION";2011;12;16;250;"Impatiens";"glandulifera";2891770
8.420803;49.803787;5024202267;"CC_BY_4_0";"NABU|naturgucker";"HUMAN_OBSERVATION";2020;8;5;25;"Impatiens";"glandulifera";2891770
9.14814;50.315659;5024187896;"CC_BY_4_0";"NABU|naturgucker";"HUMAN_OBSERVATION";2011;6;2;250;"Impatiens";"glandulifera";2891770
8.942077;50.199581;5024183234;"CC_BY_4_0";"NABU|naturgucker";"HUMAN_OBSERVATION";2009;7;22;250;"Impatiens";"glandulifera";2891770
8.584837;51.017739;3998943841;"CC_BY_4_0";"";"HUMAN_OBSERVATION";2022;8;27;25;"Impatiens";"glandulifera";2891770
8.374051;50.123837;5024166139;"CC_BY_4_0";"NABU|naturgucker";"HUMAN_OBSERVATION";2020;9;4;250;"Impatiens";"glandulifera";2891770
9.043833;50.349228;5024135762;"CC_BY_4_0";"NABU|naturgucker";"HUMAN_OBSERVATION";2020;9;1;250;"Impatiens";"glandulifera";2891770
8.658772;49.680958;5024122180;"CC_BY_4_0";"NABU|naturgucker";"HUMAN_OBSERVATION";2016;7;17;250;"Impatiens";"glandulifera";2891770
8.907072;51.177341;5024118926;"CC_BY_4_0";"NABU|naturgucker";"HUMAN_OBSERVATION";2013;8;19;250;"Impatiens";"glandulifera";2891770
8.919697;50.181725;5024076707;"CC_BY_4_0";"NABU|naturgucker";"HUMAN_OBSERVATION";2014;10;1;250;"Impatiens";"glandulifera";2891770
8.612817;51.029049;3954704309;"CC_BY_4_0";"";"HUMAN_OBSERVATION";2021;8;30;NA;"Impatiens";"glandulifera";2891770
8.611951;51.033745;5024032036;"CC_BY_4_0";"NABU|naturgucker";"HUMAN_OBSERVATION";2013;7;29;250;"Impatiens";"glandulifera";2891770
8.567791;49.838978;5023985466;"CC_BY_4_0";"NABU|naturgucker";"HUMAN_OBSERVATION";2019;7;21;250;"Impatiens";"glandulifera";2891770
9.038143;51.137238;5023886921;"CC_BY_4_0";"NABU|naturgucker";"HUMAN_OBSERVATION";2012;7;24;250;"Impatiens";"glandulifera";2891770
8.684239;50.22403;5023780472;"CC_BY_4_0";"NABU|naturgucker";"HUMAN_OBSERVATION";2022;9;6;25;"Impatiens";"glandulifera";2891770
8.507047;50.056447;3954649625;"CC_BY_4_0";"";"HUMAN_OBSERVATION";2021;8;26;NA;"Impatiens";"glandulifera";2891770
9.179893;51.136276;5023726903;"CC_BY_4_0";"NABU|naturgucker";"HUMAN_OBSERVATION";2012;8;13;250;"Impatiens";"glandulifera";2891770
8.714561;51.026279;5023689337;"CC_BY_4_0";"NABU|naturgucker";"HUMAN_OBSERVATION";2012;7;9;250;"Impatiens";"glandulifera";2891770
9.002609;50.537598;5023626736;"CC_BY_4_0";"NABU|naturgucker";"HUMAN_OBSERVATION";2015;7;17;250;"Impatiens";"glandulifera";2891770
8.698082;49.952103;5023609277;"CC_BY_4_0";"NABU|naturgucker";"HUMAN_OBSERVATION";2016;8;29;250;"Impatiens";"glandulifera";2891770
9.972839;50.442665;5023534969;"CC_BY_4_0";"NABU|naturgucker";"HUMAN_OBSERVATION";2015;9;21;250;"Impatiens";"glandulifera";2891770
8.541956;49.821705;5023487422;"CC_BY_4_0";"NABU|naturgucker";"HUMAN_OBSERVATION";2020;4;19;250;"Impatiens";"glandulifera";2891770
8.838201;49.994194;5023359314;"CC_BY_4_0";"NABU|naturgucker";"HUMAN_OBSERVATION";2014;9;7;250;"Impatiens";"glandulifera";2891770
8.445085;50.084248;5023353954;"CC_BY_4_0";"NABU|naturgucker";"HUMAN_OBSERVATION";2019;7;30;250;"Impatiens";"glandulifera";2891770
8.985704;50.281563;5023318577;"CC_BY_4_0";"NABU|naturgucker";"HUMAN_OBSERVATION";2014;10;15;250;"Impatiens";"glandulifera";2891770
8.425484;49.605148;5023306117;"CC_BY_4_0";"NABU|naturgucker";"HUMAN_OBSERVATION";2012;3;25;250;"Impatiens";"glandulifera";2891770
8.537187;49.988964;5023284184;"CC_BY_4_0";"NABU|naturgucker";"HUMAN_OBSERVATION";2009;8;3;250;"Impatiens";"glandulifera";2891770
9.055204;50.456005;5023241155;"CC_BY_4_0";"NABU|naturgucker";"HUMAN_OBSERVATION";2021;8;6;250;"Impatiens";"glandulifera";2891770
8.763571;50.837166;5023197230;"CC_BY_4_0";"NABU|naturgucker";"HUMAN_OBSERVATION";2021;10;25;250;"Impatiens";"glandulifera";2891770
8.575497;50.282017;5023176519;"CC_BY_4_0";"NABU|naturgucker";"HUMAN_OBSERVATION";2011;8;21;250;"Impatiens";"glandulifera";2891770
9.369235;50.146107;5023060144;"CC_BY_4_0";"NABU|naturgucker";"HUMAN_OBSERVATION";2018;8;11;250;"Impatiens";"glandulifera";2891770
9.13819;50.467243;5023019812;"CC_BY_4_0";"NABU|naturgucker";"HUMAN_OBSERVATION";2021;8;11;250;"Impatiens";"glandulifera";2891770
9.13908;50.35384;5023010936;"CC_BY_4_0";"NABU|naturgucker";"HUMAN_OBSERVATION";2012;6;26;250;"Impatiens";"glandulifera";2891770
8.565507;49.813213;5022997757;"CC_BY_4_0";"NABU|naturgucker";"HUMAN_OBSERVATION";2020;7;30;25;"Impatiens";"glandulifera";2891770
8.81434;50.858574;5022990057;"CC_BY_4_0";"NABU|naturgucker";"HUMAN_OBSERVATION";2016;8;7;250;"Impatiens";"glandulifera";2891770
8.546026;49.951618;5022922943;"CC_BY_4_0";"NABU|naturgucker";"HUMAN_OBSERVATION";2021;7;21;250;"Impatiens";"glandulifera";2891770
8.481798;50.14814;5022896418;"CC_BY_4_0";"NABU|naturgucker";"HUMAN_OBSERVATION";2018;8;28;250;"Impatiens";"glandulifera";2891770
9.031963;51.074734;5022889868;"CC_BY_4_0";"NABU|naturgucker";"HUMAN_OBSERVATION";2014;6;25;250;"Impatiens";"glandulifera";2891770
8.363342;50.804634;5022853250;"CC_BY_4_0";"NABU|naturgucker";"HUMAN_OBSERVATION";2012;7;9;250;"Impatiens";"glandulifera";2891770
8.396488;50.548737;5022852287;"CC_BY_4_0";"NABU|naturgucker";"HUMAN_OBSERVATION";2013;8;7;250;"Impatiens";"glandulifera";2891770
8.462216;49.814556;5022127735;"CC_BY_4_0";"NABU|naturgucker";"HUMAN_OBSERVATION";2018;7;14;25;"Impatiens";"glandulifera";2891770
8.244209;50.435642;5022691840;"CC_BY_4_0";"NABU|naturgucker";"HUMAN_OBSERVATION";2023;8;18;250;"Impatiens";"glandulifera";2891770
8.259659;50.479603;5022667025;"CC_BY_4_0";"NABU|naturgucker";"HUMAN_OBSERVATION";2014;7;17;250;"Impatiens";"glandulifera";2891770
9.589855;51.618443;5022533163;"CC_BY_4_0";"NABU|naturgucker";"HUMAN_OBSERVATION";2017;8;30;25;"Impatiens";"glandulifera";2891770
9.642391;51.283878;5022479315;"CC_BY_4_0";"NABU|naturgucker";"HUMAN_OBSERVATION";2015;9;12;250;"Impatiens";"glandulifera";2891770
9.669363;50.549969;5022472584;"CC_BY_4_0";"NABU|naturgucker";"HUMAN_OBSERVATION";2024;11;9;250;"Impatiens";"glandulifera";2891770
8.846202;49.861004;2978280875;"CC_BY_4_0";"";"HUMAN_OBSERVATION";2020;7;11;NA;"Impatiens";"glandulifera";2891770
9.373893;51.323704;5022353136;"CC_BY_4_0";"NABU|naturgucker";"HUMAN_OBSERVATION";2023;8;25;250;"Impatiens";"glandulifera";2891770
8.690014;51.368458;5022316045;"CC_BY_4_0";"NABU|naturgucker";"HUMAN_OBSERVATION";2012;8;17;250;"Impatiens";"glandulifera";2891770
8.959179;50.53389;5022298787;"CC_BY_4_0";"NABU|naturgucker";"HUMAN_OBSERVATION";2012;8;8;250;"Impatiens";"glandulifera";2891770
8.409219;49.920532;5022290292;"CC_BY_4_0";"NABU|naturgucker";"HUMAN_OBSERVATION";2011;7;15;250;"Impatiens";"glandulifera";2891770
8.671046;50.177982;2423115430;"CC_BY_NC_4_0";"iNaturalist";"HUMAN_OBSERVATION";2019;9;17;5;"Impatiens";"glandulifera";2891770
8.838501;50.396263;5022212615;"CC_BY_4_0";"NABU|naturgucker";"HUMAN_OBSERVATION";2018;8;26;250;"Impatiens";"glandulifera";2891770
8.507023;50.243252;5022208710;"CC_BY_4_0";"NABU|naturgucker";"HUMAN_OBSERVATION";2014;6;13;250;"Impatiens";"glandulifera";2891770
8.991022;51.122059;5022178355;"CC_BY_4_0";"NABU|naturgucker";"HUMAN_OBSERVATION";2012;7;24;250;"Impatiens";"glandulifera";2891770
9.368286;50.463475;4933286952;"CC_BY_NC_4_0";"";"HUMAN_OBSERVATION";2024;6;27;NA;"Impatiens";"glandulifera";2891770
8.912101;50.446999;5022028106;"CC_BY_4_0";"NABU|naturgucker";"HUMAN_OBSERVATION";2018;9;30;250;"Impatiens";"glandulifera";2891770
9.376548;50.128801;3959389877;"CC_BY_4_0";"";"HUMAN_OBSERVATION";2021;10;7;15;"Impatiens";"glandulifera";2891770
8.398018;50.566818;5021979586;"CC_BY_4_0";"NABU|naturgucker";"HUMAN_OBSERVATION";2022;7;28;250;"Impatiens";"glandulifera";2891770
8.248158;50.461197;5021953820;"CC_BY_4_0";"NABU|naturgucker";"HUMAN_OBSERVATION";2011;8;3;250;"Impatiens";"glandulifera";2891770
8.700485;49.993176;5021919330;"CC_BY_4_0";"NABU|naturgucker";"HUMAN_OBSERVATION";2021;8;8;250;"Impatiens";"glandulifera";2891770
9.145432;51.082932;5021894178;"CC_BY_4_0";"NABU|naturgucker";"HUMAN_OBSERVATION";2012;8;14;250;"Impatiens";"glandulifera";2891770
8.703747;50.180023;5021890493;"CC_BY_4_0";"NABU|naturgucker";"HUMAN_OBSERVATION";2015;7;30;250;"Impatiens";"glandulifera";2891770
8.8821;50.034199;5021807276;"CC_BY_4_0";"NABU|naturgucker";"HUMAN_OBSERVATION";2023;8;31;250;"Impatiens";"glandulifera";2891770
8.842262;49.742908;5021735903;"CC_BY_4_0";"NABU|naturgucker";"HUMAN_OBSERVATION";2012;4;12;250;"Impatiens";"glandulifera";2891770
8.994924;49.747173;2643682480;"CC_BY_4_0";"";"HUMAN_OBSERVATION";2019;6;15;NA;"Impatiens";"glandulifera";2891770
8.957977;49.786583;5021728081;"CC_BY_4_0";"NABU|naturgucker";"HUMAN_OBSERVATION";2016;7;17;250;"Impatiens";"glandulifera";2891770
8.438611;50.098056;2975642059;"CC_BY_4_0";"";"HUMAN_OBSERVATION";2020;8;6;NA;"Impatiens";"glandulifera";2891770
9.611583;51.293434;5021640778;"CC_BY_4_0";"NABU|naturgucker";"HUMAN_OBSERVATION";2019;8;17;250;"Impatiens";"glandulifera";2891770
9.292578;50.797703;5021613610;"CC_BY_4_0";"NABU|naturgucker";"HUMAN_OBSERVATION";2018;8;10;250;"Impatiens";"glandulifera";2891770
9.025955;51.349434;5021545119;"CC_BY_4_0";"NABU|naturgucker";"HUMAN_OBSERVATION";2012;7;11;250;"Impatiens";"glandulifera";2891770
9.539781;51.309006;5021511139;"CC_BY_4_0";"NABU|naturgucker";"HUMAN_OBSERVATION";2019;8;15;250;"Impatiens";"glandulifera";2891770
8.982729;50.396679;2643969868;"CC_BY_4_0";"";"HUMAN_OBSERVATION";2018;7;14;11;"Impatiens";"glandulifera";2891770
8.526936;50.049313;5021464378;"CC_BY_4_0";"NABU|naturgucker";"HUMAN_OBSERVATION";2024;7;21;250;"Impatiens";"glandulifera";2891770
8.542237;50.168865;5021444634;"CC_BY_4_0";"NABU|naturgucker";"HUMAN_OBSERVATION";2016;9;28;250;"Impatiens";"glandulifera";2891770
9.032092;50.620445;5021430568;"CC_BY_4_0";"NABU|naturgucker";"HUMAN_OBSERVATION";2013;10;24;250;"Impatiens";"glandulifera";2891770
8.374047;50.823757;5021407196;"CC_BY_4_0";"NABU|naturgucker";"HUMAN_OBSERVATION";2023;10;7;250;"Impatiens";"glandulifera";2891770
8.714327;49.737896;5021404583;"CC_BY_4_0";"NABU|naturgucker";"HUMAN_OBSERVATION";2023;9;9;25;"Impatiens";"glandulifera";2891770
8.531255;49.715729;5021330602;"CC_BY_4_0";"NABU|naturgucker";"HUMAN_OBSERVATION";2010;8;21;250;"Impatiens";"glandulifera";2891770
8.561525;50.00069;5021316956;"CC_BY_4_0";"NABU|naturgucker";"HUMAN_OBSERVATION";2016;4;14;250;"Impatiens";"glandulifera";2891770
8.441389;49.815556;2649424632;"CC_BY_4_0";"";"HUMAN_OBSERVATION";2019;8;18;NA;"Impatiens";"glandulifera";2891770
9.476406;51.177765;4935380580;"CC_BY_NC_4_0";"";"HUMAN_OBSERVATION";2024;7;25;5;"Impatiens";"glandulifera";2891770
8.624015;50.073845;5021239760;"CC_BY_4_0";"NABU|naturgucker";"HUMAN_OBSERVATION";2021;8;21;250;"Impatiens";"glandulifera";2891770
8.225144;50.422531;5021225669;"CC_BY_4_0";"NABU|naturgucker";"HUMAN_OBSERVATION";2014;9;7;25;"Impatiens";"glandulifera";2891770
8.250904;50.413551;5021221528;"CC_BY_4_0";"NABU|naturgucker";"HUMAN_OBSERVATION";2020;8;30;250;"Impatiens";"glandulifera";2891770
9.238191;50.218666;5021212779;"CC_BY_4_0";"NABU|naturgucker";"HUMAN_OBSERVATION";2021;8;19;250;"Impatiens";"glandulifera";2891770
8.808975;50.533726;5021200612;"CC_BY_4_0";"NABU|naturgucker";"HUMAN_OBSERVATION";2014;7;30;250;"Impatiens";"glandulifera";2891770
8.787967;49.770447;5021186059;"CC_BY_4_0";"NABU|naturgucker";"HUMAN_OBSERVATION";2019;9;15;25;"Impatiens";"glandulifera";2891770
8.868799;49.988621;5021069136;"CC_BY_4_0";"NABU|naturgucker";"HUMAN_OBSERVATION";2012;6;28;250;"Impatiens";"glandulifera";2891770
9.354601;50.463951;5021050307;"CC_BY_4_0";"NABU|naturgucker";"HUMAN_OBSERVATION";2014;10;29;250;"Impatiens";"glandulifera";2891770
8.903561;50.824615;5021043744;"CC_BY_4_0";"NABU|naturgucker";"HUMAN_OBSERVATION";2021;8;12;250;"Impatiens";"glandulifera";2891770
8.963827;49.507603;5021039804;"CC_BY_4_0";"NABU|naturgucker";"HUMAN_OBSERVATION";2011;6;27;250;"Impatiens";"glandulifera";2891770
9.85017;50.476246;5020954678;"CC_BY_4_0";"NABU|naturgucker";"HUMAN_OBSERVATION";2011;8;28;250;"Impatiens";"glandulifera";2891770
8.174257;50.393909;5020948363;"CC_BY_4_0";"NABU|naturgucker";"HUMAN_OBSERVATION";2020;8;10;250;"Impatiens";"glandulifera";2891770
8.967247;51.088158;5020922851;"CC_BY_4_0";"NABU|naturgucker";"HUMAN_OBSERVATION";2011;7;8;250;"Impatiens";"glandulifera";2891770
8.993156;50.395138;5020903445;"CC_BY_4_0";"NABU|naturgucker";"HUMAN_OBSERVATION";2014;8;7;250;"Impatiens";"glandulifera";2891770
9.281639;50.803242;5020892554;"CC_BY_4_0";"NABU|naturgucker";"HUMAN_OBSERVATION";2018;8;10;250;"Impatiens";"glandulifera";2891770
8.881502;49.729973;5020891924;"CC_BY_4_0";"NABU|naturgucker";"HUMAN_OBSERVATION";2014;8;13;250;"Impatiens";"glandulifera";2891770
8.897543;49.468601;5020890798;"CC_BY_4_0";"NABU|naturgucker";"HUMAN_OBSERVATION";2012;7;18;250;"Impatiens";"glandulifera";2891770
8.396173;49.922619;5020867929;"CC_BY_4_0";"NABU|naturgucker";"HUMAN_OBSERVATION";2019;7;18;250;"Impatiens";"glandulifera";2891770
8.839692;50.552326;5020842904;"CC_BY_4_0";"NABU|naturgucker";"HUMAN_OBSERVATION";2015;7;3;250;"Impatiens";"glandulifera";2891770
9.646407;51.294403;5020762764;"CC_BY_4_0";"NABU|naturgucker";"HUMAN_OBSERVATION";2019;9;14;250;"Impatiens";"glandulifera";2891770
8.843763;49.562237;3905982837;"CC_BY_NC_4_0";"";"HUMAN_OBSERVATION";2022;8;2;6;"Impatiens";"glandulifera";2891770
8.546677;50.177311;5020690591;"CC_BY_4_0";"NABU|naturgucker";"HUMAN_OBSERVATION";2015;8;3;250;"Impatiens";"glandulifera";2891770
9.238056;50.485;2649296762;"CC_BY_4_0";"";"HUMAN_OBSERVATION";2019;9;8;NA;"Impatiens";"glandulifera";2891770
8.755453;50.764484;5020668500;"CC_BY_4_0";"NABU|naturgucker";"HUMAN_OBSERVATION";2017;7;18;250;"Impatiens";"glandulifera";2891770
9.103117;50.347706;5020608713;"CC_BY_4_0";"NABU|naturgucker";"HUMAN_OBSERVATION";2014;5;1;250;"Impatiens";"glandulifera";2891770
8.526823;50.576702;5020475638;"CC_BY_4_0";"NABU|naturgucker";"HUMAN_OBSERVATION";2022;11;13;25;"Impatiens";"glandulifera";2891770
8.86498;49.982273;5020473480;"CC_BY_4_0";"NABU|naturgucker";"HUMAN_OBSERVATION";2013;8;7;250;"Impatiens";"glandulifera";2891770
9.368438;51.155319;5020455340;"CC_BY_4_0";"NABU|naturgucker";"HUMAN_OBSERVATION";2023;7;21;250;"Impatiens";"glandulifera";2891770
8.217206;50.113141;3958791249;"CC_BY_4_0";"";"HUMAN_OBSERVATION";2020;7;11;NA;"Impatiens";"glandulifera";2891770
9.292717;50.386414;5020278468;"CC_BY_4_0";"NABU|naturgucker";"HUMAN_OBSERVATION";2015;9;2;250;"Impatiens";"glandulifera";2891770
8.20335;50.270978;4933505965;"CC_BY_NC_4_0";"";"HUMAN_OBSERVATION";2024;7;28;NA;"Impatiens";"glandulifera";2891770
8.976173;51.231773;5020139236;"CC_BY_4_0";"NABU|naturgucker";"HUMAN_OBSERVATION";2012;8;6;250;"Impatiens";"glandulifera";2891770
9.286323;50.806477;5020042715;"CC_BY_4_0";"NABU|naturgucker";"HUMAN_OBSERVATION";2017;7;28;250;"Impatiens";"glandulifera";2891770
8.394499;50.01469;5019936523;"CC_BY_4_0";"NABU|naturgucker";"HUMAN_OBSERVATION";2011;9;19;250;"Impatiens";"glandulifera";2891770
8.851676;49.977253;5019931569;"CC_BY_4_0";"NABU|naturgucker";"HUMAN_OBSERVATION";2014;8;16;250;"Impatiens";"glandulifera";2891770
8.356819;49.8815;5019906610;"CC_BY_4_0";"NABU|naturgucker";"HUMAN_OBSERVATION";2010;8;7;250;"Impatiens";"glandulifera";2891770
8.231463;50.405781;5019893115;"CC_BY_4_0";"NABU|naturgucker";"HUMAN_OBSERVATION";2015;8;20;25;"Impatiens";"glandulifera";2891770
9.336298;50.588173;5019767833;"CC_BY_4_0";"NABU|naturgucker";"HUMAN_OBSERVATION";2021;9;2;250;"Impatiens";"glandulifera";2891770
8.234274;50.408382;5015572057;"CC_BY_4_0";"NABU|naturgucker";"HUMAN_OBSERVATION";2015;8;20;25;"Impatiens";"glandulifera";2891770
8.87867;50.064247;5019702317;"CC_BY_4_0";"NABU|naturgucker";"HUMAN_OBSERVATION";2011;7;26;250;"Impatiens";"glandulifera";2891770
8.37759;49.927689;5019622753;"CC_BY_4_0";"NABU|naturgucker";"HUMAN_OBSERVATION";2016;7;31;250;"Impatiens";"glandulifera";2891770
9.238472;50.449089;5015447118;"CC_BY_4_0";"NABU|naturgucker";"HUMAN_OBSERVATION";2013;6;30;250;"Impatiens";"glandulifera";2891770
8.96383;50.589351;3952170912;"CC_BY_4_0";"";"HUMAN_OBSERVATION";2021;9;7;NA;"Impatiens";"glandulifera";2891770
8.650078;50.357403;5019496499;"CC_BY_4_0";"NABU|naturgucker";"HUMAN_OBSERVATION";2020;8;28;250;"Impatiens";"glandulifera";2891770
9.233708;50.512115;5019401285;"CC_BY_4_0";"NABU|naturgucker";"HUMAN_OBSERVATION";2011;6;3;250;"Impatiens";"glandulifera";2891770
9.636551;51.20351;5019375721;"CC_BY_4_0";"NABU|naturgucker";"HUMAN_OBSERVATION";2017;10;13;25;"Impatiens";"glandulifera";2891770
8.455585;49.942169;5019351045;"CC_BY_4_0";"NABU|naturgucker";"HUMAN_OBSERVATION";2024;9;17;25;"Impatiens";"glandulifera";2891770
8.677762;50.199492;3327828873;"CC_BY_NC_4_0";"iNaturalist";"HUMAN_OBSERVATION";2021;7;10;11;"Impatiens";"glandulifera";2891770
8.152392;50.407204;5019163016;"CC_BY_4_0";"NABU|naturgucker";"HUMAN_OBSERVATION";2015;9;25;250;"Impatiens";"glandulifera";2891770
8.802287;50.73069;5019126507;"CC_BY_4_0";"NABU|naturgucker";"HUMAN_OBSERVATION";2018;5;25;25;"Impatiens";"glandulifera";2891770
8.841205;51.104897;5018935388;"CC_BY_4_0";"NABU|naturgucker";"HUMAN_OBSERVATION";2012;7;15;250;"Impatiens";"glandulifera";2891770
9.540531;51.573673;5018909364;"CC_BY_4_0";"NABU|naturgucker";"HUMAN_OBSERVATION";2017;8;17;250;"Impatiens";"glandulifera";2891770
8.907423;50.081654;5018808860;"CC_BY_4_0";"NABU|naturgucker";"HUMAN_OBSERVATION";2017;8;2;250;"Impatiens";"glandulifera";2891770
9.324167;51.314445;5018660566;"CC_BY_4_0";"NABU|naturgucker";"HUMAN_OBSERVATION";2016;10;16;250;"Impatiens";"glandulifera";2891770
8.250411;50.443123;5015264453;"CC_BY_4_0";"NABU|naturgucker";"HUMAN_OBSERVATION";2014;1;12;25;"Impatiens";"glandulifera";2891770
8.979993;50.042946;5018542066;"CC_BY_4_0";"NABU|naturgucker";"HUMAN_OBSERVATION";2012;10;9;250;"Impatiens";"glandulifera";2891770
9.166551;50.396206;5018476316;"CC_BY_4_0";"NABU|naturgucker";"HUMAN_OBSERVATION";2016;7;31;250;"Impatiens";"glandulifera";2891770
9.022865;50.01844;5018444439;"CC_BY_4_0";"NABU|naturgucker";"HUMAN_OBSERVATION";2013;11;9;250;"Impatiens";"glandulifera";2891770
8.55691;49.670376;5018432328;"CC_BY_4_0";"NABU|naturgucker";"HUMAN_OBSERVATION";2019;9;1;25;"Impatiens";"glandulifera";2891770
9.88776;51.301857;5018416906;"CC_BY_4_0";"NABU|naturgucker";"HUMAN_OBSERVATION";2020;9;19;250;"Impatiens";"glandulifera";2891770
8.346004;50.549927;5018349142;"CC_BY_4_0";"NABU|naturgucker";"HUMAN_OBSERVATION";2015;8;21;250;"Impatiens";"glandulifera";2891770
9.019219;50.617329;5018282614;"CC_BY_4_0";"NABU|naturgucker";"HUMAN_OBSERVATION";2012;8;4;25;"Impatiens";"glandulifera";2891770
8.973611;50.775002;5018107201;"CC_BY_4_0";"NABU|naturgucker";"HUMAN_OBSERVATION";2010;6;22;250;"Impatiens";"glandulifera";2891770
8.942624;50.763058;5018107022;"CC_BY_4_0";"NABU|naturgucker";"HUMAN_OBSERVATION";2011;10;22;250;"Impatiens";"glandulifera";2891770
9.567375;50.899136;5018074452;"CC_BY_4_0";"NABU|naturgucker";"HUMAN_OBSERVATION";2014;8;14;250;"Impatiens";"glandulifera";2891770
8.804684;50.792374;5018026551;"CC_BY_4_0";"NABU|naturgucker";"HUMAN_OBSERVATION";2018;7;24;250;"Impatiens";"glandulifera";2891770
8.43838;50.231808;5017935666;"CC_BY_4_0";"NABU|naturgucker";"HUMAN_OBSERVATION";2017;6;14;250;"Impatiens";"glandulifera";2891770
8.845843;51.09626;5017923499;"CC_BY_4_0";"NABU|naturgucker";"HUMAN_OBSERVATION";2012;7;9;250;"Impatiens";"glandulifera";2891770
8.517323;50.57032;5017876110;"CC_BY_4_0";"NABU|naturgucker";"HUMAN_OBSERVATION";2014;6;15;250;"Impatiens";"glandulifera";2891770
9.868957;50.488842;5017768574;"CC_BY_4_0";"NABU|naturgucker";"HUMAN_OBSERVATION";2023;7;14;250;"Impatiens";"glandulifera";2891770
9.108009;51.170383;5017764279;"CC_BY_4_0";"NABU|naturgucker";"HUMAN_OBSERVATION";2012;7;24;250;"Impatiens";"glandulifera";2891770
9.107602;51.150829;5017759496;"CC_BY_4_0";"NABU|naturgucker";"HUMAN_OBSERVATION";2011;8;29;250;"Impatiens";"glandulifera";2891770
8.61105;50.574299;5017728670;"CC_BY_4_0";"NABU|naturgucker";"HUMAN_OBSERVATION";2011;8;27;250;"Impatiens";"glandulifera";2891770
9.08393;50.451736;5017712700;"CC_BY_4_0";"NABU|naturgucker";"HUMAN_OBSERVATION";2021;8;12;250;"Impatiens";"glandulifera";2891770
9.958706;50.973495;5017680353;"CC_BY_4_0";"NABU|naturgucker";"HUMAN_OBSERVATION";2023;9;29;250;"Impatiens";"glandulifera";2891770
8.045683;50.453896;5017646543;"CC_BY_4_0";"NABU|naturgucker";"HUMAN_OBSERVATION";2015;6;16;250;"Impatiens";"glandulifera";2891770
8.535703;49.832783;5017521199;"CC_BY_4_0";"NABU|naturgucker";"HUMAN_OBSERVATION";2016;9;3;25;"Impatiens";"glandulifera";2891770
8.390945;50.114853;5017495893;"CC_BY_4_0";"NABU|naturgucker";"HUMAN_OBSERVATION";2015;8;17;250;"Impatiens";"glandulifera";2891770
8.471168;49.949753;5017489006;"CC_BY_4_0";"NABU|naturgucker";"HUMAN_OBSERVATION";2020;5;14;25;"Impatiens";"glandulifera";2891770
8.805885;51.091232;5017486867;"CC_BY_4_0";"NABU|naturgucker";"HUMAN_OBSERVATION";2012;8;4;250;"Impatiens";"glandulifera";2891770
8.216915;50.292343;3960110189;"CC_BY_4_0";"";"HUMAN_OBSERVATION";2021;7;29;NA;"Impatiens";"glandulifera";2891770
9.650894;51.289718;2823235180;"CC_BY_NC_4_0";"iNaturalist";"HUMAN_OBSERVATION";2020;7;20;5;"Impatiens";"glandulifera";2891770
8.485823;50.551781;5017370370;"CC_BY_4_0";"NABU|naturgucker";"HUMAN_OBSERVATION";2012;8;25;250;"Impatiens";"glandulifera";2891770
8.724836;49.938833;2977912078;"CC_BY_4_0";"";"HUMAN_OBSERVATION";2020;8;5;NA;"Impatiens";"glandulifera";2891770
8.568306;50.081268;5017301668;"CC_BY_4_0";"NABU|naturgucker";"HUMAN_OBSERVATION";2020;8;23;250;"Impatiens";"glandulifera";2891770
8.496466;49.976963;5017278743;"CC_BY_4_0";"NABU|naturgucker";"HUMAN_OBSERVATION";2020;7;24;250;"Impatiens";"glandulifera";2891770
8.617487;49.965134;5017263847;"CC_BY_4_0";"NABU|naturgucker";"HUMAN_OBSERVATION";2010;9;11;250;"Impatiens";"glandulifera";2891770
9.011621;50.336971;5016977914;"CC_BY_4_0";"NABU|naturgucker";"HUMAN_OBSERVATION";2016;8;4;250;"Impatiens";"glandulifera";2891770
8.998146;49.741123;5016974279;"CC_BY_4_0";"NABU|naturgucker";"HUMAN_OBSERVATION";2016;6;27;250;"Impatiens";"glandulifera";2891770
8.548624;50.212105;5016949492;"CC_BY_4_0";"NABU|naturgucker";"HUMAN_OBSERVATION";2019;9;2;250;"Impatiens";"glandulifera";2891770
8.549613;50.518677;5016942546;"CC_BY_4_0";"NABU|naturgucker";"HUMAN_OBSERVATION";2021;8;3;250;"Impatiens";"glandulifera";2891770
8.650515;49.830509;5016914079;"CC_BY_4_0";"NABU|naturgucker";"HUMAN_OBSERVATION";2014;6;19;250;"Impatiens";"glandulifera";2891770
8.618878;49.73333;5016752029;"CC_BY_4_0";"NABU|naturgucker";"HUMAN_OBSERVATION";2006;8;24;250;"Impatiens";"glandulifera";2891770
7.903009;50.088486;5016723420;"CC_BY_4_0";"NABU|naturgucker";"HUMAN_OBSERVATION";2019;8;25;250;"Impatiens";"glandulifera";2891770
8.880539;49.673168;5016708044;"CC_BY_4_0";"NABU|naturgucker";"HUMAN_OBSERVATION";2023;6;18;250;"Impatiens";"glandulifera";2891770
8.805246;50.779785;5016618725;"CC_BY_4_0";"NABU|naturgucker";"HUMAN_OBSERVATION";2021;9;7;250;"Impatiens";"glandulifera";2891770
9.517308;50.889301;5016527328;"CC_BY_4_0";"NABU|naturgucker";"HUMAN_OBSERVATION";2022;8;28;250;"Impatiens";"glandulifera";2891770
8.501547;49.736565;5016523692;"CC_BY_4_0";"NABU|naturgucker";"HUMAN_OBSERVATION";2024;6;19;25;"Impatiens";"glandulifera";2891770
9.290573;51.223713;5016416693;"CC_BY_4_0";"NABU|naturgucker";"HUMAN_OBSERVATION";2023;6;29;250;"Impatiens";"glandulifera";2891770
9.553357;51.61301;5016381304;"CC_BY_4_0";"NABU|naturgucker";"HUMAN_OBSERVATION";2017;10;4;25;"Impatiens";"glandulifera";2891770
8.187819;50.396317;5016350433;"CC_BY_4_0";"NABU|naturgucker";"HUMAN_OBSERVATION";2016;8;1;250;"Impatiens";"glandulifera";2891770
9.315022;50.795017;5016333208;"CC_BY_4_0";"NABU|naturgucker";"HUMAN_OBSERVATION";2018;7;15;250;"Impatiens";"glandulifera";2891770
9.173713;50.43187;5016221901;"CC_BY_4_0";"NABU|naturgucker";"HUMAN_OBSERVATION";2020;9;22;250;"Impatiens";"glandulifera";2891770
8.60881;49.711987;5016165929;"CC_BY_4_0";"NABU|naturgucker";"HUMAN_OBSERVATION";2021;8;20;250;"Impatiens";"glandulifera";2891770
8.637799;50.359821;5016142691;"CC_BY_4_0";"NABU|naturgucker";"HUMAN_OBSERVATION";2018;7;25;250;"Impatiens";"glandulifera";2891770
8.290729;50.323814;5016092569;"CC_BY_4_0";"NABU|naturgucker";"HUMAN_OBSERVATION";2021;9;2;250;"Impatiens";"glandulifera";2891770
8.567619;50.016342;5016089693;"CC_BY_4_0";"NABU|naturgucker";"HUMAN_OBSERVATION";2014;5;25;250;"Impatiens";"glandulifera";2891770
8.589249;49.63295;5016084614;"CC_BY_4_0";"NABU|naturgucker";"HUMAN_OBSERVATION";2019;9;21;250;"Impatiens";"glandulifera";2891770
8.59251;50.562523;5016080473;"CC_BY_4_0";"NABU|naturgucker";"HUMAN_OBSERVATION";2012;6;17;250;"Impatiens";"glandulifera";2891770
9.162169;50.419239;5016062642;"CC_BY_4_0";"NABU|naturgucker";"HUMAN_OBSERVATION";2021;9;14;250;"Impatiens";"glandulifera";2891770
8.985443;50.302059;5016062096;"CC_BY_4_0";"NABU|naturgucker";"HUMAN_OBSERVATION";2011;10;5;250;"Impatiens";"glandulifera";2891770
8.292019;50.439026;5016057756;"CC_BY_4_0";"NABU|naturgucker";"HUMAN_OBSERVATION";2016;9;11;250;"Impatiens";"glandulifera";2891770
9.665941;51.221695;5015964079;"CC_BY_4_0";"NABU|naturgucker";"HUMAN_OBSERVATION";2013;8;11;250;"Impatiens";"glandulifera";2891770
8.352356;50.623329;5015881543;"CC_BY_4_0";"NABU|naturgucker";"HUMAN_OBSERVATION";2021;7;15;250;"Impatiens";"glandulifera";2891770
8.221936;50.42979;5015869920;"CC_BY_4_0";"NABU|naturgucker";"HUMAN_OBSERVATION";2014;9;14;25;"Impatiens";"glandulifera";2891770
8.500435;49.892563;5015818940;"CC_BY_4_0";"NABU|naturgucker";"HUMAN_OBSERVATION";2011;8;20;250;"Impatiens";"glandulifera";2891770
8.322487;49.978825;5015737409;"CC_BY_4_0";"NABU|naturgucker";"HUMAN_OBSERVATION";2012;8;19;250;"Impatiens";"glandulifera";2891770
9.063206;51.130344;5015712352;"CC_BY_4_0";"NABU|naturgucker";"HUMAN_OBSERVATION";2012;6;26;250;"Impatiens";"glandulifera";2891770
8.740654;51.03643;5015705300;"CC_BY_4_0";"NABU|naturgucker";"HUMAN_OBSERVATION";2012;6;25;250;"Impatiens";"glandulifera";2891770
8.920898;51.191315;5015626180;"CC_BY_4_0";"NABU|naturgucker";"HUMAN_OBSERVATION";2014;8;18;250;"Impatiens";"glandulifera";2891770
8.890171;51.150063;5015556742;"CC_BY_4_0";"NABU|naturgucker";"HUMAN_OBSERVATION";2012;6;25;250;"Impatiens";"glandulifera";2891770
8.91223;50.450455;5015553058;"CC_BY_4_0";"NABU|naturgucker";"HUMAN_OBSERVATION";2021;9;26;250;"Impatiens";"glandulifera";2891770
9.923064;50.939053;5015530551;"CC_BY_4_0";"NABU|naturgucker";"HUMAN_OBSERVATION";2024;6;7;250;"Impatiens";"glandulifera";2891770
8.982085;51.116695;5015258856;"CC_BY_4_0";"NABU|naturgucker";"HUMAN_OBSERVATION";2011;7;5;25;"Impatiens";"glandulifera";2891770
8.848872;50.222042;5015163701;"CC_BY_4_0";"NABU|naturgucker";"HUMAN_OBSERVATION";2019;9;12;250;"Impatiens";"glandulifera";2891770
9.24165;50.441051;5015114036;"CC_BY_4_0";"NABU|naturgucker";"HUMAN_OBSERVATION";2012;6;9;250;"Impatiens";"glandulifera";2891770
8.531184;49.823742;5015113859;"CC_BY_4_0";"NABU|naturgucker";"HUMAN_OBSERVATION";2012;8;19;25;"Impatiens";"glandulifera";2891770
8.501713;49.968006;5015105487;"CC_BY_4_0";"NABU|naturgucker";"HUMAN_OBSERVATION";2023;8;11;250;"Impatiens";"glandulifera";2891770
9.9967;50.482307;5015060727;"CC_BY_4_0";"NABU|naturgucker";"HUMAN_OBSERVATION";2023;7;17;250;"Impatiens";"glandulifera";2891770
8.53363;50.221622;5015024217;"CC_BY_4_0";"NABU|naturgucker";"HUMAN_OBSERVATION";2013;10;3;250;"Impatiens";"glandulifera";2891770
8.919954;50.333508;5014971677;"CC_BY_4_0";"NABU|naturgucker";"HUMAN_OBSERVATION";2017;9;24;250;"Impatiens";"glandulifera";2891770
9.82806;51.357597;5014931454;"CC_BY_4_0";"NABU|naturgucker";"HUMAN_OBSERVATION";2016;9;23;250;"Impatiens";"glandulifera";2891770
8.507405;50.179459;5014912482;"CC_BY_4_0";"NABU|naturgucker";"HUMAN_OBSERVATION";2014;9;29;250;"Impatiens";"glandulifera";2891770
9.668505;50.70192;5014881378;"CC_BY_4_0";"NABU|naturgucker";"HUMAN_OBSERVATION";2019;7;3;250;"Impatiens";"glandulifera";2891770
8.894438;50.441769;5014869812;"CC_BY_4_0";"NABU|naturgucker";"HUMAN_OBSERVATION";2014;10;5;250;"Impatiens";"glandulifera";2891770
8.331774;50.486729;5014867927;"CC_BY_4_0";"NABU|naturgucker";"HUMAN_OBSERVATION";2015;8;21;250;"Impatiens";"glandulifera";2891770
9.318934;50.198315;5014781187;"CC_BY_4_0";"NABU|naturgucker";"HUMAN_OBSERVATION";2024;9;18;250;"Impatiens";"glandulifera";2891770
8.589721;50.574242;5014780669;"CC_BY_4_0";"NABU|naturgucker";"HUMAN_OBSERVATION";2014;7;17;25;"Impatiens";"glandulifera";2891770
9.895678;51.406555;5014757310;"CC_BY_4_0";"NABU|naturgucker";"HUMAN_OBSERVATION";2014;11;26;250;"Impatiens";"glandulifera";2891770
9.441381;51.121513;5014750859;"CC_BY_4_0";"NABU|naturgucker";"HUMAN_OBSERVATION";2020;10;5;250;"Impatiens";"glandulifera";2891770
9.00371;50.667156;5014421515;"CC_BY_4_0";"NABU|naturgucker";"HUMAN_OBSERVATION";2012;8;14;25;"Impatiens";"glandulifera";2891770
8.568993;49.939953;5014623077;"CC_BY_4_0";"NABU|naturgucker";"HUMAN_OBSERVATION";2010;8;15;250;"Impatiens";"glandulifera";2891770
8.425059;50.251896;5014543410;"CC_BY_4_0";"NABU|naturgucker";"HUMAN_OBSERVATION";2020;7;11;25;"Impatiens";"glandulifera";2891770
8.154191;50.4142;5014499580;"CC_BY_4_0";"NABU|naturgucker";"HUMAN_OBSERVATION";2021;8;15;250;"Impatiens";"glandulifera";2891770
8.841438;49.845417;5014489211;"CC_BY_4_0";"NABU|naturgucker";"HUMAN_OBSERVATION";2020;9;5;25;"Impatiens";"glandulifera";2891770
9.145689;50.386414;5014429043;"CC_BY_4_0";"NABU|naturgucker";"HUMAN_OBSERVATION";2011;6;2;250;"Impatiens";"glandulifera";2891770
8.919394;50.791943;5014352466;"CC_BY_4_0";"NABU|naturgucker";"HUMAN_OBSERVATION";2012;8;8;250;"Impatiens";"glandulifera";2891770
8.555388;50.109734;5014280132;"CC_BY_4_0";"NABU|naturgucker";"HUMAN_OBSERVATION";2014;5;27;250;"Impatiens";"glandulifera";2891770
9.465307;51.126675;5014233566;"CC_BY_4_0";"NABU|naturgucker";"HUMAN_OBSERVATION";2023;8;31;250;"Impatiens";"glandulifera";2891770
9.029139;49.654926;5014214790;"CC_BY_4_0";"NABU|naturgucker";"HUMAN_OBSERVATION";2016;8;13;250;"Impatiens";"glandulifera";2891770
9.139938;50.394787;5014147278;"CC_BY_4_0";"NABU|naturgucker";"HUMAN_OBSERVATION";2012;6;23;250;"Impatiens";"glandulifera";2891770
9.715834;51.253536;5014138586;"CC_BY_4_0";"NABU|naturgucker";"HUMAN_OBSERVATION";2020;7;25;25;"Impatiens";"glandulifera";2891770
8.527622;50.564594;5014093107;"CC_BY_4_0";"NABU|naturgucker";"HUMAN_OBSERVATION";2010;6;13;250;"Impatiens";"glandulifera";2891770
8.586111;49.98;2976252020;"CC_BY_4_0";"";"HUMAN_OBSERVATION";2020;7;15;NA;"Impatiens";"glandulifera";2891770
9.231949;50.444279;5013988683;"CC_BY_4_0";"NABU|naturgucker";"HUMAN_OBSERVATION";2011;5;28;250;"Impatiens";"glandulifera";2891770
8.854187;49.848983;3956990416;"CC_BY_4_0";"";"HUMAN_OBSERVATION";2021;8;30;20;"Impatiens";"glandulifera";2891770
8.813009;49.736687;5013779539;"CC_BY_4_0";"NABU|naturgucker";"HUMAN_OBSERVATION";2014;8;10;250;"Impatiens";"glandulifera";2891770
9.089461;50.374554;5013720805;"CC_BY_4_0";"NABU|naturgucker";"HUMAN_OBSERVATION";2013;5;6;250;"Impatiens";"glandulifera";2891770
8.589241;49.723335;5013704922;"CC_BY_4_0";"NABU|naturgucker";"HUMAN_OBSERVATION";2021;8;20;250;"Impatiens";"glandulifera";2891770
8.880043;50.025608;5013620544;"CC_BY_4_0";"NABU|naturgucker";"HUMAN_OBSERVATION";2013;8;10;250;"Impatiens";"glandulifera";2891770
8.514919;50.546162;5013618417;"CC_BY_4_0";"NABU|naturgucker";"HUMAN_OBSERVATION";2012;9;8;250;"Impatiens";"glandulifera";2891770
9.146958;50.395199;5013612820;"CC_BY_4_0";"NABU|naturgucker";"HUMAN_OBSERVATION";2021;9;18;25;"Impatiens";"glandulifera";2891770
8.270731;50.484383;5013491584;"CC_BY_4_0";"NABU|naturgucker";"HUMAN_OBSERVATION";2014;9;13;250;"Impatiens";"glandulifera";2891770
8.960896;51.086651;5013399857;"CC_BY_4_0";"NABU|naturgucker";"HUMAN_OBSERVATION";2011;7;27;250;"Impatiens";"glandulifera";2891770
9.643248;51.281368;5013391994;"CC_BY_4_0";"NABU|naturgucker";"HUMAN_OBSERVATION";2021;7;31;25;"Impatiens";"glandulifera";2891770
8.489578;50.521984;5013377436;"CC_BY_4_0";"NABU|naturgucker";"HUMAN_OBSERVATION";2013;6;16;250;"Impatiens";"glandulifera";2891770
8.556976;50.094707;5013347510;"CC_BY_4_0";"NABU|naturgucker";"HUMAN_OBSERVATION";2012;8;1;250;"Impatiens";"glandulifera";2891770
8.419636;49.59156;5013083305;"CC_BY_4_0";"NABU|naturgucker";"HUMAN_OBSERVATION";2017;10;3;25;"Impatiens";"glandulifera";2891770
9.094276;51.147263;5013079511;"CC_BY_4_0";"NABU|naturgucker";"HUMAN_OBSERVATION";2012;6;26;250;"Impatiens";"glandulifera";2891770
8.717952;50.728394;5013078396;"CC_BY_4_0";"NABU|naturgucker";"HUMAN_OBSERVATION";2021;10;1;250;"Impatiens";"glandulifera";2891770
9.898081;51.413342;5013048608;"CC_BY_4_0";"NABU|naturgucker";"HUMAN_OBSERVATION";2016;7;11;250;"Impatiens";"glandulifera";2891770
9.542863;51.041897;5012970067;"CC_BY_4_0";"NABU|naturgucker";"HUMAN_OBSERVATION";2021;8;24;250;"Impatiens";"glandulifera";2891770
8.937677;50.783554;5012951332;"CC_BY_4_0";"NABU|naturgucker";"HUMAN_OBSERVATION";2018;7;19;25;"Impatiens";"glandulifera";2891770
8.974146;50.843269;5012918679;"CC_BY_4_0";"NABU|naturgucker";"HUMAN_OBSERVATION";2018;7;23;250;"Impatiens";"glandulifera";2891770
9.594999;51.617405;5012899603;"CC_BY_4_0";"NABU|naturgucker";"HUMAN_OBSERVATION";2017;10;13;25;"Impatiens";"glandulifera";2891770
8.596413;50.314205;5012809682;"CC_BY_4_0";"NABU|naturgucker";"HUMAN_OBSERVATION";2014;6;28;250;"Impatiens";"glandulifera";2891770
8.545604;49.993176;5012740687;"CC_BY_4_0";"NABU|naturgucker";"HUMAN_OBSERVATION";2016;7;31;250;"Impatiens";"glandulifera";2891770
8.99208;50.147373;5012676822;"CC_BY_4_0";"NABU|naturgucker";"HUMAN_OBSERVATION";2009;6;13;250;"Impatiens";"glandulifera";2891770
8.555603;49.716488;5012573151;"CC_BY_4_0";"NABU|naturgucker";"HUMAN_OBSERVATION";2024;8;28;250;"Impatiens";"glandulifera";2891770
9.109039;50.388714;5012536910;"CC_BY_4_0";"NABU|naturgucker";"HUMAN_OBSERVATION";2013;7;2;250;"Impatiens";"glandulifera";2891770
9.274457;50.789471;5012505494;"CC_BY_4_0";"NABU|naturgucker";"HUMAN_OBSERVATION";2018;9;7;250;"Impatiens";"glandulifera";2891770
8.820863;49.538968;5006938780;"CC_BY_NC_4_0";"iNaturalist";"HUMAN_OBSERVATION";2006;8;24;NA;"Impatiens";"glandulifera";2891770
8.909655;50.9758;4986484683;"CC_BY_NC_4_0";"";"HUMAN_OBSERVATION";2024;10;3;43;"Impatiens";"glandulifera";2891770
9.446768;51.308158;4986482755;"CC_BY_NC_4_0";"";"HUMAN_OBSERVATION";2024;9;29;9;"Impatiens";"glandulifera";2891770
9.00009;50.497681;4986428108;"CC_BY_NC_4_0";"";"HUMAN_OBSERVATION";2024;10;13;16;"Impatiens";"glandulifera";2891770
9.0881;50.488299;4985910804;"CC_BY_NC_4_0";"";"HUMAN_OBSERVATION";2024;10;3;100;"Impatiens";"glandulifera";2891770
9.244669;50.502529;4985862592;"CC_BY_NC_4_0";"";"HUMAN_OBSERVATION";2024;9;29;3;"Impatiens";"glandulifera";2891770
8.697655;50.59593;2649304062;"CC_BY_4_0";"";"HUMAN_OBSERVATION";2019;8;11;6;"Impatiens";"glandulifera";2891770
8.728791;49.787967;4974300155;"CC_BY_NC_4_0";"iNaturalist";"HUMAN_OBSERVATION";2024;10;22;401;"Impatiens";"glandulifera";2891770
8.74138;50.657895;4891856992;"CC_BY_NC_4_0";"iNaturalist";"HUMAN_OBSERVATION";2024;6;10;3;"Impatiens";"glandulifera";2891770
8.550889;50.974825;4957980495;"CC_BY_NC_4_0";"";"HUMAN_OBSERVATION";2024;9;30;NA;"Impatiens";"glandulifera";2891770
9.429665;51.606353;3958528514;"CC_BY_4_0";"";"HUMAN_OBSERVATION";2020;8;16;10;"Impatiens";"glandulifera";2891770
9.261005;51.124068;4957366329;"CC_BY_NC_4_0";"";"HUMAN_OBSERVATION";2024;9;8;8;"Impatiens";"glandulifera";2891770
8.617481;50.378378;4957835798;"CC_BY_NC_4_0";"";"HUMAN_OBSERVATION";2024;9;19;NA;"Impatiens";"glandulifera";2891770
8.511187;50.169741;3999192932;"CC_BY_4_0";"";"HUMAN_OBSERVATION";2022;9;7;9;"Impatiens";"glandulifera";2891770
9.540677;51.22287;4933952419;"CC_BY_NC_4_0";"";"HUMAN_OBSERVATION";2024;7;31;NA;"Impatiens";"glandulifera";2891770
8.998586;50.721405;4957690516;"CC_BY_NC_4_0";"";"HUMAN_OBSERVATION";2024;8;31;67;"Impatiens";"glandulifera";2891770
8.903884;49.897964;4957685506;"CC_BY_NC_4_0";"";"HUMAN_OBSERVATION";2024;9;27;NA;"Impatiens";"glandulifera";2891770
9.675301;50.541473;4957555424;"CC_BY_NC_4_0";"";"HUMAN_OBSERVATION";2024;9;22;5;"Impatiens";"glandulifera";2891770
9.608828;51.407819;4957532477;"CC_BY_NC_4_0";"";"HUMAN_OBSERVATION";2024;8;31;5;"Impatiens";"glandulifera";2891770
8.718123;50.579956;4957505991;"CC_BY_NC_4_0";"";"HUMAN_OBSERVATION";2024;8;16;60;"Impatiens";"glandulifera";2891770
8.670745;50.376164;4957498014;"CC_BY_NC_4_0";"";"HUMAN_OBSERVATION";2024;8;31;30;"Impatiens";"glandulifera";2891770
8.999112;51.372737;4957413462;"CC_BY_NC_4_0";"";"HUMAN_OBSERVATION";2024;8;27;19;"Impatiens";"glandulifera";2891770
9.125283;51.412252;3955414708;"CC_BY_4_0";"";"HUMAN_OBSERVATION";2021;10;1;10;"Impatiens";"glandulifera";2891770
8.539405;50.52771;4957385308;"CC_BY_NC_4_0";"";"HUMAN_OBSERVATION";2024;8;24;5;"Impatiens";"glandulifera";2891770
9.463627;50.095165;4957319805;"CC_BY_NC_4_0";"";"HUMAN_OBSERVATION";2024;9;7;NA;"Impatiens";"glandulifera";2891770
9.132774;51.120188;4957191512;"CC_BY_NC_4_0";"";"HUMAN_OBSERVATION";2024;8;29;5;"Impatiens";"glandulifera";2891770
9.746798;50.990888;4957091396;"CC_BY_NC_4_0";"";"HUMAN_OBSERVATION";2024;8;25;20;"Impatiens";"glandulifera";2891770
8.677725;50.582484;2311308295;"CC0_1_0";"iNaturalist";"HUMAN_OBSERVATION";2019;7;23;5;"Impatiens";"glandulifera";2891770
8.040251;50.414934;3957567179;"CC_BY_4_0";"";"HUMAN_OBSERVATION";2021;8;26;16;"Impatiens";"glandulifera";2891770
8.609468;51.302953;3953760757;"CC_BY_4_0";"";"HUMAN_OBSERVATION";2021;9;28;5;"Impatiens";"glandulifera";2891770
8.975152;51.111342;4956937305;"CC_BY_NC_4_0";"";"HUMAN_OBSERVATION";2024;9;23;NA;"Impatiens";"glandulifera";2891770
8.896915;49.942647;4956883452;"CC_BY_NC_4_0";"";"HUMAN_OBSERVATION";2024;9;29;3;"Impatiens";"glandulifera";2891770
9.456725;51.625051;4461993632;"CC_BY_NC_4_0";"";"HUMAN_OBSERVATION";2023;9;10;NA;"Impatiens";"glandulifera";2891770
8.910897;51.166419;3955144618;"CC_BY_4_0";"";"HUMAN_OBSERVATION";2021;7;25;103;"Impatiens";"glandulifera";2891770
8.553492;50.229112;3955466136;"CC_BY_4_0";"";"HUMAN_OBSERVATION";2021;8;23;65;"Impatiens";"glandulifera";2891770
8.626326;50.594909;4956730504;"CC_BY_NC_4_0";"";"HUMAN_OBSERVATION";2024;9;16;191;"Impatiens";"glandulifera";2891770
9.380728;50.518608;4956654617;"CC_BY_NC_4_0";"";"HUMAN_OBSERVATION";2024;9;22;4;"Impatiens";"glandulifera";2891770
8.635268;50.356727;3952763697;"CC_BY_4_0";"";"HUMAN_OBSERVATION";2021;9;5;5;"Impatiens";"glandulifera";2891770
8.71288;49.569982;4956548350;"CC_BY_NC_4_0";"";"HUMAN_OBSERVATION";2024;10;5;NA;"Impatiens";"glandulifera";2891770
8.28331;50.558991;4956479274;"CC_BY_NC_4_0";"";"HUMAN_OBSERVATION";2024;9;29;12;"Impatiens";"glandulifera";2891770
9.239748;50.504823;4956369786;"CC_BY_NC_4_0";"";"HUMAN_OBSERVATION";2024;9;29;3;"Impatiens";"glandulifera";2891770
9.460645;50.631856;4956344759;"CC_BY_NC_4_0";"";"HUMAN_OBSERVATION";2024;9;6;5;"Impatiens";"glandulifera";2891770
9.371634;51.571696;4956317109;"CC_BY_NC_4_0";"";"HUMAN_OBSERVATION";2024;9;16;17;"Impatiens";"glandulifera";2891770
8.882242;50.864288;4956308357;"CC_BY_NC_4_0";"";"HUMAN_OBSERVATION";2024;10;3;4;"Impatiens";"glandulifera";2891770
9.502369;51.552802;4956225950;"CC_BY_NC_4_0";"";"HUMAN_OBSERVATION";2024;10;3;NA;"Impatiens";"glandulifera";2891770
9.722242;50.654575;3951770642;"CC_BY_4_0";"";"HUMAN_OBSERVATION";2017;9;24;NA;"Impatiens";"glandulifera";2891770
8.141265;50.612183;3952332548;"CC_BY_4_0";"";"HUMAN_OBSERVATION";2021;8;14;4;"Impatiens";"glandulifera";2891770
9.637623;50.983012;4956132715;"CC_BY_NC_4_0";"";"HUMAN_OBSERVATION";2024;8;30;NA;"Impatiens";"glandulifera";2891770
9.734906;50.616552;4956023084;"CC_BY_NC_4_0";"";"HUMAN_OBSERVATION";2024;10;7;NA;"Impatiens";"glandulifera";2891770
9.212472;51.243103;4955973203;"CC_BY_NC_4_0";"";"HUMAN_OBSERVATION";2024;8;27;NA;"Impatiens";"glandulifera";2891770
8.953459;51.108701;2977830020;"CC_BY_4_0";"";"HUMAN_OBSERVATION";2020;9;8;5;"Impatiens";"glandulifera";2891770
9.664487;50.550666;4955913366;"CC_BY_NC_4_0";"";"HUMAN_OBSERVATION";2024;8;30;3;"Impatiens";"glandulifera";2891770
9.794326;51.362085;2974422241;"CC_BY_4_0";"";"HUMAN_OBSERVATION";2020;8;3;6;"Impatiens";"glandulifera";2891770
8.264533;50.103333;4954316518;"CC_BY_NC_4_0";"iNaturalist";"HUMAN_OBSERVATION";2024;10;10;22;"Impatiens";"glandulifera";2891770
8.794303;50.80697;4952877378;"CC_BY_NC_4_0";"iNaturalist";"HUMAN_OBSERVATION";2024;10;6;17;"Impatiens";"glandulifera";2891770
8.772498;50.817817;4853078709;"CC0_1_0";"iNaturalist";"HUMAN_OBSERVATION";2024;4;26;3;"Impatiens";"glandulifera";2891770
9.684775;50.500395;4950312082;"CC_BY_NC_4_0";"iNaturalist";"HUMAN_OBSERVATION";2024;9;19;4;"Impatiens";"glandulifera";2891770
9.677388;50.517075;4950524837;"CC_BY_NC_4_0";"iNaturalist";"HUMAN_OBSERVATION";2024;9;19;3;"Impatiens";"glandulifera";2891770
9.679218;50.502021;3957954783;"CC_BY_4_0";"";"HUMAN_OBSERVATION";2021;8;8;6;"Impatiens";"glandulifera";2891770
9.674845;50.50503;4950330991;"CC_BY_NC_4_0";"iNaturalist";"HUMAN_OBSERVATION";2024;9;19;11;"Impatiens";"glandulifera";2891770
8.821321;51.2619;4950167561;"CC_BY_NC_4_0";"iNaturalist";"HUMAN_OBSERVATION";2024;9;20;142;"Impatiens";"glandulifera";2891770
8.827243;49.570242;4950079494;"CC_BY_NC_4_0";"iNaturalist";"HUMAN_OBSERVATION";2024;8;26;4;"Impatiens";"glandulifera";2891770
8.72295;50.102752;4950012876;"CC_BY_4_0";"iNaturalist";"HUMAN_OBSERVATION";2024;8;25;NA;"Impatiens";"glandulifera";2891770
9.674787;50.516587;4949889826;"CC_BY_NC_4_0";"iNaturalist";"HUMAN_OBSERVATION";2024;9;19;4;"Impatiens";"glandulifera";2891770
8.911295;51.166902;4946516131;"CC_BY_NC_4_0";"iNaturalist";"HUMAN_OBSERVATION";2024;9;7;1;"Impatiens";"glandulifera";2891770
8.727941;50.103421;3955205904;"CC_BY_4_0";"";"HUMAN_OBSERVATION";2021;8;7;NA;"Impatiens";"glandulifera";2891770
8.80135;50.669805;4946189685;"CC_BY_NC_4_0";"iNaturalist";"HUMAN_OBSERVATION";2024;9;12;4;"Impatiens";"glandulifera";2891770
10.061764;51.130945;4945934742;"CC_BY_NC_4_0";"iNaturalist";"HUMAN_OBSERVATION";2024;8;24;8;"Impatiens";"glandulifera";2891770
8.814597;50.671722;4910895604;"CC_BY_NC_4_0";"iNaturalist";"HUMAN_OBSERVATION";2024;6;29;5;"Impatiens";"glandulifera";2891770
8.816803;50.672295;4910873327;"CC_BY_NC_4_0";"iNaturalist";"HUMAN_OBSERVATION";2024;6;29;4;"Impatiens";"glandulifera";2891770
8.845795;50.677137;4945698664;"CC_BY_NC_4_0";"iNaturalist";"HUMAN_OBSERVATION";2024;9;17;3;"Impatiens";"glandulifera";2891770
9.527042;50.336353;4937046782;"CC_BY_NC_4_0";"iNaturalist";"HUMAN_OBSERVATION";2024;9;2;3;"Impatiens";"glandulifera";2891770
8.558437;50.100747;4936587129;"CC_BY_NC_4_0";"iNaturalist";"HUMAN_OBSERVATION";2024;8;21;4;"Impatiens";"glandulifera";2891770
8.709372;50.56868;4936520449;"CC_BY_NC_4_0";"iNaturalist";"HUMAN_OBSERVATION";2024;8;16;188;"Impatiens";"glandulifera";2891770
9.690533;50.516228;4935765984;"CC_BY_NC_4_0";"iNaturalist";"HUMAN_OBSERVATION";2024;8;27;4;"Impatiens";"glandulifera";2891770
8.697989;49.892541;4936310616;"CC_BY_NC_4_0";"iNaturalist";"HUMAN_OBSERVATION";2024;7;8;17;"Impatiens";"glandulifera";2891770
8.960307;49.80125;4936298444;"CC0_1_0";"iNaturalist";"HUMAN_OBSERVATION";2024;8;31;52;"Impatiens";"glandulifera";2891770
8.931923;51.090573;4936291504;"CC_BY_4_0";"iNaturalist";"HUMAN_OBSERVATION";2021;7;17;NA;"Impatiens";"glandulifera";2891770
9.37214;51.337254;4936287125;"CC0_1_0";"iNaturalist";"HUMAN_OBSERVATION";2024;8;25;19;"Impatiens";"glandulifera";2891770
8.896463;51.167646;4936023573;"CC_BY_NC_4_0";"iNaturalist";"HUMAN_OBSERVATION";2024;8;29;3;"Impatiens";"glandulifera";2891770
8.262372;50.113203;3957457477;"CC_BY_4_0";"";"HUMAN_OBSERVATION";2021;8;11;NA;"Impatiens";"glandulifera";2891770
8.675544;50.075567;4935634250;"CC_BY_NC_4_0";"iNaturalist";"HUMAN_OBSERVATION";2024;8;29;104;"Impatiens";"glandulifera";2891770
8.651609;50.816734;4935542328;"CC_BY_NC_4_0";"";"HUMAN_OBSERVATION";2024;8;19;NA;"Impatiens";"glandulifera";2891770
8.63602;50.87381;4935468108;"CC_BY_NC_4_0";"";"HUMAN_OBSERVATION";2024;8;4;5;"Impatiens";"glandulifera";2891770
9.309545;51.362205;4935468063;"CC_BY_NC_4_0";"";"HUMAN_OBSERVATION";2024;8;4;NA;"Impatiens";"glandulifera";2891770
8.711235;50.674119;3958281414;"CC_BY_4_0";"";"HUMAN_OBSERVATION";2021;9;19;48;"Impatiens";"glandulifera";2891770
8.669417;50.121948;4935415451;"CC_BY_NC_4_0";"";"HUMAN_OBSERVATION";2024;7;29;2;"Impatiens";"glandulifera";2891770
8.890898;49.670074;4935348738;"CC_BY_NC_4_0";"";"HUMAN_OBSERVATION";2024;7;24;8;"Impatiens";"glandulifera";2891770
8.223507;50.401591;4935274888;"CC_BY_NC_4_0";"";"HUMAN_OBSERVATION";2024;7;27;3;"Impatiens";"glandulifera";2891770
9.484523;51.286785;4057139880;"CC_BY_NC_4_0";"";"HUMAN_OBSERVATION";2022;10;3;14;"Impatiens";"glandulifera";2891770
8.240439;50.608185;4935247583;"CC_BY_NC_4_0";"";"HUMAN_OBSERVATION";2024;7;26;5;"Impatiens";"glandulifera";2891770
8.785922;49.936067;4935214689;"CC_BY_NC_4_0";"";"HUMAN_OBSERVATION";2024;7;27;8;"Impatiens";"glandulifera";2891770
8.334919;50.535317;4935213238;"CC_BY_NC_4_0";"";"HUMAN_OBSERVATION";2024;7;25;4;"Impatiens";"glandulifera";2891770
8.653935;49.743251;3998392169;"CC_BY_4_0";"";"HUMAN_OBSERVATION";2022;10;3;11;"Impatiens";"glandulifera";2891770
9.750539;51.350611;4935154652;"CC_BY_NC_4_0";"";"HUMAN_OBSERVATION";2024;7;6;NA;"Impatiens";"glandulifera";2891770
9.111983;51.096378;4935141312;"CC_BY_NC_4_0";"";"HUMAN_OBSERVATION";2024;6;26;25;"Impatiens";"glandulifera";2891770
8.634753;51.275635;4935129877;"CC_BY_NC_4_0";"";"HUMAN_OBSERVATION";2024;7;19;5;"Impatiens";"glandulifera";2891770
9.574515;50.771974;4935108190;"CC_BY_NC_4_0";"";"HUMAN_OBSERVATION";2024;6;4;7;"Impatiens";"glandulifera";2891770
9.456395;51.22852;4935104603;"CC_BY_NC_4_0";"";"HUMAN_OBSERVATION";2024;6;9;24;"Impatiens";"glandulifera";2891770
8.842942;49.57553;4935101886;"CC_BY_NC_4_0";"";"HUMAN_OBSERVATION";2024;6;18;200;"Impatiens";"glandulifera";2891770
9.098919;49.762231;4935099156;"CC_BY_NC_4_0";"";"HUMAN_OBSERVATION";2024;7;16;3;"Impatiens";"glandulifera";2891770
9.513053;51.144627;4935080643;"CC_BY_NC_4_0";"";"HUMAN_OBSERVATION";2024;7;19;3;"Impatiens";"glandulifera";2891770
9.05304;50.357322;4935011176;"CC_BY_NC_4_0";"";"HUMAN_OBSERVATION";2024;7;16;4;"Impatiens";"glandulifera";2891770
9.655477;50.562774;4934937429;"CC_BY_NC_4_0";"";"HUMAN_OBSERVATION";2024;7;15;3;"Impatiens";"glandulifera";2891770
9.094175;50.581993;4934928575;"CC_BY_NC_4_0";"";"HUMAN_OBSERVATION";2024;7;14;7;"Impatiens";"glandulifera";2891770
9.590158;51.295477;2975676985;"CC_BY_4_0";"";"HUMAN_OBSERVATION";2020;9;2;12;"Impatiens";"glandulifera";2891770
10.004053;51.119267;4934871993;"CC_BY_NC_4_0";"";"HUMAN_OBSERVATION";2024;7;8;5;"Impatiens";"glandulifera";2891770
8.541414;50.172302;4934861347;"CC_BY_NC_4_0";"";"HUMAN_OBSERVATION";2024;7;4;23;"Impatiens";"glandulifera";2891770
9.576591;50.912733;4934824365;"CC_BY_NC_4_0";"";"HUMAN_OBSERVATION";2024;7;1;NA;"Impatiens";"glandulifera";2891770
9.112407;50.615753;4934801686;"CC_BY_NC_4_0";"";"HUMAN_OBSERVATION";2024;7;7;4;"Impatiens";"glandulifera";2891770
9.462806;51.650411;4934788891;"CC_BY_NC_4_0";"";"HUMAN_OBSERVATION";2024;6;6;5;"Impatiens";"glandulifera";2891770
9.447964;51.316193;3892577014;"CC_BY_NC_4_0";"iNaturalist";"HUMAN_OBSERVATION";2022;8;14;919;"Impatiens";"glandulifera";2891770
9.687181;51.090606;4934659265;"CC_BY_NC_4_0";"";"HUMAN_OBSERVATION";2024;7;6;NA;"Impatiens";"glandulifera";2891770
9.391569;50.821934;4934647014;"CC_BY_NC_4_0";"";"HUMAN_OBSERVATION";2024;6;16;3;"Impatiens";"glandulifera";2891770
8.694202;50.22163;4934635219;"CC_BY_NC_4_0";"";"HUMAN_OBSERVATION";2024;7;6;3;"Impatiens";"glandulifera";2891770
8.85427;49.774708;4883576789;"CC_BY_NC_4_0";"";"HUMAN_OBSERVATION";2024;5;17;7;"Impatiens";"glandulifera";2891770
9.496808;51.601162;4934145961;"CC_BY_NC_4_0";"";"HUMAN_OBSERVATION";2024;8;17;NA;"Impatiens";"glandulifera";2891770
8.885022;49.756828;4934118893;"CC_BY_NC_4_0";"";"HUMAN_OBSERVATION";2024;8;1;4;"Impatiens";"glandulifera";2891770
9.947798;51.104169;4934104426;"CC_BY_NC_4_0";"";"HUMAN_OBSERVATION";2024;4;10;15;"Impatiens";"glandulifera";2891770
7.993002;50.126251;4934085044;"CC_BY_NC_4_0";"";"HUMAN_OBSERVATION";2024;8;4;4;"Impatiens";"glandulifera";2891770
8.525503;50.212891;4934062025;"CC_BY_NC_4_0";"";"HUMAN_OBSERVATION";2024;8;7;16;"Impatiens";"glandulifera";2891770
10.165543;51.179045;4933931311;"CC_BY_NC_4_0";"";"HUMAN_OBSERVATION";2024;7;29;74;"Impatiens";"glandulifera";2891770
9.077651;49.756791;4931692722;"CC_BY_NC_4_0";"";"HUMAN_OBSERVATION";2024;7;23;402;"Impatiens";"glandulifera";2891770
9.494594;50.603118;2977796677;"CC_BY_4_0";"";"HUMAN_OBSERVATION";2020;9;27;3;"Impatiens";"glandulifera";2891770
8.787209;49.982848;4933815062;"CC_BY_NC_4_0";"";"HUMAN_OBSERVATION";2024;8;3;10;"Impatiens";"glandulifera";2891770
9.279844;51.260165;4933799352;"CC_BY_NC_4_0";"";"HUMAN_OBSERVATION";2024;8;15;3;"Impatiens";"glandulifera";2891770
7.802783;50.044492;3722899738;"CC_BY_NC_4_0";"";"HUMAN_OBSERVATION";2021;10;10;65;"Impatiens";"glandulifera";2891770
8.24094;50.47477;3959923830;"CC_BY_4_0";"";"HUMAN_OBSERVATION";2021;10;3;51;"Impatiens";"glandulifera";2891770
8.375583;50.526585;4933550996;"CC_BY_NC_4_0";"";"HUMAN_OBSERVATION";2024;7;23;4;"Impatiens";"glandulifera";2891770
8.789409;49.88421;3730077141;"CC_BY_NC_4_0";"";"HUMAN_OBSERVATION";2021;7;14;NA;"Impatiens";"glandulifera";2891770
8.821951;49.825043;4933434133;"CC_BY_NC_4_0";"";"HUMAN_OBSERVATION";2024;7;17;5;"Impatiens";"glandulifera";2891770
9.628089;50.607254;4933431758;"CC_BY_NC_4_0";"";"HUMAN_OBSERVATION";2024;7;19;3;"Impatiens";"glandulifera";2891770
9.086279;50.286711;4933419838;"CC_BY_NC_4_0";"";"HUMAN_OBSERVATION";2024;7;23;NA;"Impatiens";"glandulifera";2891770
9.150863;51.045038;4933367125;"CC_BY_NC_4_0";"";"HUMAN_OBSERVATION";2024;8;19;276;"Impatiens";"glandulifera";2891770
8.431475;50.485077;4933313555;"CC_BY_NC_4_0";"";"HUMAN_OBSERVATION";2024;7;3;4;"Impatiens";"glandulifera";2891770
9.440214;51.27575;4933268362;"CC_BY_NC_4_0";"";"HUMAN_OBSERVATION";2024;7;19;NA;"Impatiens";"glandulifera";2891770
9.108165;50.614441;4933245222;"CC_BY_NC_4_0";"";"HUMAN_OBSERVATION";2024;7;2;5;"Impatiens";"glandulifera";2891770
9.17;50.424167;3953152492;"CC_BY_4_0";"";"HUMAN_OBSERVATION";2021;8;19;NA;"Impatiens";"glandulifera";2891770
9.583039;51.238753;4933138683;"CC_BY_NC_4_0";"";"HUMAN_OBSERVATION";2024;7;28;9;"Impatiens";"glandulifera";2891770
9.442659;51.31662;4933105399;"CC_BY_NC_4_0";"";"HUMAN_OBSERVATION";2024;7;6;12;"Impatiens";"glandulifera";2891770
8.661523;49.684427;4933081236;"CC_BY_NC_4_0";"";"HUMAN_OBSERVATION";2024;7;1;4;"Impatiens";"glandulifera";2891770
8.658671;51.278564;4933078047;"CC_BY_NC_4_0";"";"HUMAN_OBSERVATION";2024;7;29;27;"Impatiens";"glandulifera";2891770
9.883133;51.383197;4933025095;"CC_BY_NC_4_0";"";"HUMAN_OBSERVATION";2024;7;7;6;"Impatiens";"glandulifera";2891770
9.162257;50.445871;4933015107;"CC_BY_NC_4_0";"";"HUMAN_OBSERVATION";2024;6;22;6;"Impatiens";"glandulifera";2891770
9.559604;51.313776;3905948915;"CC_BY_NC_4_0";"";"HUMAN_OBSERVATION";2022;7;22;6;"Impatiens";"glandulifera";2891770
9.240404;50.464338;4932969384;"CC_BY_NC_4_0";"";"HUMAN_OBSERVATION";2024;7;13;3;"Impatiens";"glandulifera";2891770
8.810926;50.51535;4930769903;"CC_BY_NC_4_0";"";"HUMAN_OBSERVATION";2024;7;1;9;"Impatiens";"glandulifera";2891770
9.944427;50.481163;4932902570;"CC_BY_NC_4_0";"";"HUMAN_OBSERVATION";2024;7;11;NA;"Impatiens";"glandulifera";2891770
9.530186;51.211823;3904076747;"CC_BY_NC_4_0";"";"HUMAN_OBSERVATION";2022;5;17;7;"Impatiens";"glandulifera";2891770
9.702277;51.039689;4932858671;"CC_BY_NC_4_0";"";"HUMAN_OBSERVATION";2024;7;26;12;"Impatiens";"glandulifera";2891770
8.258096;50.507538;4932711460;"CC_BY_NC_4_0";"";"HUMAN_OBSERVATION";2024;8;18;5;"Impatiens";"glandulifera";2891770
9.364965;51.296317;2649561310;"CC_BY_4_0";"";"HUMAN_OBSERVATION";2019;8;1;8;"Impatiens";"glandulifera";2891770
8.468432;50.08063;4932706880;"CC_BY_NC_4_0";"";"HUMAN_OBSERVATION";2024;8;16;NA;"Impatiens";"glandulifera";2891770
9.404438;51.598114;4932620586;"CC_BY_NC_4_0";"";"HUMAN_OBSERVATION";2024;6;26;5;"Impatiens";"glandulifera";2891770
8.598372;51.28595;4932531960;"CC_BY_NC_4_0";"";"HUMAN_OBSERVATION";2024;8;10;2;"Impatiens";"glandulifera";2891770
8.907287;49.592078;4932523829;"CC_BY_NC_4_0";"";"HUMAN_OBSERVATION";2024;8;11;5;"Impatiens";"glandulifera";2891770
9.489741;50.624743;4460901889;"CC_BY_NC_4_0";"";"HUMAN_OBSERVATION";2023;7;28;4;"Impatiens";"glandulifera";2891770
8.448637;50.163467;3957521322;"CC_BY_4_0";"";"HUMAN_OBSERVATION";2021;7;26;5;"Impatiens";"glandulifera";2891770
8.406103;50.543081;4932387982;"CC_BY_NC_4_0";"";"HUMAN_OBSERVATION";2024;7;7;116;"Impatiens";"glandulifera";2891770
9.343967;51.222697;4932373259;"CC_BY_NC_4_0";"";"HUMAN_OBSERVATION";2024;8;8;5;"Impatiens";"glandulifera";2891770
8.6488;50.575365;4932358104;"CC_BY_NC_4_0";"";"HUMAN_OBSERVATION";2024;7;13;4;"Impatiens";"glandulifera";2891770
8.373095;50.742509;4932345413;"CC_BY_NC_4_0";"";"HUMAN_OBSERVATION";2024;8;8;4;"Impatiens";"glandulifera";2891770
9.316311;50.530025;4932339724;"CC_BY_NC_4_0";"";"HUMAN_OBSERVATION";2024;7;28;NA;"Impatiens";"glandulifera";2891770
9.236041;50.420105;4932304034;"CC_BY_NC_4_0";"";"HUMAN_OBSERVATION";2024;7;28;NA;"Impatiens";"glandulifera";2891770
10.115706;51.019037;4932277137;"CC_BY_NC_4_0";"";"HUMAN_OBSERVATION";2024;7;26;16;"Impatiens";"glandulifera";2891770
8.951467;49.915742;3957156353;"CC_BY_4_0";"";"HUMAN_OBSERVATION";2018;10;4;NA;"Impatiens";"glandulifera";2891770
8.299148;50.699677;4932234068;"CC_BY_NC_4_0";"";"HUMAN_OBSERVATION";2024;7;20;5;"Impatiens";"glandulifera";2891770
9.683178;51.244598;4932233822;"CC_BY_NC_4_0";"";"HUMAN_OBSERVATION";2024;7;20;4;"Impatiens";"glandulifera";2891770
9.955459;51.280941;4461441386;"CC_BY_NC_4_0";"";"HUMAN_OBSERVATION";2023;7;10;NA;"Impatiens";"glandulifera";2891770
8.770667;49.682586;4932010180;"CC_BY_NC_4_0";"";"HUMAN_OBSERVATION";2024;8;20;8;"Impatiens";"glandulifera";2891770
8.964585;49.606707;4932000448;"CC_BY_NC_4_0";"";"HUMAN_OBSERVATION";2024;7;28;586;"Impatiens";"glandulifera";2891770
9.604612;51.49435;4932000075;"CC_BY_NC_4_0";"";"HUMAN_OBSERVATION";2024;7;26;NA;"Impatiens";"glandulifera";2891770
9.173889;51.0725;4930569587;"CC_BY_NC_4_0";"";"HUMAN_OBSERVATION";2024;6;1;NA;"Impatiens";"glandulifera";2891770
8.72832;51.121384;4931981195;"CC_BY_NC_4_0";"";"HUMAN_OBSERVATION";2024;8;2;8;"Impatiens";"glandulifera";2891770
8.545212;50.994281;4931976444;"CC_BY_NC_4_0";"";"HUMAN_OBSERVATION";2024;8;15;1;"Impatiens";"glandulifera";2891770
8.914283;51.151581;4931951374;"CC_BY_NC_4_0";"";"HUMAN_OBSERVATION";2024;7;21;26;"Impatiens";"glandulifera";2891770
8.641122;50.167087;2864710762;"CC_BY_NC_4_0";"iNaturalist";"HUMAN_OBSERVATION";2020;9;15;15;"Impatiens";"glandulifera";2891770
8.802222;49.542195;3956418480;"CC_BY_4_0";"";"HUMAN_OBSERVATION";2021;8;8;5;"Impatiens";"glandulifera";2891770
8.87875;51.181225;4931739528;"CC_BY_NC_4_0";"";"HUMAN_OBSERVATION";2024;7;21;6;"Impatiens";"glandulifera";2891770
8.888056;51.175556;2977930595;"CC_BY_4_0";"";"HUMAN_OBSERVATION";2020;8;14;NA;"Impatiens";"glandulifera";2891770
8.234274;50.357391;4931735625;"CC_BY_NC_4_0";"";"HUMAN_OBSERVATION";2024;7;29;7;"Impatiens";"glandulifera";2891770
8.621357;51.278831;3335445272;"CC_BY_NC_4_0";"iNaturalist";"HUMAN_OBSERVATION";2021;8;3;56;"Impatiens";"glandulifera";2891770
9.625353;51.201033;2974411095;"CC_BY_4_0";"";"HUMAN_OBSERVATION";2020;8;19;NA;"Impatiens";"glandulifera";2891770
9.35883;51.310372;4931620906;"CC_BY_NC_4_0";"";"HUMAN_OBSERVATION";2024;7;7;3;"Impatiens";"glandulifera";2891770
9.612528;51.155729;4931607663;"CC_BY_NC_4_0";"";"HUMAN_OBSERVATION";2024;8;3;NA;"Impatiens";"glandulifera";2891770
8.894414;49.462133;4931606305;"CC_BY_NC_4_0";"";"HUMAN_OBSERVATION";2024;6;7;3;"Impatiens";"glandulifera";2891770
9.283262;51.242658;4931591057;"CC_BY_NC_4_0";"";"HUMAN_OBSERVATION";2024;8;15;4;"Impatiens";"glandulifera";2891770
9.931088;51.071167;4931541558;"CC_BY_NC_4_0";"";"HUMAN_OBSERVATION";2024;7;8;4;"Impatiens";"glandulifera";2891770
10.089377;51.188053;3956481575;"CC_BY_4_0";"";"HUMAN_OBSERVATION";2021;8;2;6;"Impatiens";"glandulifera";2891770
8.882347;49.758525;4931455171;"CC_BY_NC_4_0";"";"HUMAN_OBSERVATION";2024;7;5;4;"Impatiens";"glandulifera";2891770
8.858932;50.530015;4931440405;"CC_BY_NC_4_0";"";"HUMAN_OBSERVATION";2024;4;12;24;"Impatiens";"glandulifera";2891770
8.184642;50.098853;2977954529;"CC_BY_4_0";"";"HUMAN_OBSERVATION";2020;7;10;6;"Impatiens";"glandulifera";2891770
8.815641;50.78949;4931361979;"CC_BY_NC_4_0";"";"HUMAN_OBSERVATION";2024;6;4;5;"Impatiens";"glandulifera";2891770
8.996378;49.639808;4931320041;"CC_BY_NC_4_0";"";"HUMAN_OBSERVATION";2024;6;19;3;"Impatiens";"glandulifera";2891770
8.886025;49.87616;4931258930;"CC_BY_NC_4_0";"";"HUMAN_OBSERVATION";2024;7;5;NA;"Impatiens";"glandulifera";2891770
8.451512;50.279083;4931205486;"CC_BY_NC_4_0";"";"HUMAN_OBSERVATION";2024;8;10;7;"Impatiens";"glandulifera";2891770
9.564669;51.342246;3959473537;"CC_BY_4_0";"";"HUMAN_OBSERVATION";2021;10;2;2;"Impatiens";"glandulifera";2891770
8.272963;50.507255;4931174063;"CC_BY_NC_4_0";"";"HUMAN_OBSERVATION";2024;7;4;3;"Impatiens";"glandulifera";2891770
9.513927;51.318639;3957601169;"CC_BY_4_0";"";"HUMAN_OBSERVATION";2021;8;2;25;"Impatiens";"glandulifera";2891770
8.6;49.7;4931073210;"CC_BY_NC_4_0";"";"HUMAN_OBSERVATION";2024;7;14;NA;"Impatiens";"glandulifera";2891770
9.500274;51.441056;2649041697;"CC_BY_4_0";"";"HUMAN_OBSERVATION";2019;9;7;48;"Impatiens";"glandulifera";2891770
8.798887;49.643212;4931041566;"CC_BY_NC_4_0";"";"HUMAN_OBSERVATION";2024;7;6;100;"Impatiens";"glandulifera";2891770
9.081858;49.769234;4930992074;"CC_BY_NC_4_0";"";"HUMAN_OBSERVATION";2024;6;28;4;"Impatiens";"glandulifera";2891770
9.91374;50.4308;4930885980;"CC_BY_NC_4_0";"";"HUMAN_OBSERVATION";2024;6;17;NA;"Impatiens";"glandulifera";2891770
9.046659;51.355733;4930828569;"CC_BY_NC_4_0";"";"HUMAN_OBSERVATION";2024;6;14;NA;"Impatiens";"glandulifera";2891770
8.327894;50.700145;4930810264;"CC_BY_NC_4_0";"";"HUMAN_OBSERVATION";2024;8;19;7;"Impatiens";"glandulifera";2891770
9.797919;51.314026;4930782348;"CC_BY_NC_4_0";"";"HUMAN_OBSERVATION";2024;6;14;5;"Impatiens";"glandulifera";2891770
9.374608;51.293573;2814203470;"CC_BY_NC_4_0";"iNaturalist";"HUMAN_OBSERVATION";2020;7;5;19;"Impatiens";"glandulifera";2891770
9.490248;50.625134;4930692059;"CC_BY_NC_4_0";"";"HUMAN_OBSERVATION";2024;7;28;NA;"Impatiens";"glandulifera";2891770
9.523571;51.295166;4930646597;"CC_BY_NC_4_0";"";"HUMAN_OBSERVATION";2024;6;11;5;"Impatiens";"glandulifera";2891770
8.556038;50.100802;3998435174;"CC_BY_4_0";"";"HUMAN_OBSERVATION";2022;9;26;8;"Impatiens";"glandulifera";2891770
9.487513;51.183441;4930494095;"CC_BY_NC_4_0";"";"HUMAN_OBSERVATION";2024;7;11;42;"Impatiens";"glandulifera";2891770
8.320258;50.67632;4930470861;"CC_BY_NC_4_0";"";"HUMAN_OBSERVATION";2024;7;13;10;"Impatiens";"glandulifera";2891770
9.584228;51.221039;4930446585;"CC_BY_NC_4_0";"";"HUMAN_OBSERVATION";2024;7;17;5;"Impatiens";"glandulifera";2891770
8.257941;50.091738;4926294463;"CC_BY_NC_4_0";"iNaturalist";"HUMAN_OBSERVATION";2024;8;20;23;"Impatiens";"glandulifera";2891770
9.785927;50.96389;4926288011;"CC_BY_NC_4_0";"iNaturalist";"HUMAN_OBSERVATION";2024;8;17;15;"Impatiens";"glandulifera";2891770
8.777975;50.812271;3079855454;"CC_BY_NC_4_0";"iNaturalist";"HUMAN_OBSERVATION";2021;4;3;25;"Impatiens";"glandulifera";2891770
8.794681;50.858706;4926205935;"CC_BY_4_0";"iNaturalist";"HUMAN_OBSERVATION";2024;8;18;NA;"Impatiens";"glandulifera";2891770
8.730291;49.781538;4926178381;"CC_BY_NC_4_0";"iNaturalist";"HUMAN_OBSERVATION";2024;8;16;9;"Impatiens";"glandulifera";2891770
8.768772;50.671975;4924008097;"CC_BY_NC_4_0";"iNaturalist";"HUMAN_OBSERVATION";2024;8;7;4;"Impatiens";"glandulifera";2891770
8.775995;50.669445;4923893652;"CC_BY_NC_4_0";"iNaturalist";"HUMAN_OBSERVATION";2024;8;8;3;"Impatiens";"glandulifera";2891770
8.701;49.852816;4923811229;"CC_BY_NC_4_0";"iNaturalist";"HUMAN_OBSERVATION";2024;8;8;910;"Impatiens";"glandulifera";2891770
8.78277;50.665012;4923695981;"CC_BY_NC_4_0";"iNaturalist";"HUMAN_OBSERVATION";2024;8;8;3;"Impatiens";"glandulifera";2891770
9.400827;51.286663;4921756327;"CC_BY_NC_4_0";"iNaturalist";"HUMAN_OBSERVATION";2024;7;14;242;"Impatiens";"glandulifera";2891770
8.462463;50.726365;4919459555;"CC_BY_NC_4_0";"iNaturalist";"HUMAN_OBSERVATION";2024;7;30;4;"Impatiens";"glandulifera";2891770
10.104448;51.202989;4919359295;"CC_BY_NC_4_0";"iNaturalist";"HUMAN_OBSERVATION";2023;8;9;4;"Impatiens";"glandulifera";2891770
8.468495;50.885262;4919120079;"CC_BY_NC_4_0";"iNaturalist";"HUMAN_OBSERVATION";2024;7;26;3;"Impatiens";"glandulifera";2891770
8.448667;50.800075;4904200904;"CC_BY_NC_4_0";"iNaturalist";"HUMAN_OBSERVATION";2024;6;28;3;"Impatiens";"glandulifera";2891770
8.478084;50.165782;4177564391;"CC_BY_NC_4_0";"iNaturalist";"HUMAN_OBSERVATION";2023;8;14;6;"Impatiens";"glandulifera";2891770
8.834897;50.676395;4911020526;"CC_BY_NC_4_0";"iNaturalist";"HUMAN_OBSERVATION";2024;6;29;3;"Impatiens";"glandulifera";2891770
7.948257;50.030103;4910962477;"CC_BY_NC_4_0";"iNaturalist";"HUMAN_OBSERVATION";2024;7;18;217;"Impatiens";"glandulifera";2891770
8.691063;50.065433;4910950186;"CC_BY_NC_4_0";"iNaturalist";"HUMAN_OBSERVATION";2024;7;22;6;"Impatiens";"glandulifera";2891770
8.989425;49.564075;4910817715;"CC_BY_NC_4_0";"iNaturalist";"HUMAN_OBSERVATION";2024;7;20;8;"Impatiens";"glandulifera";2891770
8.832453;50.674822;4910742210;"CC_BY_NC_4_0";"iNaturalist";"HUMAN_OBSERVATION";2024;6;26;3;"Impatiens";"glandulifera";2891770
8.833598;50.821804;4908893637;"CC_BY_NC_4_0";"iNaturalist";"HUMAN_OBSERVATION";2024;7;7;585;"Impatiens";"glandulifera";2891770
8.554451;50.922058;4908617080;"CC_BY_NC_4_0";"iNaturalist";"HUMAN_OBSERVATION";2024;7;11;NA;"Impatiens";"glandulifera";2891770
8.112497;50.071824;4908576376;"CC_BY_NC_4_0";"iNaturalist";"HUMAN_OBSERVATION";2024;7;16;452;"Impatiens";"glandulifera";2891770
8.650249;50.629638;4908283463;"CC_BY_NC_4_0";"iNaturalist";"HUMAN_OBSERVATION";2024;7;17;4;"Impatiens";"glandulifera";2891770
8.32093;50.088531;4908116557;"CC_BY_NC_4_0";"iNaturalist";"HUMAN_OBSERVATION";2024;7;13;4;"Impatiens";"glandulifera";2891770
8.52307;50.754273;3999053694;"CC_BY_4_0";"";"HUMAN_OBSERVATION";2022;10;9;19;"Impatiens";"glandulifera";2891770
9.029325;50.44125;4903926883;"CC_BY_NC_4_0";"iNaturalist";"HUMAN_OBSERVATION";2022;6;30;17;"Impatiens";"glandulifera";2891770
8.706263;50.653647;4901953535;"CC_BY_NC_4_0";"iNaturalist";"HUMAN_OBSERVATION";2024;6;17;3;"Impatiens";"glandulifera";2891770
8.689437;50.172322;4901573508;"CC_BY_NC_4_0";"iNaturalist";"HUMAN_OBSERVATION";2024;6;17;NA;"Impatiens";"glandulifera";2891770
8.783525;50.666637;4901099148;"CC_BY_NC_4_0";"iNaturalist";"HUMAN_OBSERVATION";2024;6;19;4;"Impatiens";"glandulifera";2891770
8.760728;50.664008;4901084300;"CC_BY_NC_4_0";"iNaturalist";"HUMAN_OBSERVATION";2024;6;24;4;"Impatiens";"glandulifera";2891770
8.398286;50.63938;4892061949;"CC_BY_NC_4_0";"iNaturalist";"HUMAN_OBSERVATION";2024;6;5;4;"Impatiens";"glandulifera";2891770
8.724031;49.716086;4889887287;"CC_BY_NC_4_0";"";"HUMAN_OBSERVATION";2023;8;9;944;"Impatiens";"glandulifera";2891770
9.053516;50.169861;4888676788;"CC_BY_NC_4_0";"";"HUMAN_OBSERVATION";2024;5;16;19;"Impatiens";"glandulifera";2891770
8.873349;49.753441;3998218250;"CC_BY_4_0";"";"HUMAN_OBSERVATION";2022;9;4;4;"Impatiens";"glandulifera";2891770
8.730693;49.718171;4884806354;"CC_BY_NC_4_0";"";"HUMAN_OBSERVATION";2023;8;5;27;"Impatiens";"glandulifera";2891770
9.749183;50.99253;4882297728;"CC_BY_NC_4_0";"";"HUMAN_OBSERVATION";2023;8;7;10;"Impatiens";"glandulifera";2891770
9.306424;51.233612;4881915619;"CC_BY_NC_4_0";"";"HUMAN_OBSERVATION";2024;4;9;5;"Impatiens";"glandulifera";2891770
9.46916;51.251572;4881637635;"CC_BY_NC_4_0";"";"HUMAN_OBSERVATION";2024;3;24;NA;"Impatiens";"glandulifera";2891770
9.675757;50.510195;4872611515;"CC_BY_NC_4_0";"iNaturalist";"HUMAN_OBSERVATION";2024;5;28;NA;"Impatiens";"glandulifera";2891770
9.666389;50.503416;4853096486;"CC_BY_NC_4_0";"iNaturalist";"HUMAN_OBSERVATION";2024;4;26;NA;"Impatiens";"glandulifera";2891770
8.8266;50.879252;4852301180;"CC0_1_0";"iNaturalist";"HUMAN_OBSERVATION";2024;4;19;2;"Impatiens";"glandulifera";2891770
9.665934;50.510356;4852038560;"CC_BY_NC_4_0";"iNaturalist";"HUMAN_OBSERVATION";2024;4;26;NA;"Impatiens";"glandulifera";2891770
9.672347;50.514921;4851846660;"CC_BY_NC_4_0";"iNaturalist";"HUMAN_OBSERVATION";2024;4;26;3;"Impatiens";"glandulifera";2891770
8.312492;50.113706;4846947822;"CC_BY_NC_4_0";"iNaturalist";"HUMAN_OBSERVATION";2024;4;13;4;"Impatiens";"glandulifera";2891770
9.850495;51.291512;4600200099;"CC_BY_NC_4_0";"iNaturalist";"HUMAN_OBSERVATION";2024;3;26;3;"Impatiens";"glandulifera";2891770
7.985869;50.492936;4599774580;"CC_BY_NC_4_0";"iNaturalist";"HUMAN_OBSERVATION";2021;8;6;NA;"Impatiens";"glandulifera";2891770
8.217033;50.747861;4522507517;"CC0_1_0";"iNaturalist";"HUMAN_OBSERVATION";2021;7;14;6;"Impatiens";"glandulifera";2891770
9.393406;50.535818;4462467692;"CC_BY_NC_4_0";"";"HUMAN_OBSERVATION";2023;10;3;4;"Impatiens";"glandulifera";2891770
9.439406;50.543104;4462405483;"CC_BY_NC_4_0";"";"HUMAN_OBSERVATION";2023;10;3;4;"Impatiens";"glandulifera";2891770
9.392775;51.307669;4462357806;"CC_BY_NC_4_0";"";"HUMAN_OBSERVATION";2023;9;18;4;"Impatiens";"glandulifera";2891770
9.258458;50.482432;2977894766;"CC_BY_4_0";"";"HUMAN_OBSERVATION";2020;7;24;36;"Impatiens";"glandulifera";2891770
8.904628;51.114853;4462349621;"CC_BY_NC_4_0";"";"HUMAN_OBSERVATION";2023;10;1;39;"Impatiens";"glandulifera";2891770
9.341427;50.573255;4462318144;"CC_BY_NC_4_0";"";"HUMAN_OBSERVATION";2023;10;1;4;"Impatiens";"glandulifera";2891770
8.905496;51.185394;3955881787;"CC_BY_4_0";"";"HUMAN_OBSERVATION";2017;8;20;16;"Impatiens";"glandulifera";2891770
8.877938;49.59597;4462281348;"CC_BY_NC_4_0";"";"HUMAN_OBSERVATION";2023;8;20;25;"Impatiens";"glandulifera";2891770
8.82;49.55;4462223495;"CC_BY_NC_4_0";"";"HUMAN_OBSERVATION";2023;8;15;NA;"Impatiens";"glandulifera";2891770
9.505783;50.621273;4462215863;"CC_BY_NC_4_0";"";"HUMAN_OBSERVATION";2023;9;11;NA;"Impatiens";"glandulifera";2891770
8.251389;50.459937;3952383347;"CC_BY_4_0";"";"HUMAN_OBSERVATION";2021;8;16;19;"Impatiens";"glandulifera";2891770
8.790532;49.793945;4462190571;"CC_BY_NC_4_0";"";"HUMAN_OBSERVATION";2023;8;13;86;"Impatiens";"glandulifera";2891770
9.805826;51.371238;4462178880;"CC_BY_NC_4_0";"";"HUMAN_OBSERVATION";2023;8;6;5;"Impatiens";"glandulifera";2891770
8.678989;50.62671;4462178800;"CC_BY_NC_4_0";"";"HUMAN_OBSERVATION";2023;8;4;NA;"Impatiens";"glandulifera";2891770
9.375528;51.298442;4462166747;"CC_BY_NC_4_0";"";"HUMAN_OBSERVATION";2023;8;5;NA;"Impatiens";"glandulifera";2891770
8.757939;50.851562;4462151423;"CC_BY_NC_4_0";"";"HUMAN_OBSERVATION";2023;10;5;5;"Impatiens";"glandulifera";2891770
9.52382;51.182648;4462131103;"CC_BY_NC_4_0";"";"HUMAN_OBSERVATION";2023;9;9;5;"Impatiens";"glandulifera";2891770
9.354347;50.389949;3957245294;"CC_BY_4_0";"";"HUMAN_OBSERVATION";2021;7;25;NA;"Impatiens";"glandulifera";2891770
9.45742;51.616142;4462011393;"CC_BY_NC_4_0";"";"HUMAN_OBSERVATION";2023;9;11;5;"Impatiens";"glandulifera";2891770
9.460335;50.952805;4461985343;"CC_BY_NC_4_0";"";"HUMAN_OBSERVATION";2023;10;7;8;"Impatiens";"glandulifera";2891770
8.818048;50.600221;4461983691;"CC_BY_NC_4_0";"";"HUMAN_OBSERVATION";2023;8;9;NA;"Impatiens";"glandulifera";2891770
9.719888;50.618202;4461983552;"CC_BY_NC_4_0";"";"HUMAN_OBSERVATION";2023;7;30;700;"Impatiens";"glandulifera";2891770
9.063711;49.530039;4461983208;"CC_BY_NC_4_0";"";"HUMAN_OBSERVATION";2023;10;12;NA;"Impatiens";"glandulifera";2891770
8.870082;49.776852;4461957544;"CC_BY_NC_4_0";"";"HUMAN_OBSERVATION";2023;8;18;8;"Impatiens";"glandulifera";2891770
8.841363;51.146546;4461823390;"CC_BY_NC_4_0";"";"HUMAN_OBSERVATION";2023;7;30;6;"Impatiens";"glandulifera";2891770
8.655506;49.781395;4461810854;"CC_BY_NC_4_0";"";"HUMAN_OBSERVATION";2023;7;21;22;"Impatiens";"glandulifera";2891770
9.409237;51.337745;3955116072;"CC_BY_4_0";"";"HUMAN_OBSERVATION";2021;9;7;10;"Impatiens";"glandulifera";2891770
8.183641;50.091385;4461728227;"CC_BY_NC_4_0";"";"HUMAN_OBSERVATION";2023;10;2;27;"Impatiens";"glandulifera";2891770
8.19807;50.094636;4461630625;"CC_BY_NC_4_0";"";"HUMAN_OBSERVATION";2023;8;23;35;"Impatiens";"glandulifera";2891770
8.368908;50.689853;4461614700;"CC_BY_NC_4_0";"";"HUMAN_OBSERVATION";2023;10;9;6;"Impatiens";"glandulifera";2891770
9.583183;51.26146;4461591644;"CC_BY_NC_4_0";"";"HUMAN_OBSERVATION";2023;4;22;25;"Impatiens";"glandulifera";2891770
8.814126;49.880522;4461580115;"CC_BY_NC_4_0";"";"HUMAN_OBSERVATION";2023;7;20;NA;"Impatiens";"glandulifera";2891770
8.507047;50.750929;4461564009;"CC_BY_NC_4_0";"";"HUMAN_OBSERVATION";2023;7;28;12;"Impatiens";"glandulifera";2891770
9.433062;51.347753;4460069898;"CC_BY_NC_4_0";"";"HUMAN_OBSERVATION";2023;9;11;4;"Impatiens";"glandulifera";2891770
9.3683;51.510423;4461540420;"CC_BY_NC_4_0";"";"HUMAN_OBSERVATION";2023;8;1;NA;"Impatiens";"glandulifera";2891770
9.586073;50.756927;4461521767;"CC_BY_NC_4_0";"";"HUMAN_OBSERVATION";2023;10;1;89;"Impatiens";"glandulifera";2891770
9.726133;51.215922;4461503476;"CC_BY_NC_4_0";"";"HUMAN_OBSERVATION";2023;8;23;25;"Impatiens";"glandulifera";2891770
9.386104;51.27678;4461497422;"CC_BY_NC_4_0";"";"HUMAN_OBSERVATION";2023;9;20;NA;"Impatiens";"glandulifera";2891770
8.926111;51.104444;2645796006;"CC_BY_4_0";"";"HUMAN_OBSERVATION";2019;10;15;NA;"Impatiens";"glandulifera";2891770
9.207458;50.49859;4461446177;"CC_BY_NC_4_0";"";"HUMAN_OBSERVATION";2023;7;22;4;"Impatiens";"glandulifera";2891770
9.270061;50.219203;4461388743;"CC_BY_NC_4_0";"";"HUMAN_OBSERVATION";2023;9;29;NA;"Impatiens";"glandulifera";2891770
8.209513;50.114823;4461368636;"CC_BY_NC_4_0";"";"HUMAN_OBSERVATION";2023;7;24;25;"Impatiens";"glandulifera";2891770
9.28509;50.487895;4461355300;"CC_BY_NC_4_0";"";"HUMAN_OBSERVATION";2023;9;2;4;"Impatiens";"glandulifera";2891770
10.10563;51.006433;4461355091;"CC_BY_NC_4_0";"";"HUMAN_OBSERVATION";2023;8;26;4;"Impatiens";"glandulifera";2891770
9.615986;51.28829;4461338721;"CC_BY_NC_4_0";"";"HUMAN_OBSERVATION";2023;5;14;3;"Impatiens";"glandulifera";2891770
8.949642;51.196593;4461322419;"CC_BY_NC_4_0";"";"HUMAN_OBSERVATION";2023;9;16;9;"Impatiens";"glandulifera";2891770
9.900367;51.196953;4461253608;"CC_BY_NC_4_0";"";"HUMAN_OBSERVATION";2023;8;13;12;"Impatiens";"glandulifera";2891770
8.95322;51.107972;4461012483;"CC_BY_NC_4_0";"";"HUMAN_OBSERVATION";2023;7;19;10;"Impatiens";"glandulifera";2891770
8.623069;51.284299;3960314833;"CC_BY_4_0";"";"HUMAN_OBSERVATION";2021;10;9;13;"Impatiens";"glandulifera";2891770
8.80623;50.544031;4461192210;"CC_BY_NC_4_0";"";"HUMAN_OBSERVATION";2023;10;8;8;"Impatiens";"glandulifera";2891770
9.871872;50.747021;4461166488;"CC_BY_NC_4_0";"";"HUMAN_OBSERVATION";2023;8;21;13;"Impatiens";"glandulifera";2891770
8.507613;49.977095;4162072969;"CC0_1_0";"iNaturalist";"HUMAN_OBSERVATION";2023;7;11;NA;"Impatiens";"glandulifera";2891770
9.546344;51.320882;4460946470;"CC_BY_NC_4_0";"";"HUMAN_OBSERVATION";2023;9;8;5;"Impatiens";"glandulifera";2891770
9.431347;50.918701;4460908662;"CC_BY_NC_4_0";"";"HUMAN_OBSERVATION";2023;9;19;5;"Impatiens";"glandulifera";2891770
8.774947;50.869232;4460902202;"CC_BY_NC_4_0";"";"HUMAN_OBSERVATION";2023;8;4;5;"Impatiens";"glandulifera";2891770
8.788446;50.4961;4460881271;"CC_BY_NC_4_0";"";"HUMAN_OBSERVATION";2023;9;10;11;"Impatiens";"glandulifera";2891770
9.973541;51.25658;4460817125;"CC_BY_NC_4_0";"";"HUMAN_OBSERVATION";2023;7;20;NA;"Impatiens";"glandulifera";2891770
9.263853;50.223272;4460760731;"CC_BY_NC_4_0";"";"HUMAN_OBSERVATION";2023;9;29;NA;"Impatiens";"glandulifera";2891770
8.964614;50.276096;4460700983;"CC_BY_NC_4_0";"";"HUMAN_OBSERVATION";2023;8;15;NA;"Impatiens";"glandulifera";2891770
9.623145;50.802978;4127218309;"CC_BY_NC_4_0";"iNaturalist";"HUMAN_OBSERVATION";2023;5;27;6;"Impatiens";"glandulifera";2891770
10.006654;50.942963;4460661840;"CC_BY_NC_4_0";"";"HUMAN_OBSERVATION";2023;9;28;9;"Impatiens";"glandulifera";2891770
9.626097;50.595682;4460624324;"CC_BY_NC_4_0";"";"HUMAN_OBSERVATION";2023;10;3;13;"Impatiens";"glandulifera";2891770
9.897803;50.462995;4460612073;"CC_BY_NC_4_0";"";"HUMAN_OBSERVATION";2023;8;11;5;"Impatiens";"glandulifera";2891770
8.413963;50.166211;4460574711;"CC_BY_NC_4_0";"";"HUMAN_OBSERVATION";2023;10;15;9;"Impatiens";"glandulifera";2891770
8.593652;51.099498;4459386956;"CC_BY_NC_4_0";"";"HUMAN_OBSERVATION";2023;10;12;4;"Impatiens";"glandulifera";2891770
9.14621;51.038616;4460532155;"CC_BY_NC_4_0";"";"HUMAN_OBSERVATION";2023;8;22;2;"Impatiens";"glandulifera";2891770
8.901062;50.890259;4460480663;"CC_BY_NC_4_0";"";"HUMAN_OBSERVATION";2023;9;23;5;"Impatiens";"glandulifera";2891770
8.814917;51.013961;4460480613;"CC_BY_NC_4_0";"";"HUMAN_OBSERVATION";2023;9;23;32;"Impatiens";"glandulifera";2891770
9.673155;50.754448;4460448645;"CC_BY_NC_4_0";"";"HUMAN_OBSERVATION";2023;7;14;4;"Impatiens";"glandulifera";2891770
9.004157;50.354607;4460418204;"CC_BY_NC_4_0";"";"HUMAN_OBSERVATION";2023;9;30;14;"Impatiens";"glandulifera";2891770
8.793382;49.800449;2978149013;"CC_BY_4_0";"";"HUMAN_OBSERVATION";2020;8;26;NA;"Impatiens";"glandulifera";2891770
8.680274;50.58373;4460180582;"CC_BY_NC_4_0";"";"HUMAN_OBSERVATION";2023;7;14;6;"Impatiens";"glandulifera";2891770
9.191077;51.438324;4460169760;"CC_BY_NC_4_0";"";"HUMAN_OBSERVATION";2023;5;24;5;"Impatiens";"glandulifera";2891770
8.73112;50.452607;4460079827;"CC_BY_NC_4_0";"";"HUMAN_OBSERVATION";2023;9;18;66;"Impatiens";"glandulifera";2891770
9.531438;51.428959;4460062197;"CC_BY_NC_4_0";"";"HUMAN_OBSERVATION";2023;9;10;4;"Impatiens";"glandulifera";2891770
8.658128;50.538669;4460053153;"CC_BY_NC_4_0";"";"HUMAN_OBSERVATION";2023;9;12;5;"Impatiens";"glandulifera";2891770
9.269232;50.49782;4460026417;"CC_BY_NC_4_0";"";"HUMAN_OBSERVATION";2023;9;16;4;"Impatiens";"glandulifera";2891770
9.256776;51.011112;4459790225;"CC_BY_NC_4_0";"";"HUMAN_OBSERVATION";2023;8;26;3;"Impatiens";"glandulifera";2891770
9.453491;51.042877;4459789423;"CC_BY_NC_4_0";"";"HUMAN_OBSERVATION";2023;8;17;17;"Impatiens";"glandulifera";2891770
9.125648;49.701658;4459789360;"CC_BY_NC_4_0";"";"HUMAN_OBSERVATION";2023;8;7;62;"Impatiens";"glandulifera";2891770
8.559066;50.116069;4459749723;"CC_BY_NC_4_0";"";"HUMAN_OBSERVATION";2023;9;16;48;"Impatiens";"glandulifera";2891770
9.537675;50.660313;3958404576;"CC_BY_4_0";"";"HUMAN_OBSERVATION";2022;7;27;5;"Impatiens";"glandulifera";2891770
8.792016;50.495846;4459747426;"CC_BY_NC_4_0";"";"HUMAN_OBSERVATION";2023;8;16;5;"Impatiens";"glandulifera";2891770
9.004193;51.13455;4459436816;"CC_BY_NC_4_0";"";"HUMAN_OBSERVATION";2023;7;29;3;"Impatiens";"glandulifera";2891770
9.090415;51.20482;4459740476;"CC_BY_NC_4_0";"";"HUMAN_OBSERVATION";2023;10;9;4;"Impatiens";"glandulifera";2891770
9.016105;51.402928;4459712360;"CC_BY_NC_4_0";"";"HUMAN_OBSERVATION";2023;7;22;17;"Impatiens";"glandulifera";2891770
8.723887;50.807761;4459709441;"CC_BY_NC_4_0";"";"HUMAN_OBSERVATION";2023;8;10;16;"Impatiens";"glandulifera";2891770
8.615062;50.603916;4459686006;"CC_BY_NC_4_0";"";"HUMAN_OBSERVATION";2023;7;23;NA;"Impatiens";"glandulifera";2891770
8.794623;50.554043;4459681941;"CC_BY_NC_4_0";"";"HUMAN_OBSERVATION";2023;8;6;NA;"Impatiens";"glandulifera";2891770
8.731323;49.747318;4459669691;"CC_BY_NC_4_0";"";"HUMAN_OBSERVATION";2023;8;6;9;"Impatiens";"glandulifera";2891770
8.676673;49.789856;4459642253;"CC_BY_NC_4_0";"";"HUMAN_OBSERVATION";2023;7;29;4;"Impatiens";"glandulifera";2891770
9.021896;50.841745;4459622058;"CC_BY_NC_4_0";"";"HUMAN_OBSERVATION";2023;8;29;3;"Impatiens";"glandulifera";2891770
9.644323;50.569468;4459620363;"CC_BY_NC_4_0";"";"HUMAN_OBSERVATION";2023;8;6;9;"Impatiens";"glandulifera";2891770
9.403994;50.639047;3951403154;"CC_BY_4_0";"";"HUMAN_OBSERVATION";2017;8;25;21;"Impatiens";"glandulifera";2891770
8.806542;50.066241;4459616168;"CC_BY_NC_4_0";"";"HUMAN_OBSERVATION";2023;8;22;4;"Impatiens";"glandulifera";2891770
9.372613;51.028422;4459608497;"CC_BY_NC_4_0";"";"HUMAN_OBSERVATION";2023;6;17;5;"Impatiens";"glandulifera";2891770
9.492642;51.272747;4459590854;"CC_BY_NC_4_0";"";"HUMAN_OBSERVATION";2023;7;26;25;"Impatiens";"glandulifera";2891770
9.983675;51.017718;4459582311;"CC_BY_NC_4_0";"";"HUMAN_OBSERVATION";2023;6;18;30;"Impatiens";"glandulifera";2891770
9.390882;51.294908;3997119908;"CC_BY_NC_4_0";"";"HUMAN_OBSERVATION";2022;10;7;8;"Impatiens";"glandulifera";2891770
9.870159;51.291931;4459554546;"CC_BY_NC_4_0";"";"HUMAN_OBSERVATION";2023;8;27;4;"Impatiens";"glandulifera";2891770
8.804137;51.014842;4459467256;"CC_BY_NC_4_0";"";"HUMAN_OBSERVATION";2023;5;5;24;"Impatiens";"glandulifera";2891770
9.493093;50.627714;4459512987;"CC_BY_NC_4_0";"";"HUMAN_OBSERVATION";2023;7;28;4;"Impatiens";"glandulifera";2891770
9.858978;51.344914;4459499345;"CC_BY_NC_4_0";"";"HUMAN_OBSERVATION";2023;8;1;8;"Impatiens";"glandulifera";2891770
9.08015;51.166016;4459464284;"CC_BY_NC_4_0";"";"HUMAN_OBSERVATION";2023;8;4;4;"Impatiens";"glandulifera";2891770
8.793634;49.88327;4459437815;"CC_BY_NC_4_0";"";"HUMAN_OBSERVATION";2023;8;5;NA;"Impatiens";"glandulifera";2891770
8.415283;50.124417;3998474009;"CC_BY_4_0";"";"HUMAN_OBSERVATION";2022;8;7;16;"Impatiens";"glandulifera";2891770
9.670618;50.536448;3952380654;"CC_BY_4_0";"";"HUMAN_OBSERVATION";2021;9;25;4;"Impatiens";"glandulifera";2891770
8.624382;50.864258;4459405063;"CC_BY_NC_4_0";"";"HUMAN_OBSERVATION";2023;7;16;5;"Impatiens";"glandulifera";2891770
8.985187;51.385807;4459358234;"CC_BY_NC_4_0";"";"HUMAN_OBSERVATION";2023;7;26;20;"Impatiens";"glandulifera";2891770
8.241553;50.516296;4459304252;"CC_BY_NC_4_0";"";"HUMAN_OBSERVATION";2023;5;7;5;"Impatiens";"glandulifera";2891770
9.669937;50.544087;4421234528;"CC_BY_NC_4_0";"iNaturalist";"HUMAN_OBSERVATION";2023;9;28;27;"Impatiens";"glandulifera";2891770
8.258889;50.08944;4407649439;"CC_BY_NC_4_0";"iNaturalist";"HUMAN_OBSERVATION";2023;9;4;34;"Impatiens";"glandulifera";2891770
9.625255;51.473848;4414327554;"CC_BY_NC_4_0";"iNaturalist";"HUMAN_OBSERVATION";2023;9;1;NA;"Impatiens";"glandulifera";2891770
9.849933;50.435803;4414266900;"CC_BY_NC_4_0";"iNaturalist";"HUMAN_OBSERVATION";2023;9;10;4;"Impatiens";"glandulifera";2891770
9.561897;50.415783;4414237307;"CC_BY_NC_4_0";"iNaturalist";"HUMAN_OBSERVATION";2023;9;14;14;"Impatiens";"glandulifera";2891770
9.391878;50.267097;4414211528;"CC_BY_NC_4_0";"iNaturalist";"HUMAN_OBSERVATION";2023;9;13;21;"Impatiens";"glandulifera";2891770
9.624588;50.445237;4414173776;"CC_BY_NC_4_0";"iNaturalist";"HUMAN_OBSERVATION";2023;9;14;56;"Impatiens";"glandulifera";2891770
8.281758;50.125738;4414126326;"CC_BY_NC_4_0";"iNaturalist";"HUMAN_OBSERVATION";2023;9;9;4;"Impatiens";"glandulifera";2891770
8.993167;50.727712;4414120201;"CC_BY_NC_4_0";"iNaturalist";"HUMAN_OBSERVATION";2023;9;10;161;"Impatiens";"glandulifera";2891770
9.487905;50.32552;4414109149;"CC_BY_NC_4_0";"iNaturalist";"HUMAN_OBSERVATION";2023;9;13;4;"Impatiens";"glandulifera";2891770
9.096334;50.342678;4413401240;"CC_BY_NC_4_0";"iNaturalist";"HUMAN_OBSERVATION";2023;9;13;52;"Impatiens";"glandulifera";2891770
10.079957;51.021935;4410519566;"CC_BY_NC_4_0";"";"HUMAN_OBSERVATION";2023;8;12;3;"Impatiens";"glandulifera";2891770
9.684123;51.254829;4410472982;"CC_BY_NC_4_0";"";"HUMAN_OBSERVATION";2023;8;12;4;"Impatiens";"glandulifera";2891770
8.873921;49.759338;4410325090;"CC_BY_NC_4_0";"";"HUMAN_OBSERVATION";2023;8;31;49;"Impatiens";"glandulifera";2891770
9.682635;51.25605;4410068561;"CC_BY_NC_4_0";"";"HUMAN_OBSERVATION";2023;8;12;5;"Impatiens";"glandulifera";2891770
8.689756;51.108221;4409638497;"CC_BY_NC_4_0";"";"HUMAN_OBSERVATION";2023;7;27;4;"Impatiens";"glandulifera";2891770
9.475741;51.278336;4409401947;"CC_BY_NC_4_0";"";"HUMAN_OBSERVATION";2023;8;12;3;"Impatiens";"glandulifera";2891770
9.549795;51.239027;4409371964;"CC_BY_NC_4_0";"";"HUMAN_OBSERVATION";2023;7;22;25;"Impatiens";"glandulifera";2891770
10.099214;51.143155;4409254691;"CC_BY_NC_4_0";"";"HUMAN_OBSERVATION";2023;7;12;15;"Impatiens";"glandulifera";2891770
8.773798;51.155492;4409003796;"CC_BY_NC_4_0";"";"HUMAN_OBSERVATION";2023;7;29;8;"Impatiens";"glandulifera";2891770
9.670269;51.266609;4408857160;"CC_BY_NC_4_0";"";"HUMAN_OBSERVATION";2023;8;12;4;"Impatiens";"glandulifera";2891770
8.724577;49.881913;4407110153;"CC0_1_0";"iNaturalist";"HUMAN_OBSERVATION";2023;9;2;46;"Impatiens";"glandulifera";2891770
8.986657;49.605164;4405462834;"CC_BY_NC_4_0";"iNaturalist";"HUMAN_OBSERVATION";2023;8;26;4;"Impatiens";"glandulifera";2891770
8.682768;49.865147;4405453228;"CC0_1_0";"iNaturalist";"HUMAN_OBSERVATION";2023;8;3;NA;"Impatiens";"glandulifera";2891770
9.949777;50.500086;4405306987;"CC_BY_NC_4_0";"iNaturalist";"HUMAN_OBSERVATION";2023;8;28;137;"Impatiens";"glandulifera";2891770
8.258265;50.091626;4405256122;"CC_BY_NC_4_0";"iNaturalist";"HUMAN_OBSERVATION";2023;8;23;9;"Impatiens";"glandulifera";2891770
9.019736;50.323757;4405249196;"CC_BY_NC_4_0";"iNaturalist";"HUMAN_OBSERVATION";2023;8;23;10;"Impatiens";"glandulifera";2891770
8.695175;50.061976;4133653790;"CC_BY_NC_4_0";"iNaturalist";"HUMAN_OBSERVATION";2023;6;11;NA;"Impatiens";"glandulifera";2891770
8.645252;49.708419;4399999035;"CC_BY_NC_4_0";"iNaturalist";"HUMAN_OBSERVATION";2023;8;12;3;"Impatiens";"glandulifera";2891770
8.682808;49.899883;4177505504;"CC_BY_NC_4_0";"iNaturalist";"HUMAN_OBSERVATION";2023;8;11;18;"Impatiens";"glandulifera";2891770
8.443619;50.156975;4172302781;"CC_BY_NC_4_0";"iNaturalist";"HUMAN_OBSERVATION";2023;8;8;312;"Impatiens";"glandulifera";2891770
8.593388;50.121134;4171519038;"CC_BY_NC_4_0";"iNaturalist";"HUMAN_OBSERVATION";2023;7;27;22;"Impatiens";"glandulifera";2891770
8.736793;50.605632;4171373090;"CC_BY_NC_4_0";"iNaturalist";"HUMAN_OBSERVATION";2023;7;29;7;"Impatiens";"glandulifera";2891770
9.239142;50.996978;4171334280;"CC_BY_NC_4_0";"iNaturalist";"HUMAN_OBSERVATION";2023;8;5;5;"Impatiens";"glandulifera";2891770
8.664504;49.752477;4171333742;"CC_BY_NC_4_0";"iNaturalist";"HUMAN_OBSERVATION";2023;7;26;NA;"Impatiens";"glandulifera";2891770
8.629447;50.167004;4165755438;"CC_BY_NC_4_0";"iNaturalist";"HUMAN_OBSERVATION";2023;7;25;6;"Impatiens";"glandulifera";2891770
8.401367;49.922417;4165536888;"CC_BY_NC_4_0";"iNaturalist";"HUMAN_OBSERVATION";2023;7;19;228;"Impatiens";"glandulifera";2891770
8.576972;50.014053;4165380880;"CC_BY_NC_4_0";"iNaturalist";"HUMAN_OBSERVATION";2023;7;19;21;"Impatiens";"glandulifera";2891770
9.349414;50.222809;4162502804;"CC_BY_NC_4_0";"iNaturalist";"HUMAN_OBSERVATION";2023;7;15;NA;"Impatiens";"glandulifera";2891770
8.072174;50.38855;4162421799;"CC_BY_NC_4_0";"iNaturalist";"HUMAN_OBSERVATION";2023;7;15;13;"Impatiens";"glandulifera";2891770
9.139289;51.27211;4160532376;"CC_BY_NC_4_0";"";"HUMAN_OBSERVATION";2022;7;31;463;"Impatiens";"glandulifera";2891770
9.949166;50.772033;4160481960;"CC_BY_NC_4_0";"";"HUMAN_OBSERVATION";2023;4;11;9;"Impatiens";"glandulifera";2891770
8.823324;49.571831;2978321927;"CC_BY_4_0";"";"HUMAN_OBSERVATION";2020;9;28;5;"Impatiens";"glandulifera";2891770
9.162642;50.653133;4145213135;"CC_BY_NC_4_0";"iNaturalist";"HUMAN_OBSERVATION";2023;6;28;24;"Impatiens";"glandulifera";2891770
9.650579;51.314427;3958143485;"CC_BY_4_0";"";"HUMAN_OBSERVATION";2021;9;7;19;"Impatiens";"glandulifera";2891770
9.607683;50.436722;4091896584;"CC_BY_NC_4_0";"iNaturalist";"HUMAN_OBSERVATION";2023;4;17;4;"Impatiens";"glandulifera";2891770
9.418694;50.466986;4056998537;"CC_BY_NC_4_0";"";"HUMAN_OBSERVATION";2022;10;3;NA;"Impatiens";"glandulifera";2891770
8.501444;50.16046;4056978306;"CC_BY_NC_4_0";"";"HUMAN_OBSERVATION";2020;8;23;30;"Impatiens";"glandulifera";2891770
9.402795;51.297262;4056734476;"CC_BY_NC_4_0";"";"HUMAN_OBSERVATION";2022;10;7;15;"Impatiens";"glandulifera";2891770
8.478304;50.513794;4056716636;"CC_BY_NC_4_0";"";"HUMAN_OBSERVATION";2022;10;16;5;"Impatiens";"glandulifera";2891770
9.348946;50.438631;4056544067;"CC_BY_NC_4_0";"";"HUMAN_OBSERVATION";2022;10;29;3;"Impatiens";"glandulifera";2891770
9.257551;50.480792;4056528896;"CC_BY_NC_4_0";"";"HUMAN_OBSERVATION";2022;10;23;4;"Impatiens";"glandulifera";2891770
8.836289;49.713679;4056411799;"CC_BY_NC_4_0";"";"HUMAN_OBSERVATION";2022;10;26;81;"Impatiens";"glandulifera";2891770
8.469708;49.828041;4056411679;"CC_BY_NC_4_0";"";"HUMAN_OBSERVATION";2022;10;5;NA;"Impatiens";"glandulifera";2891770
8.789946;50.771454;4056386725;"CC_BY_NC_4_0";"";"HUMAN_OBSERVATION";2022;10;24;5;"Impatiens";"glandulifera";2891770
8.959608;51.104255;4056331304;"CC_BY_NC_4_0";"";"HUMAN_OBSERVATION";2022;10;8;120;"Impatiens";"glandulifera";2891770
9.584861;50.681886;4055984280;"CC_BY_NC_4_0";"";"HUMAN_OBSERVATION";2022;11;5;4;"Impatiens";"glandulifera";2891770
8.336676;50.091564;4039510546;"CC_BY_NC_4_0";"iNaturalist";"HUMAN_OBSERVATION";2022;7;2;86;"Impatiens";"glandulifera";2891770
8.326185;50.099289;3906922146;"CC_BY_NC_4_0";"";"HUMAN_OBSERVATION";2022;8;17;24;"Impatiens";"glandulifera";2891770
9.970142;51.226204;2898525817;"CC_BY_NC_4_0";"iNaturalist";"HUMAN_OBSERVATION";2020;10;11;12;"Impatiens";"glandulifera";2891770
8.7075;50.915;3999148514;"CC_BY_4_0";"";"HUMAN_OBSERVATION";2022;8;12;48;"Impatiens";"glandulifera";2891770
9.939557;50.457158;3999143965;"CC_BY_4_0";"";"HUMAN_OBSERVATION";2022;8;31;5;"Impatiens";"glandulifera";2891770
8.979043;50.649437;3954754175;"CC_BY_4_0";"";"HUMAN_OBSERVATION";2021;8;4;NA;"Impatiens";"glandulifera";2891770
8.815815;49.976555;3999104138;"CC_BY_4_0";"";"HUMAN_OBSERVATION";2022;9;19;2;"Impatiens";"glandulifera";2891770
8.91904;50.082874;3951843285;"CC_BY_4_0";"";"HUMAN_OBSERVATION";2021;9;6;23;"Impatiens";"glandulifera";2891770
8.666243;51.036056;3999088994;"CC_BY_4_0";"";"HUMAN_OBSERVATION";2022;8;7;88;"Impatiens";"glandulifera";2891770
9.695402;51.257739;3999067311;"CC_BY_4_0";"";"HUMAN_OBSERVATION";2022;9;5;32;"Impatiens";"glandulifera";2891770
8.213659;50.084196;3999054360;"CC_BY_4_0";"";"HUMAN_OBSERVATION";2022;8;18;32;"Impatiens";"glandulifera";2891770
8.815277;50.67552;3999038246;"CC_BY_4_0";"";"HUMAN_OBSERVATION";2022;8;17;143;"Impatiens";"glandulifera";2891770
9.558453;51.085379;3999030013;"CC_BY_4_0";"";"HUMAN_OBSERVATION";2022;8;10;21;"Impatiens";"glandulifera";2891770
9.381925;50.298062;3999025048;"CC_BY_4_0";"";"HUMAN_OBSERVATION";2022;8;16;32;"Impatiens";"glandulifera";2891770
9.758449;50.785767;3999020533;"CC_BY_4_0";"";"HUMAN_OBSERVATION";2022;8;11;20;"Impatiens";"glandulifera";2891770
9.361111;50.398889;3999010025;"CC_BY_4_0";"";"HUMAN_OBSERVATION";2022;10;23;NA;"Impatiens";"glandulifera";2891770
9.118035;51.064271;3998984155;"CC_BY_4_0";"";"HUMAN_OBSERVATION";2022;8;6;13;"Impatiens";"glandulifera";2891770
9.29091;51.126402;3998969871;"CC_BY_4_0";"";"HUMAN_OBSERVATION";2022;6;19;32;"Impatiens";"glandulifera";2891770
9.062839;50.450404;3998956634;"CC_BY_4_0";"";"HUMAN_OBSERVATION";2022;9;16;21;"Impatiens";"glandulifera";2891770
8.438859;50.528729;3998932041;"CC_BY_4_0";"";"HUMAN_OBSERVATION";2022;10;2;16;"Impatiens";"glandulifera";2891770
8.459013;50.88163;3998929168;"CC_BY_4_0";"";"HUMAN_OBSERVATION";2022;8;14;54;"Impatiens";"glandulifera";2891770
8.594998;49.968056;3998924110;"CC_BY_4_0";"";"HUMAN_OBSERVATION";2022;8;28;7;"Impatiens";"glandulifera";2891770
8.415265;50.142401;3957362942;"CC_BY_4_0";"";"HUMAN_OBSERVATION";2020;7;19;4;"Impatiens";"glandulifera";2891770
8.667218;50.542736;3998901448;"CC_BY_4_0";"";"HUMAN_OBSERVATION";2022;8;21;8;"Impatiens";"glandulifera";2891770
8.62639;50.632947;3998864056;"CC_BY_4_0";"";"HUMAN_OBSERVATION";2022;8;7;48;"Impatiens";"glandulifera";2891770
9.370542;51.363525;3998860107;"CC_BY_4_0";"";"HUMAN_OBSERVATION";2022;8;5;18;"Impatiens";"glandulifera";2891770
9.057134;50.165623;3998834881;"CC_BY_4_0";"";"HUMAN_OBSERVATION";2022;8;25;19;"Impatiens";"glandulifera";2891770
9.779714;50.960262;3998834012;"CC_BY_4_0";"";"HUMAN_OBSERVATION";2022;10;3;11;"Impatiens";"glandulifera";2891770
9.084444;50.349722;3998808126;"CC_BY_4_0";"";"HUMAN_OBSERVATION";2022;9;4;16;"Impatiens";"glandulifera";2891770
8.439846;50.809245;3998791524;"CC_BY_4_0";"";"HUMAN_OBSERVATION";2022;6;25;35;"Impatiens";"glandulifera";2891770
8.899179;50.880967;3998781754;"CC_BY_4_0";"";"HUMAN_OBSERVATION";2022;9;24;19;"Impatiens";"glandulifera";2891770
9.333843;51.229671;3998756675;"CC_BY_4_0";"";"HUMAN_OBSERVATION";2022;9;18;NA;"Impatiens";"glandulifera";2891770
9.871034;50.785776;3998749612;"CC_BY_4_0";"";"HUMAN_OBSERVATION";2022;8;9;16;"Impatiens";"glandulifera";2891770
8.835664;49.794092;3998732703;"CC_BY_4_0";"";"HUMAN_OBSERVATION";2022;6;17;15;"Impatiens";"glandulifera";2891770
9.024167;50.171389;2649449364;"CC_BY_4_0";"";"HUMAN_OBSERVATION";2019;7;31;NA;"Impatiens";"glandulifera";2891770
9.770917;51.229145;3998657979;"CC_BY_4_0";"";"HUMAN_OBSERVATION";2022;9;11;5;"Impatiens";"glandulifera";2891770
8.770057;49.885129;3998641172;"CC_BY_4_0";"";"HUMAN_OBSERVATION";2022;9;5;20;"Impatiens";"glandulifera";2891770
8.278854;50.519812;3998630352;"CC_BY_4_0";"";"HUMAN_OBSERVATION";2022;9;22;15;"Impatiens";"glandulifera";2891770
8.73015;50.716301;3998626418;"CC_BY_4_0";"";"HUMAN_OBSERVATION";2022;10;23;457;"Impatiens";"glandulifera";2891770
8.756987;50.607843;3998562303;"CC_BY_4_0";"";"HUMAN_OBSERVATION";2016;7;25;NA;"Impatiens";"glandulifera";2891770
8.564784;50.203251;3998559872;"CC_BY_4_0";"";"HUMAN_OBSERVATION";2022;10;3;55;"Impatiens";"glandulifera";2891770
9.865048;50.950786;3998556181;"CC_BY_4_0";"";"HUMAN_OBSERVATION";2022;9;5;14;"Impatiens";"glandulifera";2891770
8.629708;50.363203;3952663322;"CC_BY_4_0";"";"HUMAN_OBSERVATION";2021;7;30;6;"Impatiens";"glandulifera";2891770
9.001609;51.073355;3998517076;"CC_BY_4_0";"";"HUMAN_OBSERVATION";2022;8;21;7;"Impatiens";"glandulifera";2891770
8.960106;50.262618;3998510474;"CC_BY_4_0";"";"HUMAN_OBSERVATION";2022;10;5;48;"Impatiens";"glandulifera";2891770
8.676219;51.046514;3998485867;"CC_BY_4_0";"";"HUMAN_OBSERVATION";2022;10;7;5;"Impatiens";"glandulifera";2891770
9.829782;51.260373;3998472348;"CC_BY_4_0";"";"HUMAN_OBSERVATION";2022;8;5;99;"Impatiens";"glandulifera";2891770
9.552342;51.145483;3998434933;"CC_BY_4_0";"";"HUMAN_OBSERVATION";2022;9;25;10;"Impatiens";"glandulifera";2891770
8.710661;49.559806;3998428333;"CC_BY_4_0";"";"HUMAN_OBSERVATION";2022;8;6;32;"Impatiens";"glandulifera";2891770
9.6057;50.69227;3998419571;"CC_BY_4_0";"";"HUMAN_OBSERVATION";2022;8;28;10;"Impatiens";"glandulifera";2891770
9.475353;51.358143;3998418057;"CC_BY_4_0";"";"HUMAN_OBSERVATION";2022;9;2;4;"Impatiens";"glandulifera";2891770
8.613962;50.365552;3998409206;"CC_BY_4_0";"";"HUMAN_OBSERVATION";2022;8;11;12;"Impatiens";"glandulifera";2891770
9.367909;50.260198;3998403453;"CC_BY_4_0";"";"HUMAN_OBSERVATION";2022;9;18;16;"Impatiens";"glandulifera";2891770
8.756115;50.79388;3998393150;"CC_BY_4_0";"";"HUMAN_OBSERVATION";2022;10;7;5;"Impatiens";"glandulifera";2891770
8.418817;50.779243;2647484674;"CC_BY_4_0";"";"HUMAN_OBSERVATION";2018;8;17;NA;"Impatiens";"glandulifera";2891770
9.152397;50.407314;3998387685;"CC_BY_4_0";"";"HUMAN_OBSERVATION";2022;9;20;22;"Impatiens";"glandulifera";2891770
9.309299;51.497079;3998345465;"CC_BY_4_0";"";"HUMAN_OBSERVATION";2022;10;9;4;"Impatiens";"glandulifera";2891770
9.85327;50.602209;3998305504;"CC_BY_4_0";"";"HUMAN_OBSERVATION";2022;9;9;8;"Impatiens";"glandulifera";2891770
9.422921;50.921364;3998272494;"CC_BY_4_0";"";"HUMAN_OBSERVATION";2022;9;8;11;"Impatiens";"glandulifera";2891770
8.896195;49.745169;3998253558;"CC_BY_4_0";"";"HUMAN_OBSERVATION";2022;10;10;16;"Impatiens";"glandulifera";2891770
8.359647;50.254217;3998251750;"CC_BY_4_0";"";"HUMAN_OBSERVATION";2022;10;11;48;"Impatiens";"glandulifera";2891770
9.32211;51.480048;3998234808;"CC_BY_4_0";"";"HUMAN_OBSERVATION";2022;8;6;9;"Impatiens";"glandulifera";2891770
9.100027;50.250632;3998210415;"CC_BY_4_0";"";"HUMAN_OBSERVATION";2022;8;6;32;"Impatiens";"glandulifera";2891770
8.536686;50.138198;3998192056;"CC_BY_4_0";"";"HUMAN_OBSERVATION";2022;5;30;8;"Impatiens";"glandulifera";2891770
9.522047;50.355673;3998181469;"CC_BY_4_0";"";"HUMAN_OBSERVATION";2022;8;15;41;"Impatiens";"glandulifera";2891770
9.498423;50.537094;3998166502;"CC_BY_4_0";"";"HUMAN_OBSERVATION";2022;9;11;20;"Impatiens";"glandulifera";2891770
8.837475;49.926603;3952228965;"CC_BY_4_0";"";"HUMAN_OBSERVATION";2021;8;9;NA;"Impatiens";"glandulifera";2891770
8.987683;49.590003;3998153174;"CC_BY_4_0";"";"HUMAN_OBSERVATION";2022;10;3;25;"Impatiens";"glandulifera";2891770
9.001057;50.154963;3998147535;"CC_BY_4_0";"";"HUMAN_OBSERVATION";2022;8;23;14;"Impatiens";"glandulifera";2891770
9.416631;50.836862;3998144520;"CC_BY_4_0";"";"HUMAN_OBSERVATION";2022;8;24;8;"Impatiens";"glandulifera";2891770
9.682703;50.594373;3998123277;"CC_BY_4_0";"";"HUMAN_OBSERVATION";2022;8;29;12;"Impatiens";"glandulifera";2891770
8.974411;49.608822;3953711135;"CC_BY_4_0";"";"HUMAN_OBSERVATION";2021;10;2;19;"Impatiens";"glandulifera";2891770
9.694877;50.750588;3998063340;"CC_BY_4_0";"";"HUMAN_OBSERVATION";2022;8;21;8;"Impatiens";"glandulifera";2891770
8.42775;50.522548;3998028577;"CC_BY_4_0";"";"HUMAN_OBSERVATION";2022;8;30;9;"Impatiens";"glandulifera";2891770
8.418747;50.312889;3955407380;"CC_BY_4_0";"";"HUMAN_OBSERVATION";2022;7;23;NA;"Impatiens";"glandulifera";2891770
9.540036;51.602031;3997997908;"CC_BY_4_0";"";"HUMAN_OBSERVATION";2022;8;18;5;"Impatiens";"glandulifera";2891770
9.740642;50.602331;3996101428;"CC_BY_NC_4_0";"";"HUMAN_OBSERVATION";2022;9;4;88;"Impatiens";"glandulifera";2891770
8.735085;49.924793;3997978821;"CC_BY_4_0";"";"HUMAN_OBSERVATION";2022;5;19;24;"Impatiens";"glandulifera";2891770
8.471954;50.865607;3997897118;"CC_BY_4_0";"";"HUMAN_OBSERVATION";2022;8;14;4;"Impatiens";"glandulifera";2891770
9.889777;50.45454;3997879452;"CC_BY_4_0";"";"HUMAN_OBSERVATION";2020;8;23;NA;"Impatiens";"glandulifera";2891770
9.956079;51.016498;3997877461;"CC_BY_4_0";"";"HUMAN_OBSERVATION";2021;9;26;26;"Impatiens";"glandulifera";2891770
8.724561;49.79507;3997862437;"CC_BY_4_0";"";"HUMAN_OBSERVATION";2022;9;24;18;"Impatiens";"glandulifera";2891770
9.092062;50.421064;3997862032;"CC_BY_4_0";"";"HUMAN_OBSERVATION";2022;10;7;16;"Impatiens";"glandulifera";2891770
8.06507;50.17344;3997828542;"CC_BY_4_0";"";"HUMAN_OBSERVATION";2021;7;18;NA;"Impatiens";"glandulifera";2891770
8.763692;50.981175;3997809512;"CC_BY_4_0";"";"HUMAN_OBSERVATION";2022;9;26;5;"Impatiens";"glandulifera";2891770
8.162548;50.070267;3997769840;"CC_BY_4_0";"";"HUMAN_OBSERVATION";2022;6;13;NA;"Impatiens";"glandulifera";2891770
8.734179;50.481246;3997726860;"CC_BY_NC_4_0";"";"HUMAN_OBSERVATION";2022;9;11;NA;"Impatiens";"glandulifera";2891770
8.689156;49.68951;3997524582;"CC_BY_NC_4_0";"";"HUMAN_OBSERVATION";2022;9;20;25;"Impatiens";"glandulifera";2891770
9.508729;50.685938;3996784891;"CC_BY_NC_4_0";"";"HUMAN_OBSERVATION";2022;9;17;4;"Impatiens";"glandulifera";2891770
9.584428;51.566928;3997228633;"CC_BY_NC_4_0";"";"HUMAN_OBSERVATION";2022;9;23;14;"Impatiens";"glandulifera";2891770
9.33386;50.522337;3997077272;"CC_BY_NC_4_0";"";"HUMAN_OBSERVATION";2022;9;11;7;"Impatiens";"glandulifera";2891770
8.614073;50.17257;3997009625;"CC_BY_NC_4_0";"";"HUMAN_OBSERVATION";2022;11;6;164;"Impatiens";"glandulifera";2891770
8.770849;50.897317;3996938833;"CC_BY_NC_4_0";"";"HUMAN_OBSERVATION";2022;8;29;NA;"Impatiens";"glandulifera";2891770
9.896109;50.9563;3996669346;"CC_BY_NC_4_0";"";"HUMAN_OBSERVATION";2022;9;13;4;"Impatiens";"glandulifera";2891770
9.046785;51.278337;3996583475;"CC_BY_NC_4_0";"";"HUMAN_OBSERVATION";2022;9;27;12;"Impatiens";"glandulifera";2891770
9.515128;51.206838;3996581094;"CC_BY_NC_4_0";"";"HUMAN_OBSERVATION";2022;9;23;5;"Impatiens";"glandulifera";2891770
8.826436;49.561004;3996480890;"CC_BY_NC_4_0";"";"HUMAN_OBSERVATION";2022;9;23;5;"Impatiens";"glandulifera";2891770
8.184267;50.253435;3996431376;"CC_BY_NC_4_0";"";"HUMAN_OBSERVATION";2022;9;3;10;"Impatiens";"glandulifera";2891770
8.813178;50.555815;3996161094;"CC_BY_NC_4_0";"";"HUMAN_OBSERVATION";2022;9;26;16;"Impatiens";"glandulifera";2891770
9.07603;51.461946;3996088372;"CC_BY_NC_4_0";"";"HUMAN_OBSERVATION";2022;10;30;NA;"Impatiens";"glandulifera";2891770
8.165888;50.400734;3995995402;"CC_BY_NC_4_0";"";"HUMAN_OBSERVATION";2022;10;9;NA;"Impatiens";"glandulifera";2891770
9.327331;51.314839;3995927430;"CC_BY_NC_4_0";"";"HUMAN_OBSERVATION";2022;10;3;25;"Impatiens";"glandulifera";2891770
8.983587;49.668086;3995635098;"CC_BY_NC_4_0";"";"HUMAN_OBSERVATION";2022;9;11;NA;"Impatiens";"glandulifera";2891770
8.914357;50.546331;3995480920;"CC_BY_NC_4_0";"";"HUMAN_OBSERVATION";2022;8;4;4;"Impatiens";"glandulifera";2891770
9.039834;50.539664;3995380505;"CC_BY_NC_4_0";"";"HUMAN_OBSERVATION";2022;9;4;5;"Impatiens";"glandulifera";2891770
9.273387;51.359466;3995133960;"CC_BY_NC_4_0";"";"HUMAN_OBSERVATION";2022;9;30;NA;"Impatiens";"glandulifera";2891770
9.700887;51.30421;3995128792;"CC_BY_NC_4_0";"";"HUMAN_OBSERVATION";2022;9;12;NA;"Impatiens";"glandulifera";2891770
8.499762;50.118801;3994108026;"CC_BY_NC_4_0";"iNaturalist";"HUMAN_OBSERVATION";2022;8;22;8;"Impatiens";"glandulifera";2891770
8.802567;50.078128;3988578124;"CC_BY_NC_4_0";"iNaturalist";"HUMAN_OBSERVATION";2019;6;21;4;"Impatiens";"glandulifera";2891770
8.748977;50.857146;3953659340;"CC_BY_4_0";"";"HUMAN_OBSERVATION";2021;9;18;19;"Impatiens";"glandulifera";2891770
8.067563;50.175104;3960317924;"CC_BY_4_0";"";"HUMAN_OBSERVATION";2022;7;22;12;"Impatiens";"glandulifera";2891770
8.911029;50.085583;3960304223;"CC_BY_4_0";"";"HUMAN_OBSERVATION";2021;9;19;65;"Impatiens";"glandulifera";2891770
8.476307;50.184791;3960298251;"CC_BY_4_0";"";"HUMAN_OBSERVATION";2021;9;10;32;"Impatiens";"glandulifera";2891770
8.925852;50.102161;3960285021;"CC_BY_4_0";"";"HUMAN_OBSERVATION";2021;10;17;65;"Impatiens";"glandulifera";2891770
9.03311;49.618384;3960284104;"CC_BY_4_0";"";"HUMAN_OBSERVATION";2021;8;26;14;"Impatiens";"glandulifera";2891770
8.629275;51.290714;3960275730;"CC_BY_4_0";"";"HUMAN_OBSERVATION";2021;8;20;3;"Impatiens";"glandulifera";2891770
8.662387;50.50067;3960265219;"CC_BY_4_0";"";"HUMAN_OBSERVATION";2021;8;18;NA;"Impatiens";"glandulifera";2891770
8.91603;50.461983;3960264626;"CC_BY_4_0";"";"HUMAN_OBSERVATION";2021;8;16;NA;"Impatiens";"glandulifera";2891770
8.773287;49.739147;3960247121;"CC_BY_4_0";"";"HUMAN_OBSERVATION";2021;8;9;12;"Impatiens";"glandulifera";2891770
8.05841;50.508461;3960241361;"CC_BY_4_0";"";"HUMAN_OBSERVATION";2021;8;29;NA;"Impatiens";"glandulifera";2891770
8.848172;50.08689;3960237513;"CC_BY_4_0";"";"HUMAN_OBSERVATION";2022;1;4;10;"Impatiens";"glandulifera";2891770
8.393788;50.33568;3951974240;"CC_BY_4_0";"";"HUMAN_OBSERVATION";2021;9;18;32;"Impatiens";"glandulifera";2891770
8.795992;50.517703;3960189553;"CC_BY_4_0";"";"HUMAN_OBSERVATION";2022;7;18;4;"Impatiens";"glandulifera";2891770
9.3129;51.32464;3960187122;"CC_BY_4_0";"";"HUMAN_OBSERVATION";2021;8;15;65;"Impatiens";"glandulifera";2891770
9.504473;50.334913;3960160073;"CC_BY_4_0";"";"HUMAN_OBSERVATION";2021;8;7;16;"Impatiens";"glandulifera";2891770
8.69238;49.735765;3952908815;"CC_BY_4_0";"";"HUMAN_OBSERVATION";2021;8;8;8;"Impatiens";"glandulifera";2891770
8.978889;50.02022;3953386956;"CC_BY_4_0";"";"HUMAN_OBSERVATION";2021;9;7;14;"Impatiens";"glandulifera";2891770
9.714491;50.820284;3960152467;"CC_BY_4_0";"";"HUMAN_OBSERVATION";2021;8;28;19;"Impatiens";"glandulifera";2891770
8.627447;49.703449;3960117330;"CC_BY_4_0";"";"HUMAN_OBSERVATION";2021;8;15;65;"Impatiens";"glandulifera";2891770
8.510556;50.565556;3960025207;"CC_BY_4_0";"";"HUMAN_OBSERVATION";2021;7;27;NA;"Impatiens";"glandulifera";2891770
8.602816;49.815095;3960084532;"CC_BY_4_0";"";"HUMAN_OBSERVATION";2022;7;28;24;"Impatiens";"glandulifera";2891770
9.028373;50.025023;3960080617;"CC_BY_4_0";"";"HUMAN_OBSERVATION";2021;8;7;12;"Impatiens";"glandulifera";2891770
8.291767;50.684925;3960062711;"CC_BY_4_0";"";"HUMAN_OBSERVATION";2021;8;3;32;"Impatiens";"glandulifera";2891770
8.391657;50.659196;3960007060;"CC_BY_4_0";"";"HUMAN_OBSERVATION";2022;7;18;NA;"Impatiens";"glandulifera";2891770
9.135246;51.317409;3959897545;"CC_BY_4_0";"";"HUMAN_OBSERVATION";2021;9;22;48;"Impatiens";"glandulifera";2891770
9.409484;51.096051;3959897325;"CC_BY_4_0";"";"HUMAN_OBSERVATION";2021;9;18;3;"Impatiens";"glandulifera";2891770
9.035857;51.383036;3959873971;"CC_BY_4_0";"";"HUMAN_OBSERVATION";2021;9;12;32;"Impatiens";"glandulifera";2891770
8.289688;50.155122;3959873568;"CC_BY_4_0";"";"HUMAN_OBSERVATION";2021;9;9;22;"Impatiens";"glandulifera";2891770
8.467083;50.557101;3957040215;"CC_BY_4_0";"";"HUMAN_OBSERVATION";2021;9;5;9;"Impatiens";"glandulifera";2891770
8.865459;50.811408;3959820930;"CC_BY_4_0";"";"HUMAN_OBSERVATION";2021;8;24;NA;"Impatiens";"glandulifera";2891770
9.170344;50.1754;3958732550;"CC_BY_4_0";"";"HUMAN_OBSERVATION";2021;9;23;24;"Impatiens";"glandulifera";2891770
7.909098;50.169597;3959708953;"CC_BY_4_0";"";"HUMAN_OBSERVATION";2021;5;25;NA;"Impatiens";"glandulifera";2891770
9.708217;51.211552;3959703232;"CC_BY_4_0";"";"HUMAN_OBSERVATION";2022;7;9;5;"Impatiens";"glandulifera";2891770
8.867412;49.725722;3959665948;"CC_BY_4_0";"";"HUMAN_OBSERVATION";2022;6;29;95;"Impatiens";"glandulifera";2891770
8.889378;50.017267;3959634735;"CC_BY_4_0";"";"HUMAN_OBSERVATION";2022;7;2;4;"Impatiens";"glandulifera";2891770
9.480339;50.960679;3959554947;"CC_BY_4_0";"";"HUMAN_OBSERVATION";2021;8;13;12;"Impatiens";"glandulifera";2891770
9.24597;50.212657;3959525471;"CC_BY_4_0";"";"HUMAN_OBSERVATION";2021;9;19;15;"Impatiens";"glandulifera";2891770
9.20002;50.530471;3959488051;"CC_BY_4_0";"";"HUMAN_OBSERVATION";2021;8;4;20;"Impatiens";"glandulifera";2891770
8.969594;49.97242;3959487992;"CC_BY_4_0";"";"HUMAN_OBSERVATION";2021;8;4;6;"Impatiens";"glandulifera";2891770
9.546154;51.403746;3959487871;"CC_BY_4_0";"";"HUMAN_OBSERVATION";2021;8;3;12;"Impatiens";"glandulifera";2891770
8.718837;50.963371;3959484251;"CC_BY_4_0";"";"HUMAN_OBSERVATION";2022;7;17;5;"Impatiens";"glandulifera";2891770
8.851435;49.63708;3959404129;"CC_BY_4_0";"";"HUMAN_OBSERVATION";2021;9;18;32;"Impatiens";"glandulifera";2891770
8.816544;50.047582;3959363154;"CC_BY_4_0";"";"HUMAN_OBSERVATION";2021;8;22;19;"Impatiens";"glandulifera";2891770
8.965778;50.627538;3959362756;"CC_BY_4_0";"";"HUMAN_OBSERVATION";2021;8;21;69;"Impatiens";"glandulifera";2891770
9.451238;51.638199;3959347565;"CC_BY_4_0";"";"HUMAN_OBSERVATION";2021;9;25;33;"Impatiens";"glandulifera";2891770
9.658889;51.304722;3949805164;"CC_BY_4_0";"";"HUMAN_OBSERVATION";2021;8;21;NA;"Impatiens";"glandulifera";2891770
8.800858;51.096618;3959344961;"CC_BY_4_0";"";"HUMAN_OBSERVATION";2022;7;24;9;"Impatiens";"glandulifera";2891770
9.593488;50.649308;3959321251;"CC_BY_4_0";"";"HUMAN_OBSERVATION";2021;8;19;16;"Impatiens";"glandulifera";2891770
9.762824;50.454696;3959308279;"CC_BY_4_0";"";"HUMAN_OBSERVATION";2021;9;23;13;"Impatiens";"glandulifera";2891770
8.509194;50.572038;3954380925;"CC_BY_4_0";"";"HUMAN_OBSERVATION";2021;8;6;17;"Impatiens";"glandulifera";2891770
8.657273;49.761096;3959265883;"CC_BY_4_0";"";"HUMAN_OBSERVATION";2021;9;11;57;"Impatiens";"glandulifera";2891770
9.110208;49.722668;3959265880;"CC_BY_4_0";"";"HUMAN_OBSERVATION";2021;9;11;NA;"Impatiens";"glandulifera";2891770
8.672906;50.609866;3959228888;"CC_BY_4_0";"";"HUMAN_OBSERVATION";2021;8;2;NA;"Impatiens";"glandulifera";2891770
8.614817;50.37583;3959198691;"CC_BY_4_0";"";"HUMAN_OBSERVATION";2021;8;18;5;"Impatiens";"glandulifera";2891770
9.676749;50.733387;3959185748;"CC_BY_4_0";"";"HUMAN_OBSERVATION";2021;8;4;19;"Impatiens";"glandulifera";2891770
9.340692;51.355738;2978214166;"CC_BY_4_0";"";"HUMAN_OBSERVATION";2020;9;13;5;"Impatiens";"glandulifera";2891770
9.251713;51.122484;3959137219;"CC_BY_4_0";"";"HUMAN_OBSERVATION";2021;8;24;10;"Impatiens";"glandulifera";2891770
9.256822;51.23018;3957324416;"CC_BY_4_0";"";"HUMAN_OBSERVATION";2021;9;10;15;"Impatiens";"glandulifera";2891770
9.914245;50.969136;3959073011;"CC_BY_4_0";"";"HUMAN_OBSERVATION";2021;8;8;40;"Impatiens";"glandulifera";2891770
9.060928;50.994124;3959000183;"CC_BY_4_0";"";"HUMAN_OBSERVATION";2021;7;22;NA;"Impatiens";"glandulifera";2891770
10.153819;51.166739;3958950343;"CC_BY_4_0";"";"HUMAN_OBSERVATION";2020;8;23;NA;"Impatiens";"glandulifera";2891770
9.185996;50.208209;3958943936;"CC_BY_4_0";"";"HUMAN_OBSERVATION";2021;7;29;20;"Impatiens";"glandulifera";2891770
8.915111;50.300531;3958943867;"CC_BY_4_0";"";"HUMAN_OBSERVATION";2021;7;29;5;"Impatiens";"glandulifera";2891770
8.757091;49.565017;3958889540;"CC_BY_4_0";"";"HUMAN_OBSERVATION";2021;10;2;15;"Impatiens";"glandulifera";2891770
9.547183;51.217422;3958860646;"CC_BY_4_0";"";"HUMAN_OBSERVATION";2021;7;24;18;"Impatiens";"glandulifera";2891770
8.47079;50.79121;3958844039;"CC_BY_4_0";"";"HUMAN_OBSERVATION";2021;9;28;10;"Impatiens";"glandulifera";2891770
8.714161;49.842923;3958843725;"CC_BY_4_0";"";"HUMAN_OBSERVATION";2021;9;26;9;"Impatiens";"glandulifera";2891770
9.080998;50.268298;3958817171;"CC_BY_4_0";"";"HUMAN_OBSERVATION";2020;9;28;16;"Impatiens";"glandulifera";2891770
9.221603;51.126084;3958796852;"CC_BY_4_0";"";"HUMAN_OBSERVATION";2020;10;8;12;"Impatiens";"glandulifera";2891770
9.836687;50.452921;3958790079;"CC_BY_4_0";"";"HUMAN_OBSERVATION";2020;7;29;33;"Impatiens";"glandulifera";2891770
9.559106;51.213473;3958776846;"CC_BY_4_0";"";"HUMAN_OBSERVATION";2021;10;3;4;"Impatiens";"glandulifera";2891770
9.419039;51.579132;3958776526;"CC_BY_4_0";"";"HUMAN_OBSERVATION";2021;9;29;64;"Impatiens";"glandulifera";2891770
8.881603;50.074429;2645201865;"CC_BY_4_0";"";"HUMAN_OBSERVATION";2019;5;30;NA;"Impatiens";"glandulifera";2891770
9.364687;50.980439;3958757827;"CC_BY_4_0";"";"HUMAN_OBSERVATION";2020;10;11;NA;"Impatiens";"glandulifera";2891770
8.877778;50.603889;3958736169;"CC_BY_4_0";"";"HUMAN_OBSERVATION";2021;7;16;NA;"Impatiens";"glandulifera";2891770
9.691804;51.271444;3958730429;"CC_BY_4_0";"";"HUMAN_OBSERVATION";2021;10;24;10;"Impatiens";"glandulifera";2891770
8.818402;50.535396;3958726426;"CC_BY_4_0";"";"HUMAN_OBSERVATION";2021;9;19;16;"Impatiens";"glandulifera";2891770
8.811667;49.845833;3958710112;"CC_BY_4_0";"";"HUMAN_OBSERVATION";2020;9;15;NA;"Impatiens";"glandulifera";2891770
8.608822;49.694539;3958699176;"CC_BY_4_0";"";"HUMAN_OBSERVATION";2021;9;13;113;"Impatiens";"glandulifera";2891770
9.627563;50.40803;3958661816;"CC_BY_4_0";"";"HUMAN_OBSERVATION";2021;10;2;9;"Impatiens";"glandulifera";2891770
8.395427;50.329413;3958649414;"CC_BY_4_0";"";"HUMAN_OBSERVATION";2021;9;5;5;"Impatiens";"glandulifera";2891770
8.759205;50.849904;3873613301;"CC_BY_NC_4_0";"iNaturalist";"HUMAN_OBSERVATION";2022;7;20;4;"Impatiens";"glandulifera";2891770
8.09068;50.50934;3958596912;"CC_BY_4_0";"";"HUMAN_OBSERVATION";2021;10;5;NA;"Impatiens";"glandulifera";2891770
8.747125;49.815415;3955009832;"CC_BY_4_0";"";"HUMAN_OBSERVATION";2021;8;28;7;"Impatiens";"glandulifera";2891770
9.893982;50.47474;3958579232;"CC_BY_4_0";"";"HUMAN_OBSERVATION";2021;9;22;30;"Impatiens";"glandulifera";2891770
8.969133;49.656526;3958578569;"CC_BY_4_0";"";"HUMAN_OBSERVATION";2021;9;19;24;"Impatiens";"glandulifera";2891770
9.092473;50.129435;3958539378;"CC_BY_4_0";"";"HUMAN_OBSERVATION";2021;9;14;16;"Impatiens";"glandulifera";2891770
8.959415;50.362178;3958528318;"CC_BY_4_0";"";"HUMAN_OBSERVATION";2020;8;15;17;"Impatiens";"glandulifera";2891770
8.627289;50.567544;3957205277;"CC_BY_4_0";"";"HUMAN_OBSERVATION";2021;7;31;19;"Impatiens";"glandulifera";2891770
8.572361;50.576052;3958506298;"CC_BY_4_0";"";"HUMAN_OBSERVATION";2021;9;26;97;"Impatiens";"glandulifera";2891770
8.694235;49.990164;3958499940;"CC_BY_4_0";"";"HUMAN_OBSERVATION";2021;9;12;48;"Impatiens";"glandulifera";2891770
8.664543;50.587365;3958493658;"CC_BY_4_0";"";"HUMAN_OBSERVATION";2022;7;21;9;"Impatiens";"glandulifera";2891770
8.012076;50.523521;3958468011;"CC_BY_4_0";"";"HUMAN_OBSERVATION";2020;6;26;12;"Impatiens";"glandulifera";2891770
9.71986;51.194169;3958460886;"CC_BY_4_0";"";"HUMAN_OBSERVATION";2021;9;19;7;"Impatiens";"glandulifera";2891770
8.755227;49.558048;3958457456;"CC_BY_4_0";"";"HUMAN_OBSERVATION";2021;8;13;8;"Impatiens";"glandulifera";2891770
8.65014;51.021038;3958426507;"CC_BY_4_0";"";"HUMAN_OBSERVATION";2020;9;2;8;"Impatiens";"glandulifera";2891770
8.182852;50.437709;3951580777;"CC_BY_4_0";"";"HUMAN_OBSERVATION";2021;7;21;5;"Impatiens";"glandulifera";2891770
8.754444;50.832285;3958389077;"CC_BY_4_0";"";"HUMAN_OBSERVATION";2020;7;31;10;"Impatiens";"glandulifera";2891770
8.99404;49.731222;3958387782;"CC_BY_4_0";"";"HUMAN_OBSERVATION";2021;9;21;16;"Impatiens";"glandulifera";2891770
8.38303;50.144982;3958387749;"CC_BY_4_0";"";"HUMAN_OBSERVATION";2021;9;21;15;"Impatiens";"glandulifera";2891770
9.632738;51.20887;3958382258;"CC_BY_4_0";"";"HUMAN_OBSERVATION";2021;10;5;22;"Impatiens";"glandulifera";2891770
8.633779;49.967336;3958372964;"CC_BY_4_0";"";"HUMAN_OBSERVATION";2021;9;12;24;"Impatiens";"glandulifera";2891770
9.348099;50.453527;3958372637;"CC_BY_4_0";"";"HUMAN_OBSERVATION";2021;9;11;48;"Impatiens";"glandulifera";2891770
8.680547;49.717819;3958367102;"CC_BY_4_0";"";"HUMAN_OBSERVATION";2022;5;3;4;"Impatiens";"glandulifera";2891770
9.417439;51.453575;3958366222;"CC_BY_4_0";"";"HUMAN_OBSERVATION";2021;8;8;28;"Impatiens";"glandulifera";2891770
8.684955;51.016451;3958365699;"CC_BY_4_0";"";"HUMAN_OBSERVATION";2021;8;7;10;"Impatiens";"glandulifera";2891770
9.505768;51.54619;3958350241;"CC_BY_4_0";"";"HUMAN_OBSERVATION";2021;8;20;22;"Impatiens";"glandulifera";2891770
9.883496;50.50704;3958338543;"CC_BY_4_0";"";"HUMAN_OBSERVATION";2021;9;16;19;"Impatiens";"glandulifera";2891770
8.990142;49.658764;3958301879;"CC_BY_4_0";"";"HUMAN_OBSERVATION";2021;7;28;NA;"Impatiens";"glandulifera";2891770
8.671373;49.766917;3958300248;"CC_BY_4_0";"";"HUMAN_OBSERVATION";2021;8;17;NA;"Impatiens";"glandulifera";2891770
8.635393;49.81319;2976077935;"CC_BY_4_0";"";"HUMAN_OBSERVATION";2020;8;3;16;"Impatiens";"glandulifera";2891770
9.353827;51.536996;3958288312;"CC_BY_4_0";"";"HUMAN_OBSERVATION";2022;7;17;8;"Impatiens";"glandulifera";2891770
8.787758;51.321659;3958285628;"CC_BY_4_0";"";"HUMAN_OBSERVATION";2022;8;2;20;"Impatiens";"glandulifera";2891770
8.746668;49.581305;3958271973;"CC_BY_4_0";"";"HUMAN_OBSERVATION";2022;7;31;35;"Impatiens";"glandulifera";2891770
8.715017;50.603492;3958269281;"CC_BY_4_0";"";"HUMAN_OBSERVATION";2021;8;3;16;"Impatiens";"glandulifera";2891770
8.893628;51.100758;3958263555;"CC_BY_4_0";"";"HUMAN_OBSERVATION";2021;10;11;142;"Impatiens";"glandulifera";2891770
8.702778;50.803889;3954685098;"CC_BY_4_0";"";"HUMAN_OBSERVATION";2021;7;25;NA;"Impatiens";"glandulifera";2891770
8.162358;50.395741;3958236930;"CC_BY_4_0";"";"HUMAN_OBSERVATION";2020;8;18;27;"Impatiens";"glandulifera";2891770
9.948081;50.557098;3958217278;"CC_BY_4_0";"";"HUMAN_OBSERVATION";2021;7;29;12;"Impatiens";"glandulifera";2891770
8.809994;50.062142;3958216797;"CC_BY_4_0";"";"HUMAN_OBSERVATION";2021;7;28;96;"Impatiens";"glandulifera";2891770
9.514394;50.364925;3958188165;"CC_BY_4_0";"";"HUMAN_OBSERVATION";2021;9;4;10;"Impatiens";"glandulifera";2891770
8.964324;49.666372;3958187553;"CC_BY_4_0";"";"HUMAN_OBSERVATION";2021;9;1;12;"Impatiens";"glandulifera";2891770
8.915192;50.836002;3958185097;"CC_BY_4_0";"";"HUMAN_OBSERVATION";2021;8;29;19;"Impatiens";"glandulifera";2891770
8.688097;49.820017;3958184681;"CC_BY_4_0";"";"HUMAN_OBSERVATION";2021;8;28;11;"Impatiens";"glandulifera";2891770
8.143181;50.085941;3958156997;"CC_BY_4_0";"";"HUMAN_OBSERVATION";2020;9;16;7;"Impatiens";"glandulifera";2891770
8.620255;49.743636;3958150324;"CC_BY_4_0";"";"HUMAN_OBSERVATION";2021;8;16;58;"Impatiens";"glandulifera";2891770
8.284487;50.556303;3958138960;"CC_BY_4_0";"";"HUMAN_OBSERVATION";2021;8;29;10;"Impatiens";"glandulifera";2891770
8.686442;50.839135;3958123699;"CC_BY_4_0";"";"HUMAN_OBSERVATION";2021;9;25;200;"Impatiens";"glandulifera";2891770
9.79125;50.55103;3958103414;"CC_BY_4_0";"";"HUMAN_OBSERVATION";2021;9;19;8;"Impatiens";"glandulifera";2891770
9.014872;50.279342;3958103380;"CC_BY_4_0";"";"HUMAN_OBSERVATION";2021;9;19;5;"Impatiens";"glandulifera";2891770
8.398063;50.303738;3958103252;"CC_BY_4_0";"";"HUMAN_OBSERVATION";2021;8;16;30;"Impatiens";"glandulifera";2891770
8.41187;50.820705;3958092294;"CC_BY_4_0";"";"HUMAN_OBSERVATION";2021;8;27;39;"Impatiens";"glandulifera";2891770
8.709139;49.923236;3958091390;"CC_BY_4_0";"";"HUMAN_OBSERVATION";2021;8;22;NA;"Impatiens";"glandulifera";2891770
9.372847;50.444854;3958089123;"CC_BY_4_0";"";"HUMAN_OBSERVATION";2017;8;13;8;"Impatiens";"glandulifera";2891770
9.010993;50.711753;3958081405;"CC_BY_4_0";"";"HUMAN_OBSERVATION";2021;8;21;5;"Impatiens";"glandulifera";2891770
8.200074;50.654592;3958053134;"CC_BY_4_0";"";"HUMAN_OBSERVATION";2021;9;16;15;"Impatiens";"glandulifera";2891770
8.713384;49.783686;3958041022;"CC_BY_4_0";"";"HUMAN_OBSERVATION";2021;8;22;NA;"Impatiens";"glandulifera";2891770
9.701249;51.190654;3958037106;"CC_BY_4_0";"";"HUMAN_OBSERVATION";2021;8;5;19;"Impatiens";"glandulifera";2891770
8.697793;49.923651;3954686933;"CC_BY_4_0";"";"HUMAN_OBSERVATION";2021;9;5;12;"Impatiens";"glandulifera";2891770
8.893198;49.711405;3954420123;"CC_BY_4_0";"";"HUMAN_OBSERVATION";2021;8;20;2;"Impatiens";"glandulifera";2891770
9.759768;50.558686;3958032838;"CC_BY_4_0";"";"HUMAN_OBSERVATION";2021;8;19;19;"Impatiens";"glandulifera";2891770
8.988773;50.543915;3958026305;"CC_BY_4_0";"";"HUMAN_OBSERVATION";2021;9;14;128;"Impatiens";"glandulifera";2891770
8.783138;49.799298;3958022277;"CC_BY_4_0";"";"HUMAN_OBSERVATION";2021;7;17;21;"Impatiens";"glandulifera";2891770
9.583934;50.728546;3958005118;"CC_BY_4_0";"";"HUMAN_OBSERVATION";2021;9;2;10;"Impatiens";"glandulifera";2891770
9.481728;50.299183;3957992311;"CC_BY_4_0";"";"HUMAN_OBSERVATION";2021;8;28;8;"Impatiens";"glandulifera";2891770
9.52105;51.397;3957986792;"CC_BY_4_0";"";"HUMAN_OBSERVATION";2021;9;28;12;"Impatiens";"glandulifera";2891770
9.682042;50.844968;3957848168;"CC_BY_4_0";"";"HUMAN_OBSERVATION";2021;9;2;65;"Impatiens";"glandulifera";2891770
8.919936;49.628649;3957978795;"CC_BY_4_0";"";"HUMAN_OBSERVATION";2022;7;9;12;"Impatiens";"glandulifera";2891770
9.831932;51.20668;3957954609;"CC_BY_4_0";"";"HUMAN_OBSERVATION";2021;8;7;4;"Impatiens";"glandulifera";2891770
9.967456;51.06558;3957941806;"CC_BY_4_0";"";"HUMAN_OBSERVATION";2021;8;26;64;"Impatiens";"glandulifera";2891770
8.619941;51.317884;3957941586;"CC_BY_4_0";"";"HUMAN_OBSERVATION";2021;8;25;12;"Impatiens";"glandulifera";2891770
8.58882;49.817543;3957937323;"CC_BY_4_0";"";"HUMAN_OBSERVATION";2021;9;21;5;"Impatiens";"glandulifera";2891770
9.619533;51.463088;3957931919;"CC_BY_4_0";"";"HUMAN_OBSERVATION";2021;7;31;4;"Impatiens";"glandulifera";2891770
9.876659;51.140137;3957929438;"CC_BY_4_0";"";"HUMAN_OBSERVATION";2022;7;22;48;"Impatiens";"glandulifera";2891770
8.621083;49.729911;3957917367;"CC_BY_4_0";"";"HUMAN_OBSERVATION";2021;9;7;13;"Impatiens";"glandulifera";2891770
8.809329;51.083888;3957904473;"CC_BY_4_0";"";"HUMAN_OBSERVATION";2021;8;5;76;"Impatiens";"glandulifera";2891770
8.912955;50.33298;3957894105;"CC_BY_4_0";"";"HUMAN_OBSERVATION";2021;8;23;19;"Impatiens";"glandulifera";2891770
9.173734;50.942203;3957890679;"CC_BY_4_0";"";"HUMAN_OBSERVATION";2021;9;19;4;"Impatiens";"glandulifera";2891770
8.373275;50.069506;3957875333;"CC_BY_4_0";"";"HUMAN_OBSERVATION";2021;8;11;NA;"Impatiens";"glandulifera";2891770
8.562285;50.843183;3957864348;"CC_BY_4_0";"";"HUMAN_OBSERVATION";2022;7;26;10;"Impatiens";"glandulifera";2891770
9.569185;51.166069;3957856124;"CC_BY_4_0";"";"HUMAN_OBSERVATION";2021;8;4;NA;"Impatiens";"glandulifera";2891770
8.90777;51.103769;3957847774;"CC_BY_4_0";"";"HUMAN_OBSERVATION";2021;9;1;9;"Impatiens";"glandulifera";2891770
8.653763;49.817087;3951711955;"CC_BY_4_0";"";"HUMAN_OBSERVATION";2018;7;17;NA;"Impatiens";"glandulifera";2891770
8.706148;50.673864;3727669002;"CC_BY_NC_4_0";"";"HUMAN_OBSERVATION";2020;8;17;25;"Impatiens";"glandulifera";2891770
9.044456;50.16573;3957815123;"CC_BY_4_0";"";"HUMAN_OBSERVATION";2021;9;2;2;"Impatiens";"glandulifera";2891770
8.553405;50.640367;3957809976;"CC_BY_4_0";"";"HUMAN_OBSERVATION";2021;9;13;48;"Impatiens";"glandulifera";2891770
8.787392;49.565439;3957806056;"CC_BY_4_0";"";"HUMAN_OBSERVATION";2020;8;29;24;"Impatiens";"glandulifera";2891770
9.347246;50.604665;3957800679;"CC_BY_4_0";"";"HUMAN_OBSERVATION";2021;8;27;NA;"Impatiens";"glandulifera";2891770
8.524212;49.864381;3957793398;"CC_BY_4_0";"";"HUMAN_OBSERVATION";2020;9;23;32;"Impatiens";"glandulifera";2891770
8.827665;49.767128;3957782903;"CC_BY_4_0";"";"HUMAN_OBSERVATION";2021;8;8;48;"Impatiens";"glandulifera";2891770
9.521066;51.433452;3957782889;"CC_BY_4_0";"";"HUMAN_OBSERVATION";2021;8;8;32;"Impatiens";"glandulifera";2891770
8.24529;50.486234;3957764589;"CC_BY_4_0";"";"HUMAN_OBSERVATION";2021;8;28;19;"Impatiens";"glandulifera";2891770
9.699091;50.758373;3957754283;"CC_BY_4_0";"";"HUMAN_OBSERVATION";2020;8;23;5;"Impatiens";"glandulifera";2891770
8.683945;51.364733;3721859176;"CC_BY_NC_4_0";"";"HUMAN_OBSERVATION";2021;8;13;24;"Impatiens";"glandulifera";2891770
8.281595;50.560905;3904949085;"CC_BY_NC_4_0";"";"HUMAN_OBSERVATION";2022;8;16;24;"Impatiens";"glandulifera";2891770
9.23486;51.096141;3957716666;"CC_BY_4_0";"";"HUMAN_OBSERVATION";2021;8;25;17;"Impatiens";"glandulifera";2891770
8.650466;50.575533;2269280070;"CC0_1_0";"iNaturalist";"HUMAN_OBSERVATION";2019;6;15;NA;"Impatiens";"glandulifera";2891770
8.257985;50.482706;3957712565;"CC_BY_4_0";"";"HUMAN_OBSERVATION";2021;7;21;19;"Impatiens";"glandulifera";2891770
9.841559;51.335777;3954641918;"CC_BY_4_0";"";"HUMAN_OBSERVATION";2021;8;5;11;"Impatiens";"glandulifera";2891770
8.754837;50.866312;3957705245;"CC_BY_4_0";"";"HUMAN_OBSERVATION";2021;8;21;52;"Impatiens";"glandulifera";2891770
9.567452;51.230763;3957705115;"CC_BY_4_0";"";"HUMAN_OBSERVATION";2021;8;21;13;"Impatiens";"glandulifera";2891770
8.678507;49.950484;3957704466;"CC_BY_4_0";"";"HUMAN_OBSERVATION";2021;8;20;NA;"Impatiens";"glandulifera";2891770
8.883169;49.84181;3957702111;"CC_BY_4_0";"";"HUMAN_OBSERVATION";2021;9;5;32;"Impatiens";"glandulifera";2891770
9.007734;51.503149;2644390846;"CC_BY_4_0";"";"HUMAN_OBSERVATION";2018;8;21;12;"Impatiens";"glandulifera";2891770
8.811914;49.540961;3957668511;"CC_BY_4_0";"";"HUMAN_OBSERVATION";2021;7;25;15;"Impatiens";"glandulifera";2891770
9.045956;50.351378;3957665947;"CC_BY_4_0";"";"HUMAN_OBSERVATION";2021;8;23;NA;"Impatiens";"glandulifera";2891770
8.7296;50.775126;3957659358;"CC_BY_4_0";"";"HUMAN_OBSERVATION";2021;8;17;48;"Impatiens";"glandulifera";2891770
9.383631;51.192137;3957659226;"CC_BY_4_0";"";"HUMAN_OBSERVATION";2021;9;2;8;"Impatiens";"glandulifera";2891770
8.825786;50.694663;3957656031;"CC_BY_4_0";"";"HUMAN_OBSERVATION";2021;7;20;5;"Impatiens";"glandulifera";2891770
8.86445;50.696812;3957654152;"CC_BY_4_0";"";"HUMAN_OBSERVATION";2021;7;17;8;"Impatiens";"glandulifera";2891770
9.278095;50.924538;3957625721;"CC_BY_4_0";"";"HUMAN_OBSERVATION";2021;8;1;NA;"Impatiens";"glandulifera";2891770
9.009486;50.638217;3957614963;"CC_BY_4_0";"";"HUMAN_OBSERVATION";2021;8;15;5;"Impatiens";"glandulifera";2891770
8.973125;50.241418;3957614792;"CC_BY_4_0";"";"HUMAN_OBSERVATION";2021;8;15;8;"Impatiens";"glandulifera";2891770
8.624216;50.320583;3957613759;"CC_BY_4_0";"";"HUMAN_OBSERVATION";2021;8;28;17;"Impatiens";"glandulifera";2891770
8.945613;49.82608;3957605978;"CC_BY_4_0";"";"HUMAN_OBSERVATION";2021;8;29;11;"Impatiens";"glandulifera";2891770
9.249418;51.157961;3957605621;"CC_BY_4_0";"";"HUMAN_OBSERVATION";2021;8;28;17;"Impatiens";"glandulifera";2891770
8.313035;50.252083;3957601896;"CC_BY_4_0";"";"HUMAN_OBSERVATION";2021;7;12;10;"Impatiens";"glandulifera";2891770
9.069472;50.178288;3956327435;"CC_BY_4_0";"";"HUMAN_OBSERVATION";2021;7;15;46;"Impatiens";"glandulifera";2891770
9.67591;50.857967;3957576146;"CC_BY_4_0";"";"HUMAN_OBSERVATION";2021;7;31;5;"Impatiens";"glandulifera";2891770
8.780383;50.327408;3957575805;"CC_BY_4_0";"";"HUMAN_OBSERVATION";2021;7;29;12;"Impatiens";"glandulifera";2891770
8.273456;50.600387;3957567399;"CC_BY_4_0";"";"HUMAN_OBSERVATION";2021;8;10;NA;"Impatiens";"glandulifera";2891770
9.325664;51.237397;3957566511;"CC_BY_4_0";"";"HUMAN_OBSERVATION";2021;8;24;15;"Impatiens";"glandulifera";2891770
9.375816;51.305994;3957566501;"CC_BY_4_0";"";"HUMAN_OBSERVATION";2021;8;24;NA;"Impatiens";"glandulifera";2891770
8.444371;50.854715;3957566498;"CC_BY_4_0";"";"HUMAN_OBSERVATION";2021;8;24;4;"Impatiens";"glandulifera";2891770
8.131168;50.407849;3954783587;"CC_BY_4_0";"";"HUMAN_OBSERVATION";2021;8;13;91;"Impatiens";"glandulifera";2891770
8.694522;49.721722;2901721169;"CC_BY_NC_4_0";"iNaturalist";"HUMAN_OBSERVATION";2020;10;13;9;"Impatiens";"glandulifera";2891770
9.180552;50.925202;3957516859;"CC_BY_4_0";"";"HUMAN_OBSERVATION";2021;8;22;8;"Impatiens";"glandulifera";2891770
9.883258;51.383235;3957516803;"CC_BY_4_0";"";"HUMAN_OBSERVATION";2021;8;22;16;"Impatiens";"glandulifera";2891770
9.314167;50.983638;3957511811;"CC_BY_4_0";"";"HUMAN_OBSERVATION";2021;8;22;NA;"Impatiens";"glandulifera";2891770
10.169036;51.174362;3957497274;"CC_BY_4_0";"";"HUMAN_OBSERVATION";2021;7;29;10;"Impatiens";"glandulifera";2891770
7.910318;50.098743;2976221291;"CC_BY_4_0";"";"HUMAN_OBSERVATION";2020;9;6;NA;"Impatiens";"glandulifera";2891770
8.379627;50.593393;3957436307;"CC_BY_4_0";"";"HUMAN_OBSERVATION";2020;7;26;NA;"Impatiens";"glandulifera";2891770
9.191088;50.575441;3957418233;"CC_BY_4_0";"";"HUMAN_OBSERVATION";2021;9;21;24;"Impatiens";"glandulifera";2891770
9.74704;50.878125;3957380140;"CC_BY_4_0";"";"HUMAN_OBSERVATION";2021;8;3;8;"Impatiens";"glandulifera";2891770
8.403265;50.17199;2646378227;"CC_BY_4_0";"";"HUMAN_OBSERVATION";2019;8;25;NA;"Impatiens";"glandulifera";2891770
9.425649;51.591122;3906894901;"CC_BY_NC_4_0";"";"HUMAN_OBSERVATION";2022;6;25;4;"Impatiens";"glandulifera";2891770
8.933288;50.964959;3957371273;"CC_BY_4_0";"";"HUMAN_OBSERVATION";2017;6;15;24;"Impatiens";"glandulifera";2891770
9.523303;51.042385;3957328026;"CC_BY_4_0";"";"HUMAN_OBSERVATION";2022;7;17;97;"Impatiens";"glandulifera";2891770
9.501918;50.75441;3957327827;"CC_BY_4_0";"";"HUMAN_OBSERVATION";2022;7;16;9;"Impatiens";"glandulifera";2891770
8.987308;50.224753;3957307503;"CC_BY_4_0";"";"HUMAN_OBSERVATION";2022;6;30;4;"Impatiens";"glandulifera";2891770
8.699845;49.705703;3957295726;"CC_BY_4_0";"";"HUMAN_OBSERVATION";2021;7;26;6;"Impatiens";"glandulifera";2891770
8.308286;50.754472;3957287844;"CC_BY_4_0";"";"HUMAN_OBSERVATION";2021;7;4;17;"Impatiens";"glandulifera";2891770
8.14019;50.080607;2978072421;"CC_BY_4_0";"";"HUMAN_OBSERVATION";2020;8;7;36;"Impatiens";"glandulifera";2891770
9.578272;51.50753;3957271857;"CC_BY_4_0";"";"HUMAN_OBSERVATION";2021;9;29;13;"Impatiens";"glandulifera";2891770
9.65307;51.602894;3957271621;"CC_BY_4_0";"";"HUMAN_OBSERVATION";2021;9;27;96;"Impatiens";"glandulifera";2891770
8.425154;50.303265;3957237378;"CC_BY_4_0";"";"HUMAN_OBSERVATION";2021;7;25;5;"Impatiens";"glandulifera";2891770
8.293621;50.155632;3957233060;"CC_BY_4_0";"";"HUMAN_OBSERVATION";2021;8;8;65;"Impatiens";"glandulifera";2891770
9.747467;50.844554;3957232300;"CC_BY_4_0";"";"HUMAN_OBSERVATION";2021;9;5;6;"Impatiens";"glandulifera";2891770
9.619594;50.865823;3957232254;"CC_BY_4_0";"";"HUMAN_OBSERVATION";2021;9;5;12;"Impatiens";"glandulifera";2891770
8.774593;49.771855;3957188433;"CC_BY_4_0";"";"HUMAN_OBSERVATION";2021;10;14;16;"Impatiens";"glandulifera";2891770
9.000576;49.698371;3952273079;"CC_BY_4_0";"";"HUMAN_OBSERVATION";2021;9;16;12;"Impatiens";"glandulifera";2891770
9.56417;50.665663;3957179182;"CC_BY_4_0";"";"HUMAN_OBSERVATION";2021;9;19;NA;"Impatiens";"glandulifera";2891770
9.538889;51.360278;3957178326;"CC_BY_4_0";"";"HUMAN_OBSERVATION";2021;9;15;12;"Impatiens";"glandulifera";2891770
8.948086;50.275429;3957154216;"CC_BY_4_0";"";"HUMAN_OBSERVATION";2021;7;29;NA;"Impatiens";"glandulifera";2891770
8.873823;49.978015;3957134074;"CC_BY_4_0";"";"HUMAN_OBSERVATION";2021;9;14;2;"Impatiens";"glandulifera";2891770
8.680066;49.806775;3957133658;"CC_BY_4_0";"";"HUMAN_OBSERVATION";2021;9;12;65;"Impatiens";"glandulifera";2891770
9.737465;50.510536;3957133541;"CC_BY_4_0";"";"HUMAN_OBSERVATION";2021;9;11;NA;"Impatiens";"glandulifera";2891770
8.44229;50.26964;3957115828;"CC_BY_4_0";"";"HUMAN_OBSERVATION";2017;9;7;NA;"Impatiens";"glandulifera";2891770
9.270904;51.494603;3957052514;"CC_BY_4_0";"";"HUMAN_OBSERVATION";2021;8;21;5;"Impatiens";"glandulifera";2891770
9.543514;51.324861;3957091815;"CC_BY_4_0";"";"HUMAN_OBSERVATION";2021;7;18;NA;"Impatiens";"glandulifera";2891770
8.992332;50.911995;3957084445;"CC_BY_4_0";"";"HUMAN_OBSERVATION";2021;7;31;20;"Impatiens";"glandulifera";2891770
8.982802;50.152601;3957084020;"CC_BY_4_0";"";"HUMAN_OBSERVATION";2021;10;6;19;"Impatiens";"glandulifera";2891770
8.773038;49.820572;3957067992;"CC_BY_4_0";"";"HUMAN_OBSERVATION";2016;8;18;19;"Impatiens";"glandulifera";2891770
8.769098;50.854135;3957058681;"CC_BY_4_0";"";"HUMAN_OBSERVATION";2018;7;16;13;"Impatiens";"glandulifera";2891770
9.628126;51.075237;3957057443;"CC_BY_4_0";"";"HUMAN_OBSERVATION";2021;8;1;57;"Impatiens";"glandulifera";2891770
8.30544;50.706804;3957053070;"CC_BY_4_0";"";"HUMAN_OBSERVATION";2021;8;23;NA;"Impatiens";"glandulifera";2891770
9.476706;51.012388;3957044115;"CC_BY_4_0";"";"HUMAN_OBSERVATION";2021;9;28;24;"Impatiens";"glandulifera";2891770
8.972439;50.281626;3955504569;"CC_BY_4_0";"";"HUMAN_OBSERVATION";2021;7;29;19;"Impatiens";"glandulifera";2891770
9.149424;51.149639;3957023081;"CC_BY_4_0";"";"HUMAN_OBSERVATION";2021;9;28;11;"Impatiens";"glandulifera";2891770
8.390903;50.385036;3957011565;"CC_BY_4_0";"";"HUMAN_OBSERVATION";2021;7;29;NA;"Impatiens";"glandulifera";2891770
8.670997;50.084565;3956990317;"CC_BY_4_0";"";"HUMAN_OBSERVATION";2021;8;29;7;"Impatiens";"glandulifera";2891770
9.433641;51.575409;3954270953;"CC_BY_4_0";"";"HUMAN_OBSERVATION";2021;9;18;10;"Impatiens";"glandulifera";2891770
8.921707;51.123317;3956984030;"CC_BY_4_0";"";"HUMAN_OBSERVATION";2021;9;3;8;"Impatiens";"glandulifera";2891770
9.144803;50.51229;3956931917;"CC_BY_4_0";"";"HUMAN_OBSERVATION";2021;8;21;4;"Impatiens";"glandulifera";2891770
9.648056;51.104444;3956913034;"CC_BY_4_0";"";"HUMAN_OBSERVATION";2021;8;15;NA;"Impatiens";"glandulifera";2891770
9.287044;50.219277;3956912385;"CC_BY_4_0";"";"HUMAN_OBSERVATION";2021;8;14;NA;"Impatiens";"glandulifera";2891770
9.823608;51.342417;3956911698;"CC_BY_4_0";"";"HUMAN_OBSERVATION";2021;7;25;4;"Impatiens";"glandulifera";2891770
8.829545;49.409884;3953740241;"CC_BY_4_0";"";"HUMAN_OBSERVATION";2021;7;17;3;"Impatiens";"glandulifera";2891770
9.416563;51.384967;3956898699;"CC_BY_4_0";"";"HUMAN_OBSERVATION";2021;8;23;19;"Impatiens";"glandulifera";2891770
9.009792;50.272955;3956869976;"CC_BY_4_0";"";"HUMAN_OBSERVATION";2021;8;13;50;"Impatiens";"glandulifera";2891770
9.352957;50.216088;3956869630;"CC_BY_4_0";"";"HUMAN_OBSERVATION";2021;8;12;13;"Impatiens";"glandulifera";2891770
9.889611;51.313534;3956856887;"CC_BY_4_0";"";"HUMAN_OBSERVATION";2017;8;21;NA;"Impatiens";"glandulifera";2891770
9.357863;51.528323;3956856135;"CC_BY_4_0";"";"HUMAN_OBSERVATION";2021;7;20;8;"Impatiens";"glandulifera";2891770
9.031565;50.870338;3956138150;"CC_BY_4_0";"";"HUMAN_OBSERVATION";2021;7;22;NA;"Impatiens";"glandulifera";2891770
8.953608;49.958372;3956853765;"CC_BY_4_0";"";"HUMAN_OBSERVATION";2021;9;4;11;"Impatiens";"glandulifera";2891770
8.306534;50.67877;3956853558;"CC_BY_4_0";"";"HUMAN_OBSERVATION";2021;9;3;11;"Impatiens";"glandulifera";2891770
9.033829;50.351263;3956851743;"CC_BY_4_0";"";"HUMAN_OBSERVATION";2021;8;21;8;"Impatiens";"glandulifera";2891770
8.733863;50.250615;3956851706;"CC_BY_4_0";"";"HUMAN_OBSERVATION";2021;8;21;21;"Impatiens";"glandulifera";2891770
9.457881;51.244777;3956824557;"CC_BY_4_0";"";"HUMAN_OBSERVATION";2021;8;9;NA;"Impatiens";"glandulifera";2891770
9.012427;50.806705;3956823175;"CC_BY_4_0";"";"HUMAN_OBSERVATION";2021;8;7;NA;"Impatiens";"glandulifera";2891770
9.689231;51.049968;3956822734;"CC_BY_4_0";"";"HUMAN_OBSERVATION";2021;8;2;13;"Impatiens";"glandulifera";2891770
9.893193;50.783449;3956816375;"CC_BY_4_0";"";"HUMAN_OBSERVATION";2022;7;22;32;"Impatiens";"glandulifera";2891770
8.306112;50.314908;3956809910;"CC_BY_4_0";"";"HUMAN_OBSERVATION";2021;7;21;24;"Impatiens";"glandulifera";2891770
8.763452;51.022543;3956800811;"CC_BY_4_0";"";"HUMAN_OBSERVATION";2021;10;2;NA;"Impatiens";"glandulifera";2891770
9.888813;51.270655;3956800578;"CC_BY_4_0";"";"HUMAN_OBSERVATION";2021;9;28;9;"Impatiens";"glandulifera";2891770
10.015596;51.179212;3956798655;"CC_BY_4_0";"";"HUMAN_OBSERVATION";2021;7;3;32;"Impatiens";"glandulifera";2891770
8.70552;50.886986;3956793829;"CC_BY_4_0";"";"HUMAN_OBSERVATION";2022;7;3;5;"Impatiens";"glandulifera";2891770
8.200914;50.510633;3951776878;"CC_BY_4_0";"";"HUMAN_OBSERVATION";2021;8;8;32;"Impatiens";"glandulifera";2891770
9.143056;50.686944;3956750200;"CC_BY_4_0";"";"HUMAN_OBSERVATION";2021;9;25;4;"Impatiens";"glandulifera";2891770
8.45177;50.266953;3956750122;"CC_BY_4_0";"";"HUMAN_OBSERVATION";2021;9;24;65;"Impatiens";"glandulifera";2891770
8.751914;49.610663;3907366087;"CC_BY_NC_4_0";"";"HUMAN_OBSERVATION";2022;7;19;16;"Impatiens";"glandulifera";2891770
9.398302;50.877235;3956730140;"CC_BY_4_0";"";"HUMAN_OBSERVATION";2021;9;14;8;"Impatiens";"glandulifera";2891770
9.167053;50.390186;3956729862;"CC_BY_4_0";"";"HUMAN_OBSERVATION";2021;9;13;19;"Impatiens";"glandulifera";2891770
9.634657;50.438567;3956729405;"CC_BY_4_0";"";"HUMAN_OBSERVATION";2021;9;12;5;"Impatiens";"glandulifera";2891770
9.521116;50.368448;3956716497;"CC_BY_4_0";"";"HUMAN_OBSERVATION";2021;8;13;9;"Impatiens";"glandulifera";2891770
8.427613;50.105622;3956716438;"CC_BY_4_0";"";"HUMAN_OBSERVATION";2021;8;13;65;"Impatiens";"glandulifera";2891770
8.725645;49.99896;3956708790;"CC_BY_4_0";"";"HUMAN_OBSERVATION";2021;8;28;48;"Impatiens";"glandulifera";2891770
8.381267;50.154655;3956681425;"CC_BY_4_0";"";"HUMAN_OBSERVATION";2016;7;10;6;"Impatiens";"glandulifera";2891770
8.979018;49.669561;3956679149;"CC_BY_4_0";"";"HUMAN_OBSERVATION";2021;9;11;12;"Impatiens";"glandulifera";2891770
8.855673;50.210755;3956671583;"CC_BY_4_0";"";"HUMAN_OBSERVATION";2021;7;11;NA;"Impatiens";"glandulifera";2891770
9.25029;50.226389;3956669973;"CC_BY_4_0";"";"HUMAN_OBSERVATION";2021;8;12;18;"Impatiens";"glandulifera";2891770
8.799468;51.096825;3956668986;"CC_BY_4_0";"";"HUMAN_OBSERVATION";2022;7;24;9;"Impatiens";"glandulifera";2891770
8.627925;50.857563;3956660080;"CC_BY_4_0";"";"HUMAN_OBSERVATION";2021;8;26;15;"Impatiens";"glandulifera";2891770
8.746465;49.819637;3953101242;"CC_BY_4_0";"";"HUMAN_OBSERVATION";2021;8;24;13;"Impatiens";"glandulifera";2891770
8.504901;50.688649;3956643108;"CC_BY_4_0";"";"HUMAN_OBSERVATION";2021;8;2;31;"Impatiens";"glandulifera";2891770
9.950843;50.500108;3956617608;"CC_BY_4_0";"";"HUMAN_OBSERVATION";2022;7;3;7;"Impatiens";"glandulifera";2891770
8.210405;50.339743;3956609929;"CC_BY_4_0";"";"HUMAN_OBSERVATION";2021;8;22;12;"Impatiens";"glandulifera";2891770
8.679316;49.713649;3956605539;"CC_BY_4_0";"";"HUMAN_OBSERVATION";2021;7;11;NA;"Impatiens";"glandulifera";2891770
8.654065;50.697304;3956595549;"CC_BY_4_0";"";"HUMAN_OBSERVATION";2021;8;11;26;"Impatiens";"glandulifera";2891770
9.129887;50.831977;3956576941;"CC_BY_4_0";"";"HUMAN_OBSERVATION";2021;9;2;4;"Impatiens";"glandulifera";2891770
8.250697;50.223155;3956576328;"CC_BY_4_0";"";"HUMAN_OBSERVATION";2021;8;30;48;"Impatiens";"glandulifera";2891770
8.106766;50.414394;3956574207;"CC_BY_4_0";"";"HUMAN_OBSERVATION";2022;7;30;6;"Impatiens";"glandulifera";2891770
8.8274;50.516204;3956558208;"CC_BY_4_0";"";"HUMAN_OBSERVATION";2021;7;29;NA;"Impatiens";"glandulifera";2891770
8.306721;50.747892;3956527784;"CC_BY_4_0";"";"HUMAN_OBSERVATION";2021;8;29;17;"Impatiens";"glandulifera";2891770
9.986213;50.567916;3956525207;"CC_BY_4_0";"";"HUMAN_OBSERVATION";2021;8;6;24;"Impatiens";"glandulifera";2891770
8.77384;50.332829;3956525009;"CC_BY_4_0";"";"HUMAN_OBSERVATION";2021;8;5;6;"Impatiens";"glandulifera";2891770
9.510763;51.437841;3956524465;"CC_BY_4_0";"";"HUMAN_OBSERVATION";2021;8;4;5;"Impatiens";"glandulifera";2891770
9.46506;51.610721;3956517042;"CC_BY_4_0";"";"HUMAN_OBSERVATION";2021;8;15;3;"Impatiens";"glandulifera";2891770
8.251412;50.419955;3956488330;"CC_BY_4_0";"";"HUMAN_OBSERVATION";2018;10;6;NA;"Impatiens";"glandulifera";2891770
9.861944;50.537222;3956482019;"CC_BY_4_0";"";"HUMAN_OBSERVATION";2021;8;3;NA;"Impatiens";"glandulifera";2891770
9.004451;51.212458;3956450093;"CC_BY_4_0";"";"HUMAN_OBSERVATION";2022;7;10;NA;"Impatiens";"glandulifera";2891770
8.771257;50.109052;3956439865;"CC_BY_4_0";"";"HUMAN_OBSERVATION";2022;7;25;8;"Impatiens";"glandulifera";2891770
8.690451;50.591165;3384732215;"CC0_1_0";"iNaturalist";"HUMAN_OBSERVATION";2021;9;25;8;"Impatiens";"glandulifera";2891770
8.755047;50.791364;2649637778;"CC_BY_4_0";"";"HUMAN_OBSERVATION";2019;8;18;165;"Impatiens";"glandulifera";2891770
8.420485;50.146218;3956419293;"CC_BY_4_0";"";"HUMAN_OBSERVATION";2021;8;11;65;"Impatiens";"glandulifera";2891770
9.013556;49.923311;2649563279;"CC_BY_4_0";"";"HUMAN_OBSERVATION";2019;8;11;5;"Impatiens";"glandulifera";2891770
8.822372;51.247075;3956367088;"CC_BY_4_0";"";"HUMAN_OBSERVATION";2021;8;7;24;"Impatiens";"glandulifera";2891770
8.761592;50.253949;3956347234;"CC_BY_4_0";"";"HUMAN_OBSERVATION";2022;7;6;16;"Impatiens";"glandulifera";2891770
9.035592;50.294933;3956314232;"CC_BY_4_0";"";"HUMAN_OBSERVATION";2022;7;16;18;"Impatiens";"glandulifera";2891770
9.176638;50.432506;3956282093;"CC_BY_4_0";"";"HUMAN_OBSERVATION";2021;8;15;65;"Impatiens";"glandulifera";2891770
8.629357;50.861769;3956262172;"CC_BY_4_0";"";"HUMAN_OBSERVATION";2022;7;13;12;"Impatiens";"glandulifera";2891770
8.744225;49.728592;3952483856;"CC_BY_4_0";"";"HUMAN_OBSERVATION";2021;8;25;13;"Impatiens";"glandulifera";2891770
8.940117;50.265432;3951999509;"CC_BY_4_0";"";"HUMAN_OBSERVATION";2021;8;22;3;"Impatiens";"glandulifera";2891770
8.372632;50.099004;3956179627;"CC_BY_4_0";"";"HUMAN_OBSERVATION";2021;8;8;15;"Impatiens";"glandulifera";2891770
8.99;49.629723;3956132331;"CC_BY_4_0";"";"HUMAN_OBSERVATION";2021;8;4;12;"Impatiens";"glandulifera";2891770
8.619722;51.315;3956127876;"CC_BY_4_0";"";"HUMAN_OBSERVATION";2019;7;27;NA;"Impatiens";"glandulifera";2891770
9.024482;51.368265;3956119050;"CC_BY_4_0";"";"HUMAN_OBSERVATION";2016;7;18;21;"Impatiens";"glandulifera";2891770
8.637067;50.637547;3956064240;"CC_BY_4_0";"";"HUMAN_OBSERVATION";2018;7;26;NA;"Impatiens";"glandulifera";2891770
9.536496;51.376769;3956036080;"CC_BY_4_0";"";"HUMAN_OBSERVATION";2021;8;1;5;"Impatiens";"glandulifera";2891770
9.678309;50.858282;3956016850;"CC_BY_4_0";"";"HUMAN_OBSERVATION";2018;6;12;18;"Impatiens";"glandulifera";2891770
8.331189;50.123162;3956010293;"CC_BY_4_0";"";"HUMAN_OBSERVATION";2021;9;24;71;"Impatiens";"glandulifera";2891770
8.992165;49.551542;3955982495;"CC_BY_4_0";"";"HUMAN_OBSERVATION";2018;9;2;10;"Impatiens";"glandulifera";2891770
8.085135;50.146854;3955961343;"CC_BY_4_0";"";"HUMAN_OBSERVATION";2021;9;9;24;"Impatiens";"glandulifera";2891770
9.431887;51.290511;3955944777;"CC_BY_4_0";"";"HUMAN_OBSERVATION";2021;7;28;30;"Impatiens";"glandulifera";2891770
9.43507;50.649922;3955936227;"CC_BY_4_0";"";"HUMAN_OBSERVATION";2021;7;25;5;"Impatiens";"glandulifera";2891770
8.777802;49.572832;3955913511;"CC_BY_4_0";"";"HUMAN_OBSERVATION";2021;9;1;15;"Impatiens";"glandulifera";2891770
8.674332;50.243859;3955912218;"CC_BY_4_0";"";"HUMAN_OBSERVATION";2021;9;8;2;"Impatiens";"glandulifera";2891770
9.355278;51.506389;3955894370;"CC_BY_4_0";"";"HUMAN_OBSERVATION";2021;7;21;NA;"Impatiens";"glandulifera";2891770
8.215019;50.533718;3955884515;"CC_BY_4_0";"";"HUMAN_OBSERVATION";2021;7;21;NA;"Impatiens";"glandulifera";2891770
8.46016;50.540697;3955883275;"CC_BY_4_0";"";"HUMAN_OBSERVATION";2021;10;3;NA;"Impatiens";"glandulifera";2891770
8.416762;50.565877;3955869343;"CC_BY_4_0";"";"HUMAN_OBSERVATION";2021;8;24;NA;"Impatiens";"glandulifera";2891770
8.43871;50.503399;3955867863;"CC_BY_4_0";"";"HUMAN_OBSERVATION";2021;10;19;24;"Impatiens";"glandulifera";2891770
8.420797;50.158045;2864620789;"CC_BY_4_0";"iNaturalist";"HUMAN_OBSERVATION";2020;9;7;NA;"Impatiens";"glandulifera";2891770
9.529699;51.290742;3955814002;"CC_BY_4_0";"";"HUMAN_OBSERVATION";2021;8;25;32;"Impatiens";"glandulifera";2891770
8.722922;49.81345;3955786344;"CC_BY_4_0";"";"HUMAN_OBSERVATION";2016;8;31;NA;"Impatiens";"glandulifera";2891770
9.694702;50.735795;3955778958;"CC_BY_4_0";"";"HUMAN_OBSERVATION";2017;9;29;12;"Impatiens";"glandulifera";2891770
8.453477;50.903584;3955731617;"CC_BY_4_0";"";"HUMAN_OBSERVATION";2021;9;12;5;"Impatiens";"glandulifera";2891770
9.299586;51.25397;3955726512;"CC_BY_4_0";"";"HUMAN_OBSERVATION";2021;8;4;100;"Impatiens";"glandulifera";2891770
8.935136;50.869532;3955687557;"CC_BY_4_0";"";"HUMAN_OBSERVATION";2021;9;17;13;"Impatiens";"glandulifera";2891770
9.986184;51.150573;3955631268;"CC_BY_4_0";"";"HUMAN_OBSERVATION";2021;7;27;12;"Impatiens";"glandulifera";2891770
8.525461;50.758499;3955628663;"CC_BY_4_0";"";"HUMAN_OBSERVATION";2021;6;29;9;"Impatiens";"glandulifera";2891770
9.054474;51.086029;3955611627;"CC_BY_4_0";"";"HUMAN_OBSERVATION";2021;9;12;11;"Impatiens";"glandulifera";2891770
9.738465;51.034672;3722463591;"CC_BY_NC_4_0";"";"HUMAN_OBSERVATION";2021;9;13;NA;"Impatiens";"glandulifera";2891770
9.936094;50.500751;2977904534;"CC_BY_4_0";"";"HUMAN_OBSERVATION";2020;9;22;6;"Impatiens";"glandulifera";2891770
9.188056;51.048333;2645427720;"CC_BY_4_0";"";"HUMAN_OBSERVATION";2019;8;7;NA;"Impatiens";"glandulifera";2891770
8.337059;50.82384;3955508290;"CC_BY_4_0";"";"HUMAN_OBSERVATION";2022;7;31;16;"Impatiens";"glandulifera";2891770
8.044669;50.449693;2976309764;"CC_BY_4_0";"";"HUMAN_OBSERVATION";2020;8;16;6;"Impatiens";"glandulifera";2891770
8.737222;49.573611;3955469128;"CC_BY_4_0";"";"HUMAN_OBSERVATION";2021;8;22;NA;"Impatiens";"glandulifera";2891770
9.411512;50.301942;3955467946;"CC_BY_4_0";"";"HUMAN_OBSERVATION";2021;10;9;8;"Impatiens";"glandulifera";2891770
9.211242;50.418171;3955459069;"CC_BY_4_0";"";"HUMAN_OBSERVATION";2022;7;27;9;"Impatiens";"glandulifera";2891770
8.570746;50.63305;3955434980;"CC_BY_4_0";"";"HUMAN_OBSERVATION";2021;7;22;32;"Impatiens";"glandulifera";2891770
9.377778;50.464167;3955428409;"CC_BY_4_0";"";"HUMAN_OBSERVATION";2020;8;23;NA;"Impatiens";"glandulifera";2891770
9.383333;50.751667;3955399028;"CC_BY_4_0";"";"HUMAN_OBSERVATION";2021;8;24;NA;"Impatiens";"glandulifera";2891770
8.529395;50.163131;3955365737;"CC_BY_4_0";"";"HUMAN_OBSERVATION";2021;9;26;6;"Impatiens";"glandulifera";2891770
8.711449;49.760756;3955365694;"CC_BY_4_0";"";"HUMAN_OBSERVATION";2021;9;26;4;"Impatiens";"glandulifera";2891770
9.364371;51.538307;3955363244;"CC_BY_4_0";"";"HUMAN_OBSERVATION";2021;8;18;12;"Impatiens";"glandulifera";2891770
9.705626;50.749288;3955347532;"CC_BY_4_0";"";"HUMAN_OBSERVATION";2021;8;15;48;"Impatiens";"glandulifera";2891770
9.338611;50.302399;3955329121;"CC_BY_4_0";"";"HUMAN_OBSERVATION";2021;8;12;21;"Impatiens";"glandulifera";2891770
9.628537;51.42735;3955295927;"CC_BY_4_0";"";"HUMAN_OBSERVATION";2022;7;16;10;"Impatiens";"glandulifera";2891770
8.644914;49.942844;3955283748;"CC_BY_4_0";"";"HUMAN_OBSERVATION";2021;5;28;36;"Impatiens";"glandulifera";2891770
9.025519;50.441657;3955274774;"CC_BY_4_0";"";"HUMAN_OBSERVATION";2022;7;14;32;"Impatiens";"glandulifera";2891770
8.73244;50.771194;3952092336;"CC_BY_4_0";"";"HUMAN_OBSERVATION";2021;8;28;26;"Impatiens";"glandulifera";2891770
9.36116;50.281887;2643964847;"CC_BY_4_0";"";"HUMAN_OBSERVATION";2018;6;18;12;"Impatiens";"glandulifera";2891770
9.133996;50.419454;3955195094;"CC_BY_4_0";"";"HUMAN_OBSERVATION";2021;8;2;NA;"Impatiens";"glandulifera";2891770
9.544498;51.617447;3955169055;"CC_BY_4_0";"";"HUMAN_OBSERVATION";2021;9;21;9;"Impatiens";"glandulifera";2891770
8.543203;49.673947;3955168768;"CC_BY_4_0";"";"HUMAN_OBSERVATION";2021;9;17;65;"Impatiens";"glandulifera";2891770
9.61088;50.607924;3953798864;"CC_BY_4_0";"";"HUMAN_OBSERVATION";2021;10;17;5;"Impatiens";"glandulifera";2891770
9.677625;51.295987;3955123271;"CC_BY_4_0";"";"HUMAN_OBSERVATION";2021;9;18;12;"Impatiens";"glandulifera";2891770
8.822064;50.198485;3955122770;"CC_BY_4_0";"";"HUMAN_OBSERVATION";2021;9;13;28;"Impatiens";"glandulifera";2891770
8.395321;50.460834;3955115720;"CC_BY_4_0";"";"HUMAN_OBSERVATION";2021;9;5;65;"Impatiens";"glandulifera";2891770
9.26665;50.980211;3955103846;"CC_BY_4_0";"";"HUMAN_OBSERVATION";2021;7;31;NA;"Impatiens";"glandulifera";2891770
9.017664;50.153005;3955069250;"CC_BY_4_0";"";"HUMAN_OBSERVATION";2021;9;3;NA;"Impatiens";"glandulifera";2891770
9.094282;50.845947;3955068615;"CC_BY_4_0";"";"HUMAN_OBSERVATION";2021;8;31;8;"Impatiens";"glandulifera";2891770
8.41706;50.59286;3955061979;"CC_BY_4_0";"";"HUMAN_OBSERVATION";2021;9;7;65;"Impatiens";"glandulifera";2891770
8.950552;51.492509;3955038725;"CC_BY_4_0";"";"HUMAN_OBSERVATION";2022;7;31;8;"Impatiens";"glandulifera";2891770
8.774936;49.650598;3953532700;"CC_BY_4_0";"";"HUMAN_OBSERVATION";2021;7;29;96;"Impatiens";"glandulifera";2891770
9.456553;51.238202;3954976905;"CC_BY_4_0";"";"HUMAN_OBSERVATION";2021;8;26;10;"Impatiens";"glandulifera";2891770
8.304298;50.510457;3954970562;"CC_BY_4_0";"";"HUMAN_OBSERVATION";2021;10;1;12;"Impatiens";"glandulifera";2891770
9.762783;50.468338;3954955127;"CC_BY_4_0";"";"HUMAN_OBSERVATION";2021;8;25;4;"Impatiens";"glandulifera";2891770
10.006944;50.590041;3954941800;"CC_BY_4_0";"";"HUMAN_OBSERVATION";2021;9;25;20;"Impatiens";"glandulifera";2891770
8.731239;51.013771;3954930821;"CC_BY_4_0";"";"HUMAN_OBSERVATION";2021;8;22;14;"Impatiens";"glandulifera";2891770
8.835813;49.896776;3954921392;"CC_BY_4_0";"";"HUMAN_OBSERVATION";2021;7;17;8;"Impatiens";"glandulifera";2891770
8.628696;50.339165;2978228017;"CC_BY_4_0";"";"HUMAN_OBSERVATION";2020;8;16;16;"Impatiens";"glandulifera";2891770
9.57774;51.062037;3954901256;"CC_BY_4_0";"";"HUMAN_OBSERVATION";2021;6;24;29;"Impatiens";"glandulifera";2891770
8.25088;50.1256;3954893656;"CC_BY_4_0";"";"HUMAN_OBSERVATION";2021;9;19;12;"Impatiens";"glandulifera";2891770
8.670588;50.988418;3954857987;"CC_BY_4_0";"";"HUMAN_OBSERVATION";2021;8;15;11;"Impatiens";"glandulifera";2891770
8.047808;50.410587;3954831755;"CC_BY_4_0";"";"HUMAN_OBSERVATION";2021;8;15;NA;"Impatiens";"glandulifera";2891770
9.234964;50.725916;3954799094;"CC_BY_4_0";"";"HUMAN_OBSERVATION";2021;8;7;4;"Impatiens";"glandulifera";2891770
8.14893;50.129931;3954783385;"CC_BY_4_0";"";"HUMAN_OBSERVATION";2021;8;12;23;"Impatiens";"glandulifera";2891770
8.099167;50.416667;3954781676;"CC_BY_4_0";"";"HUMAN_OBSERVATION";2021;9;22;NA;"Impatiens";"glandulifera";2891770
8.313817;50.562915;3954781370;"CC_BY_4_0";"";"HUMAN_OBSERVATION";2021;9;19;13;"Impatiens";"glandulifera";2891770
8.192799;50.407253;3954717424;"CC_BY_4_0";"";"HUMAN_OBSERVATION";2021;9;8;8;"Impatiens";"glandulifera";2891770
8.898396;51.12372;3954706619;"CC_BY_4_0";"";"HUMAN_OBSERVATION";2021;7;26;5;"Impatiens";"glandulifera";2891770
9.077772;50.176967;3954704369;"CC_BY_4_0";"";"HUMAN_OBSERVATION";2021;8;30;15;"Impatiens";"glandulifera";2891770
8.37659;50.259708;3954682151;"CC_BY_4_0";"";"HUMAN_OBSERVATION";2021;9;5;8;"Impatiens";"glandulifera";2891770
8.047786;50.484842;3954597268;"CC_BY_4_0";"";"HUMAN_OBSERVATION";2022;7;16;9;"Impatiens";"glandulifera";2891770
9.931125;51.322938;3954565912;"CC_BY_4_0";"";"HUMAN_OBSERVATION";2021;8;10;4;"Impatiens";"glandulifera";2891770
8.603175;51.303495;3954540181;"CC_BY_4_0";"";"HUMAN_OBSERVATION";2018;8;1;NA;"Impatiens";"glandulifera";2891770
9.018089;51.033374;3731591244;"CC_BY_NC_4_0";"";"HUMAN_OBSERVATION";2021;7;30;NA;"Impatiens";"glandulifera";2891770
8.620197;50.783047;3954464414;"CC_BY_4_0";"";"HUMAN_OBSERVATION";2021;7;18;8;"Impatiens";"glandulifera";2891770
9.868259;50.454082;3954433537;"CC_BY_4_0";"";"HUMAN_OBSERVATION";2021;8;13;20;"Impatiens";"glandulifera";2891770
8.669531;50.009816;3954427280;"CC_BY_4_0";"";"HUMAN_OBSERVATION";2021;8;9;8;"Impatiens";"glandulifera";2891770
9.21458;50.424995;3954419776;"CC_BY_4_0";"";"HUMAN_OBSERVATION";2021;8;19;NA;"Impatiens";"glandulifera";2891770
8.746344;50.845849;3954408546;"CC_BY_4_0";"";"HUMAN_OBSERVATION";2021;9;27;16;"Impatiens";"glandulifera";2891770
9.33668;51.133955;3954383320;"CC_BY_4_0";"";"HUMAN_OBSERVATION";2021;8;9;NA;"Impatiens";"glandulifera";2891770
10.012848;50.536275;3954363353;"CC_BY_4_0";"";"HUMAN_OBSERVATION";2021;8;15;56;"Impatiens";"glandulifera";2891770
8.263159;50.707055;3954360478;"CC_BY_4_0";"";"HUMAN_OBSERVATION";2021;9;19;8;"Impatiens";"glandulifera";2891770
8.619438;51.292675;3954311843;"CC_BY_4_0";"";"HUMAN_OBSERVATION";2021;8;14;32;"Impatiens";"glandulifera";2891770
8.987968;50.725318;3954302748;"CC_BY_4_0";"";"HUMAN_OBSERVATION";2016;8;10;8;"Impatiens";"glandulifera";2891770
8.99339;49.656822;3954277817;"CC_BY_4_0";"";"HUMAN_OBSERVATION";2021;7;27;NA;"Impatiens";"glandulifera";2891770
9.114909;50.493365;3954277575;"CC_BY_4_0";"";"HUMAN_OBSERVATION";2021;7;27;19;"Impatiens";"glandulifera";2891770
8.820927;50.451831;3954268774;"CC_BY_4_0";"";"HUMAN_OBSERVATION";2021;9;5;26;"Impatiens";"glandulifera";2891770
9.54518;51.134598;3954265023;"CC_BY_4_0";"";"HUMAN_OBSERVATION";2020;10;24;NA;"Impatiens";"glandulifera";2891770
8.57275;50.231681;3954207771;"CC_BY_4_0";"";"HUMAN_OBSERVATION";2022;7;23;61;"Impatiens";"glandulifera";2891770
9.554869;51.354467;3954204942;"CC_BY_4_0";"";"HUMAN_OBSERVATION";2021;8;9;NA;"Impatiens";"glandulifera";2891770
8.967971;50.592393;3954194500;"CC_BY_4_0";"";"HUMAN_OBSERVATION";2021;10;16;40;"Impatiens";"glandulifera";2891770
8.455267;50.163488;3954174046;"CC_BY_4_0";"";"HUMAN_OBSERVATION";2021;7;22;39;"Impatiens";"glandulifera";2891770
8.697459;50.628938;3954122026;"CC_BY_4_0";"";"HUMAN_OBSERVATION";2021;8;21;30;"Impatiens";"glandulifera";2891770
9.985635;50.46137;3954121030;"CC_BY_4_0";"";"HUMAN_OBSERVATION";2021;8;13;5;"Impatiens";"glandulifera";2891770
8.384444;50.367222;3954108029;"CC_BY_4_0";"";"HUMAN_OBSERVATION";2021;7;1;NA;"Impatiens";"glandulifera";2891770
8.82001;49.785921;3954099920;"CC_BY_4_0";"";"HUMAN_OBSERVATION";2021;10;2;43;"Impatiens";"glandulifera";2891770
8.684474;51.016674;3954094014;"CC_BY_4_0";"";"HUMAN_OBSERVATION";2021;9;17;11;"Impatiens";"glandulifera";2891770
8.963429;51.362816;3954093455;"CC_BY_4_0";"";"HUMAN_OBSERVATION";2021;9;8;48;"Impatiens";"glandulifera";2891770
8.771408;49.655997;3954075245;"CC_BY_4_0";"";"HUMAN_OBSERVATION";2022;7;24;11;"Impatiens";"glandulifera";2891770
9.087118;50.127991;3954063686;"CC_BY_4_0";"";"HUMAN_OBSERVATION";2020;8;29;2;"Impatiens";"glandulifera";2891770
9.595998;50.655762;3954043212;"CC_BY_4_0";"";"HUMAN_OBSERVATION";2021;9;5;54;"Impatiens";"glandulifera";2891770
9.264837;51.023394;3954042602;"CC_BY_4_0";"";"HUMAN_OBSERVATION";2021;8;31;11;"Impatiens";"glandulifera";2891770
9.529831;51.404096;3954035580;"CC_BY_4_0";"";"HUMAN_OBSERVATION";2021;8;31;24;"Impatiens";"glandulifera";2891770
9.251825;50.906563;3954019743;"CC_BY_4_0";"";"HUMAN_OBSERVATION";2021;7;26;5;"Impatiens";"glandulifera";2891770
9.851732;50.882535;3953997654;"CC_BY_4_0";"";"HUMAN_OBSERVATION";2021;7;29;8;"Impatiens";"glandulifera";2891770
8.600446;50.730836;3953991770;"CC_BY_4_0";"";"HUMAN_OBSERVATION";2021;8;22;24;"Impatiens";"glandulifera";2891770
9.156912;50.212747;3953985357;"CC_BY_4_0";"";"HUMAN_OBSERVATION";2021;8;23;65;"Impatiens";"glandulifera";2891770
8.717302;50.604765;3953943618;"CC_BY_4_0";"";"HUMAN_OBSERVATION";2020;9;14;48;"Impatiens";"glandulifera";2891770
8.599714;50.839669;3953943085;"CC_BY_4_0";"";"HUMAN_OBSERVATION";2021;8;19;48;"Impatiens";"glandulifera";2891770
8.437517;50.138983;3953925835;"CC_BY_4_0";"";"HUMAN_OBSERVATION";2021;8;1;NA;"Impatiens";"glandulifera";2891770
9.390986;51.3915;3953898257;"CC_BY_4_0";"";"HUMAN_OBSERVATION";2021;8;13;12;"Impatiens";"glandulifera";2891770
9.694354;50.853365;3953895261;"CC_BY_4_0";"";"HUMAN_OBSERVATION";2021;8;21;89;"Impatiens";"glandulifera";2891770
10.155864;51.189992;3952838213;"CC_BY_4_0";"";"HUMAN_OBSERVATION";2021;8;4;NA;"Impatiens";"glandulifera";2891770
9.915156;50.449185;3953895071;"CC_BY_4_0";"";"HUMAN_OBSERVATION";2021;8;20;22;"Impatiens";"glandulifera";2891770
8.808508;50.197017;3953893903;"CC_BY_4_0";"";"HUMAN_OBSERVATION";2020;9;6;32;"Impatiens";"glandulifera";2891770
9.38927;51.268452;3953892408;"CC_BY_4_0";"";"HUMAN_OBSERVATION";2021;8;8;NA;"Impatiens";"glandulifera";2891770
9.406232;51.334699;3953848930;"CC_BY_4_0";"";"HUMAN_OBSERVATION";2021;7;21;3;"Impatiens";"glandulifera";2891770
8.680317;49.781622;3953844218;"CC_BY_4_0";"";"HUMAN_OBSERVATION";2021;8;8;5;"Impatiens";"glandulifera";2891770
9.676056;50.883066;3953843805;"CC_BY_4_0";"";"HUMAN_OBSERVATION";2021;8;6;5;"Impatiens";"glandulifera";2891770
9.71548;51.18917;3953832570;"CC_BY_4_0";"";"HUMAN_OBSERVATION";2021;7;24;19;"Impatiens";"glandulifera";2891770
9.101522;50.846601;2977879349;"CC_BY_4_0";"";"HUMAN_OBSERVATION";2020;7;21;47;"Impatiens";"glandulifera";2891770
8.730071;49.763548;3953745742;"CC_BY_4_0";"";"HUMAN_OBSERVATION";2021;9;8;32;"Impatiens";"glandulifera";2891770
8.747947;49.681158;2978197814;"CC_BY_4_0";"";"HUMAN_OBSERVATION";2020;8;16;5;"Impatiens";"glandulifera";2891770
9.561668;51.339388;3953711167;"CC_BY_4_0";"";"HUMAN_OBSERVATION";2021;10;2;24;"Impatiens";"glandulifera";2891770
9.283267;50.260675;3953709171;"CC_BY_4_0";"";"HUMAN_OBSERVATION";2021;8;26;5;"Impatiens";"glandulifera";2891770
9.438679;51.346976;3953708735;"CC_BY_4_0";"";"HUMAN_OBSERVATION";2021;8;22;6;"Impatiens";"glandulifera";2891770
8.522333;50.371937;3953708484;"CC_BY_4_0";"";"HUMAN_OBSERVATION";2021;8;21;32;"Impatiens";"glandulifera";2891770
8.587487;49.966451;3953707235;"CC_BY_4_0";"";"HUMAN_OBSERVATION";2021;9;26;5;"Impatiens";"glandulifera";2891770
9.147405;50.227191;2976106546;"CC_BY_4_0";"";"HUMAN_OBSERVATION";2020;9;5;6;"Impatiens";"glandulifera";2891770
9.617269;51.304658;3953661028;"CC_BY_4_0";"";"HUMAN_OBSERVATION";2021;9;26;15;"Impatiens";"glandulifera";2891770
8.893221;51.284628;3953658481;"CC_BY_4_0";"";"HUMAN_OBSERVATION";2021;8;12;NA;"Impatiens";"glandulifera";2891770
9.39405;51.261333;3953632446;"CC_BY_4_0";"";"HUMAN_OBSERVATION";2021;7;21;65;"Impatiens";"glandulifera";2891770
8.346988;50.454271;3953616924;"CC_BY_4_0";"";"HUMAN_OBSERVATION";2020;9;20;8;"Impatiens";"glandulifera";2891770
9.204277;50.506948;3953609113;"CC_BY_4_0";"";"HUMAN_OBSERVATION";2021;7;5;7;"Impatiens";"glandulifera";2891770
8.68178;49.823174;3953600972;"CC_BY_4_0";"";"HUMAN_OBSERVATION";2021;9;16;5;"Impatiens";"glandulifera";2891770
9.387304;50.302173;3953585999;"CC_BY_4_0";"";"HUMAN_OBSERVATION";2021;9;19;27;"Impatiens";"glandulifera";2891770
8.617378;50.475112;3953584866;"CC_BY_4_0";"";"HUMAN_OBSERVATION";2021;7;14;20;"Impatiens";"glandulifera";2891770
8.568367;50.143972;3953557287;"CC_BY_4_0";"";"HUMAN_OBSERVATION";2021;7;4;42;"Impatiens";"glandulifera";2891770
8.45002;50.1851;3953551456;"CC_BY_4_0";"";"HUMAN_OBSERVATION";2021;9;9;9;"Impatiens";"glandulifera";2891770
9.918535;51.21716;3953551375;"CC_BY_4_0";"";"HUMAN_OBSERVATION";2021;9;9;4;"Impatiens";"glandulifera";2891770
9.031623;51.376697;3953550598;"CC_BY_4_0";"";"HUMAN_OBSERVATION";2020;8;9;32;"Impatiens";"glandulifera";2891770
9.131923;50.454634;3953535274;"CC_BY_4_0";"";"HUMAN_OBSERVATION";2021;9;20;21;"Impatiens";"glandulifera";2891770
9.643147;51.417672;2647714009;"CC_BY_4_0";"";"HUMAN_OBSERVATION";2018;8;30;15;"Impatiens";"glandulifera";2891770
8.785804;50.598688;3953508689;"CC_BY_4_0";"";"HUMAN_OBSERVATION";2020;9;6;10;"Impatiens";"glandulifera";2891770
9.478081;51.258105;3953495640;"CC_BY_4_0";"";"HUMAN_OBSERVATION";2020;7;10;13;"Impatiens";"glandulifera";2891770
8.642211;51.019099;3953482833;"CC_BY_4_0";"";"HUMAN_OBSERVATION";2021;8;22;35;"Impatiens";"glandulifera";2891770
9.755613;50.876654;3953477835;"CC_BY_4_0";"";"HUMAN_OBSERVATION";2020;8;30;16;"Impatiens";"glandulifera";2891770
8.374345;50.660607;3953475398;"CC_BY_4_0";"";"HUMAN_OBSERVATION";2017;8;6;8;"Impatiens";"glandulifera";2891770
9.024874;49.771788;3953462948;"CC_BY_4_0";"";"HUMAN_OBSERVATION";2020;9;7;8;"Impatiens";"glandulifera";2891770
8.458574;50.301438;3953446829;"CC_BY_4_0";"";"HUMAN_OBSERVATION";2021;9;16;32;"Impatiens";"glandulifera";2891770
8.751461;50.203707;3953431298;"CC_BY_4_0";"";"HUMAN_OBSERVATION";2021;9;12;16;"Impatiens";"glandulifera";2891770
9.675174;50.883702;3953426836;"CC_BY_4_0";"";"HUMAN_OBSERVATION";2021;8;6;116;"Impatiens";"glandulifera";2891770
8.135558;50.382444;3953415220;"CC_BY_4_0";"";"HUMAN_OBSERVATION";2021;7;11;20;"Impatiens";"glandulifera";2891770
9.435704;51.381695;3953398749;"CC_BY_4_0";"";"HUMAN_OBSERVATION";2021;9;12;5;"Impatiens";"glandulifera";2891770
8.309495;50.675258;3953375949;"CC_BY_4_0";"";"HUMAN_OBSERVATION";2021;8;3;8;"Impatiens";"glandulifera";2891770
9.102839;50.157885;3953352915;"CC_BY_4_0";"";"HUMAN_OBSERVATION";2021;8;28;16;"Impatiens";"glandulifera";2891770
8.420201;50.158989;3384866298;"CC_BY_NC_4_0";"iNaturalist";"HUMAN_OBSERVATION";2021;9;25;701;"Impatiens";"glandulifera";2891770
9.155663;51.053462;3953349851;"CC_BY_4_0";"";"HUMAN_OBSERVATION";2021;9;9;19;"Impatiens";"glandulifera";2891770
8.611904;49.65935;3953349451;"CC_BY_4_0";"";"HUMAN_OBSERVATION";2021;9;7;5;"Impatiens";"glandulifera";2891770
8.624564;49.821494;3953330345;"CC_BY_4_0";"";"HUMAN_OBSERVATION";2021;9;2;20;"Impatiens";"glandulifera";2891770
9.503061;50.360206;3953324568;"CC_BY_4_0";"";"HUMAN_OBSERVATION";2021;7;23;NA;"Impatiens";"glandulifera";2891770
8.849392;49.975562;3953305632;"CC_BY_4_0";"";"HUMAN_OBSERVATION";2021;8;29;12;"Impatiens";"glandulifera";2891770
8.565273;50.855848;3951970246;"CC_BY_4_0";"";"HUMAN_OBSERVATION";2021;8;23;19;"Impatiens";"glandulifera";2891770
8.183034;50.082591;3953298910;"CC_BY_4_0";"";"HUMAN_OBSERVATION";2021;9;5;192;"Impatiens";"glandulifera";2891770
8.775597;50.208715;3953298768;"CC_BY_4_0";"";"HUMAN_OBSERVATION";2021;9;5;NA;"Impatiens";"glandulifera";2891770
8.806747;50.654675;3953202788;"CC_BY_4_0";"";"HUMAN_OBSERVATION";2021;8;23;NA;"Impatiens";"glandulifera";2891770
8.497942;50.160485;3953242697;"CC_BY_4_0";"";"HUMAN_OBSERVATION";2021;8;21;14;"Impatiens";"glandulifera";2891770
8.508824;50.340359;3953242543;"CC_BY_4_0";"";"HUMAN_OBSERVATION";2021;8;21;32;"Impatiens";"glandulifera";2891770
8.320397;50.482073;3953227153;"CC_BY_4_0";"";"HUMAN_OBSERVATION";2020;7;8;5;"Impatiens";"glandulifera";2891770
9.803613;50.518799;3953203166;"CC_BY_4_0";"";"HUMAN_OBSERVATION";2021;8;24;NA;"Impatiens";"glandulifera";2891770
9.7385;50.896858;3953194288;"CC_BY_4_0";"";"HUMAN_OBSERVATION";2021;8;20;NA;"Impatiens";"glandulifera";2891770
8.323053;50.16752;3952597571;"CC_BY_4_0";"";"HUMAN_OBSERVATION";2021;8;23;8;"Impatiens";"glandulifera";2891770
8.743857;50.681621;3953137141;"CC_BY_4_0";"";"HUMAN_OBSERVATION";2020;9;20;NA;"Impatiens";"glandulifera";2891770
9.724595;50.760918;3953121781;"CC_BY_4_0";"";"HUMAN_OBSERVATION";2021;8;22;23;"Impatiens";"glandulifera";2891770
8.866557;50.220353;3953101291;"CC_BY_4_0";"";"HUMAN_OBSERVATION";2021;8;24;16;"Impatiens";"glandulifera";2891770
9.03765;51.401937;3953100632;"CC_BY_4_0";"";"HUMAN_OBSERVATION";2021;8;22;8;"Impatiens";"glandulifera";2891770
8.270383;50.610423;3953100538;"CC_BY_4_0";"";"HUMAN_OBSERVATION";2021;8;22;48;"Impatiens";"glandulifera";2891770
8.174038;50.435823;3953092820;"CC_BY_4_0";"";"HUMAN_OBSERVATION";2021;8;15;24;"Impatiens";"glandulifera";2891770
9.307614;51.338073;3953090981;"CC_BY_4_0";"";"HUMAN_OBSERVATION";2020;8;29;15;"Impatiens";"glandulifera";2891770
8.220534;50.105087;3953073112;"CC_BY_4_0";"";"HUMAN_OBSERVATION";2021;8;20;NA;"Impatiens";"glandulifera";2891770
9.647063;51.216126;3953069565;"CC_BY_4_0";"";"HUMAN_OBSERVATION";2021;10;20;38;"Impatiens";"glandulifera";2891770
9.02286;50.310603;3953046703;"CC_BY_4_0";"";"HUMAN_OBSERVATION";2021;8;12;6;"Impatiens";"glandulifera";2891770
8.864326;49.588892;3953013944;"CC_BY_4_0";"";"HUMAN_OBSERVATION";2021;8;13;3;"Impatiens";"glandulifera";2891770
8.740998;49.810771;3953009753;"CC_BY_4_0";"";"HUMAN_OBSERVATION";2021;8;17;48;"Impatiens";"glandulifera";2891770
9.585814;50.699258;3952972863;"CC_BY_4_0";"";"HUMAN_OBSERVATION";2021;8;15;NA;"Impatiens";"glandulifera";2891770
8.130787;50.255812;3952964641;"CC_BY_4_0";"";"HUMAN_OBSERVATION";2019;8;16;86;"Impatiens";"glandulifera";2891770
8.929176;50.65823;3952962908;"CC_BY_4_0";"";"HUMAN_OBSERVATION";2021;8;15;200;"Impatiens";"glandulifera";2891770
9.863597;51.32397;3952941831;"CC_BY_4_0";"";"HUMAN_OBSERVATION";2021;8;8;6;"Impatiens";"glandulifera";2891770
9.062102;50.342469;3952915627;"CC_BY_4_0";"";"HUMAN_OBSERVATION";2021;9;19;4;"Impatiens";"glandulifera";2891770
10.008698;50.839107;3952915375;"CC_BY_4_0";"";"HUMAN_OBSERVATION";2021;9;18;NA;"Impatiens";"glandulifera";2891770
8.747192;50.35649;3952912826;"CC_BY_4_0";"";"HUMAN_OBSERVATION";2021;8;12;3;"Impatiens";"glandulifera";2891770
8.717726;49.781367;3952909201;"CC_BY_4_0";"";"HUMAN_OBSERVATION";2021;8;9;NA;"Impatiens";"glandulifera";2891770
8.781876;49.867429;3952908873;"CC_BY_4_0";"";"HUMAN_OBSERVATION";2021;8;8;32;"Impatiens";"glandulifera";2891770
8.701372;49.644098;3952891189;"CC_BY_4_0";"";"HUMAN_OBSERVATION";2021;8;6;10;"Impatiens";"glandulifera";2891770
8.599289;49.815124;3952871627;"CC_BY_4_0";"";"HUMAN_OBSERVATION";2021;9;26;18;"Impatiens";"glandulifera";2891770
8.62729;51.319795;3952870432;"CC_BY_4_0";"";"HUMAN_OBSERVATION";2021;8;8;14;"Impatiens";"glandulifera";2891770
8.390237;50.339381;3952864520;"CC_BY_4_0";"";"HUMAN_OBSERVATION";2021;9;14;727;"Impatiens";"glandulifera";2891770
9.53972;50.586203;3952863223;"CC_BY_4_0";"";"HUMAN_OBSERVATION";2021;8;11;10;"Impatiens";"glandulifera";2891770
9.947617;51.122977;3952823385;"CC_BY_4_0";"";"HUMAN_OBSERVATION";2021;9;20;13;"Impatiens";"glandulifera";2891770
8.737486;50.541501;3952820488;"CC_BY_4_0";"";"HUMAN_OBSERVATION";2021;8;6;6;"Impatiens";"glandulifera";2891770
9.811667;50.999722;3952815458;"CC_BY_4_0";"";"HUMAN_OBSERVATION";2021;8;6;NA;"Impatiens";"glandulifera";2891770
8.69314;50.639756;3952815414;"CC_BY_4_0";"";"HUMAN_OBSERVATION";2021;8;6;NA;"Impatiens";"glandulifera";2891770
8.636295;51.31562;3952815106;"CC_BY_4_0";"";"HUMAN_OBSERVATION";2021;9;12;10;"Impatiens";"glandulifera";2891770
8.658349;49.744474;3952756631;"CC_BY_4_0";"";"HUMAN_OBSERVATION";2022;7;30;4;"Impatiens";"glandulifera";2891770
9.311097;50.157793;2976435395;"CC_BY_4_0";"";"HUMAN_OBSERVATION";2020;9;6;8;"Impatiens";"glandulifera";2891770
9.955993;51.018044;3952729563;"CC_BY_4_0";"";"HUMAN_OBSERVATION";2021;7;29;11;"Impatiens";"glandulifera";2891770
9.038514;50.278904;3952715330;"CC_BY_4_0";"";"HUMAN_OBSERVATION";2021;8;1;NA;"Impatiens";"glandulifera";2891770
9.773751;50.676958;3952695840;"CC_BY_4_0";"";"HUMAN_OBSERVATION";2022;7;31;12;"Impatiens";"glandulifera";2891770
8.845051;49.420918;3952691829;"CC_BY_4_0";"";"HUMAN_OBSERVATION";2021;9;7;24;"Impatiens";"glandulifera";2891770
9.829922;51.389477;3952676789;"CC_BY_4_0";"";"HUMAN_OBSERVATION";2021;9;9;5;"Impatiens";"glandulifera";2891770
8.729776;49.80673;3952672277;"CC_BY_4_0";"";"HUMAN_OBSERVATION";2021;8;1;16;"Impatiens";"glandulifera";2891770
9.981184;50.844902;3952656204;"CC_BY_4_0";"";"HUMAN_OBSERVATION";2021;8;30;8;"Impatiens";"glandulifera";2891770
9.087832;50.313341;3952654446;"CC_BY_4_0";"";"HUMAN_OBSERVATION";2022;7;28;6;"Impatiens";"glandulifera";2891770
8.293494;50.208144;3952627304;"CC_BY_4_0";"";"HUMAN_OBSERVATION";2021;9;2;15;"Impatiens";"glandulifera";2891770
9.478333;50.625556;3952566734;"CC_BY_4_0";"";"HUMAN_OBSERVATION";2020;6;19;NA;"Impatiens";"glandulifera";2891770
9.525703;51.546913;3952548476;"CC_BY_4_0";"";"HUMAN_OBSERVATION";2021;8;21;NA;"Impatiens";"glandulifera";2891770
8.849415;51.139025;3952519698;"CC_BY_4_0";"";"HUMAN_OBSERVATION";2021;7;20;19;"Impatiens";"glandulifera";2891770
8.893541;50.529815;3952497013;"CC_BY_4_0";"";"HUMAN_OBSERVATION";2021;8;20;13;"Impatiens";"glandulifera";2891770
9.333961;51.340942;3952496643;"CC_BY_4_0";"";"HUMAN_OBSERVATION";2021;8;19;NA;"Impatiens";"glandulifera";2891770
9.447576;51.593803;3952483844;"CC_BY_4_0";"";"HUMAN_OBSERVATION";2021;8;25;5;"Impatiens";"glandulifera";2891770
8.832383;50.614397;3952446399;"CC_BY_4_0";"";"HUMAN_OBSERVATION";2021;8;16;25;"Impatiens";"glandulifera";2891770
9.584686;51.134408;3952027453;"CC_BY_4_0";"";"HUMAN_OBSERVATION";2021;8;1;10;"Impatiens";"glandulifera";2891770
8.717091;50.557837;3325818101;"CC_BY_NC_4_0";"iNaturalist";"HUMAN_OBSERVATION";2021;6;24;4;"Impatiens";"glandulifera";2891770
8.19152;50.234958;3952436033;"CC_BY_4_0";"";"HUMAN_OBSERVATION";2021;8;22;16;"Impatiens";"glandulifera";2891770
9.20681;50.208992;3952372980;"CC_BY_4_0";"";"HUMAN_OBSERVATION";2021;9;26;4;"Impatiens";"glandulifera";2891770
8.257516;50.486762;3952359276;"CC_BY_4_0";"";"HUMAN_OBSERVATION";2021;7;17;65;"Impatiens";"glandulifera";2891770
8.89054;49.426098;3952341006;"CC_BY_4_0";"";"HUMAN_OBSERVATION";2021;8;12;NA;"Impatiens";"glandulifera";2891770
9.777199;50.676625;2644438661;"CC_BY_4_0";"";"HUMAN_OBSERVATION";2018;9;28;10;"Impatiens";"glandulifera";2891770
9.024987;50.286911;3952339364;"CC_BY_4_0";"";"HUMAN_OBSERVATION";2021;8;15;180;"Impatiens";"glandulifera";2891770
9.49564;50.986787;3952287995;"CC_BY_4_0";"";"HUMAN_OBSERVATION";2021;8;14;13;"Impatiens";"glandulifera";2891770
9.371433;50.468143;3952283722;"CC_BY_4_0";"";"HUMAN_OBSERVATION";2021;9;15;11;"Impatiens";"glandulifera";2891770
9.411037;51.564737;3952272352;"CC_BY_4_0";"";"HUMAN_OBSERVATION";2021;9;12;9;"Impatiens";"glandulifera";2891770
8.981515;50.805163;3952235188;"CC_BY_4_0";"";"HUMAN_OBSERVATION";2019;7;17;6;"Impatiens";"glandulifera";2891770
9.487919;51.291972;3952228875;"CC_BY_4_0";"";"HUMAN_OBSERVATION";2021;8;9;NA;"Impatiens";"glandulifera";2891770
8.449278;49.816525;2818749662;"CC_BY_4_0";"iNaturalist";"HUMAN_OBSERVATION";2020;7;10;NA;"Impatiens";"glandulifera";2891770
9.238373;51.125009;3952228757;"CC_BY_4_0";"";"HUMAN_OBSERVATION";2021;8;8;15;"Impatiens";"glandulifera";2891770
8.536667;50.153333;3952200861;"CC_BY_4_0";"";"HUMAN_OBSERVATION";2020;7;17;NA;"Impatiens";"glandulifera";2891770
8.326017;50.13866;3952183509;"CC_BY_4_0";"";"HUMAN_OBSERVATION";2021;8;4;12;"Impatiens";"glandulifera";2891770
8.70785;49.807034;3952172369;"CC_BY_4_0";"";"HUMAN_OBSERVATION";2020;7;8;NA;"Impatiens";"glandulifera";2891770
8.246103;50.326867;3952170910;"CC_BY_4_0";"";"HUMAN_OBSERVATION";2021;9;7;13;"Impatiens";"glandulifera";2891770
8.702661;49.836337;3952170442;"CC_BY_4_0";"";"HUMAN_OBSERVATION";2021;9;5;22;"Impatiens";"glandulifera";2891770
8.915186;49.932793;3952120133;"CC_BY_4_0";"";"HUMAN_OBSERVATION";2021;9;3;19;"Impatiens";"glandulifera";2891770
8.348221;50.685671;3952075020;"CC_BY_4_0";"";"HUMAN_OBSERVATION";2021;10;2;22;"Impatiens";"glandulifera";2891770
9.664899;50.5498;3951999486;"CC_BY_4_0";"";"HUMAN_OBSERVATION";2021;8;22;5;"Impatiens";"glandulifera";2891770
9.877942;50.503417;3951993122;"CC_BY_4_0";"";"HUMAN_OBSERVATION";2021;9;20;10;"Impatiens";"glandulifera";2891770
8.518608;50.610538;3951978161;"CC_BY_4_0";"";"HUMAN_OBSERVATION";2021;7;31;NA;"Impatiens";"glandulifera";2891770
9.961023;51.279595;2646271690;"CC_BY_4_0";"";"HUMAN_OBSERVATION";2019;8;18;48;"Impatiens";"glandulifera";2891770
8.957879;50.53357;3391719112;"CC_BY_NC_4_0";"iNaturalist";"HUMAN_OBSERVATION";2021;9;26;87;"Impatiens";"glandulifera";2891770
8.707813;50.732302;2860097218;"CC_BY_NC_4_0";"iNaturalist";"HUMAN_OBSERVATION";2020;9;2;69;"Impatiens";"glandulifera";2891770
9.767668;50.556085;3951931958;"CC_BY_4_0";"";"HUMAN_OBSERVATION";2021;9;21;13;"Impatiens";"glandulifera";2891770
8.45412;50.156333;3906869304;"CC_BY_NC_4_0";"";"HUMAN_OBSERVATION";2022;6;17;12;"Impatiens";"glandulifera";2891770
9.455777;51.645801;3905817129;"CC_BY_NC_4_0";"";"HUMAN_OBSERVATION";2022;8;9;99;"Impatiens";"glandulifera";2891770
9.447847;51.299374;3951904505;"CC_BY_4_0";"";"HUMAN_OBSERVATION";2021;8;14;NA;"Impatiens";"glandulifera";2891770
8.731036;50.991407;3951904301;"CC_BY_4_0";"";"HUMAN_OBSERVATION";2021;8;14;8;"Impatiens";"glandulifera";2891770
9.71253;50.838071;3951875495;"CC_BY_4_0";"";"HUMAN_OBSERVATION";2021;9;2;11;"Impatiens";"glandulifera";2891770
8.742022;49.744696;3951843171;"CC_BY_4_0";"";"HUMAN_OBSERVATION";2021;9;5;12;"Impatiens";"glandulifera";2891770
9.575382;51.371971;3951807010;"CC_BY_4_0";"";"HUMAN_OBSERVATION";2017;9;16;NA;"Impatiens";"glandulifera";2891770
8.205722;50.542759;3951794998;"CC_BY_4_0";"";"HUMAN_OBSERVATION";2021;6;15;NA;"Impatiens";"glandulifera";2891770
9.04831;50.939133;3951776887;"CC_BY_4_0";"";"HUMAN_OBSERVATION";2021;8;8;NA;"Impatiens";"glandulifera";2891770
8.432645;50.884783;3951743053;"CC_BY_4_0";"";"HUMAN_OBSERVATION";2021;8;22;8;"Impatiens";"glandulifera";2891770
9.322935;50.971732;3951740109;"CC_BY_4_0";"";"HUMAN_OBSERVATION";2021;8;26;9;"Impatiens";"glandulifera";2891770
8.690362;50.179537;3951726087;"CC_BY_4_0";"";"HUMAN_OBSERVATION";2018;10;21;NA;"Impatiens";"glandulifera";2891770
9.363706;50.355177;3951710019;"CC_BY_4_0";"";"HUMAN_OBSERVATION";2018;10;8;19;"Impatiens";"glandulifera";2891770
8.996773;50.799606;3951702816;"CC_BY_4_0";"";"HUMAN_OBSERVATION";2017;9;12;NA;"Impatiens";"glandulifera";2891770
9.581131;51.509329;3951678559;"CC_BY_4_0";"";"HUMAN_OBSERVATION";2021;7;29;12;"Impatiens";"glandulifera";2891770
8.663398;50.691625;3951662266;"CC_BY_4_0";"";"HUMAN_OBSERVATION";2021;8;28;7;"Impatiens";"glandulifera";2891770
8.635891;50.570214;3951661637;"CC_BY_4_0";"";"HUMAN_OBSERVATION";2021;8;26;24;"Impatiens";"glandulifera";2891770
9.655278;51.115556;3951645286;"CC_BY_4_0";"";"HUMAN_OBSERVATION";2021;10;7;48;"Impatiens";"glandulifera";2891770
8.975082;50.241169;3951643788;"CC_BY_4_0";"";"HUMAN_OBSERVATION";2021;8;16;32;"Impatiens";"glandulifera";2891770
9.645388;50.565771;3951636727;"CC_BY_4_0";"";"HUMAN_OBSERVATION";2021;8;16;32;"Impatiens";"glandulifera";2891770
8.969866;51.354538;3951636485;"CC_BY_4_0";"";"HUMAN_OBSERVATION";2021;8;15;5;"Impatiens";"glandulifera";2891770
8.799883;49.565645;3951619097;"CC_BY_4_0";"";"HUMAN_OBSERVATION";2019;6;1;3;"Impatiens";"glandulifera";2891770
8.783456;50.797277;3951595980;"CC_BY_4_0";"";"HUMAN_OBSERVATION";2021;8;13;NA;"Impatiens";"glandulifera";2891770
9.342761;51.357443;3951595930;"CC_BY_4_0";"";"HUMAN_OBSERVATION";2021;8;13;56;"Impatiens";"glandulifera";2891770
9.806383;50.450992;3951581138;"CC_BY_4_0";"";"HUMAN_OBSERVATION";2021;7;22;6;"Impatiens";"glandulifera";2891770
8.767487;49.756426;3951543897;"CC_BY_4_0";"";"HUMAN_OBSERVATION";2021;8;11;13;"Impatiens";"glandulifera";2891770
8.405853;50.528571;3951542090;"CC_BY_4_0";"";"HUMAN_OBSERVATION";2018;9;16;16;"Impatiens";"glandulifera";2891770
9.094803;51.225613;3951534129;"CC_BY_4_0";"";"HUMAN_OBSERVATION";2021;9;18;8;"Impatiens";"glandulifera";2891770
9.475112;50.121997;3951533641;"CC_BY_4_0";"";"HUMAN_OBSERVATION";2021;9;14;17;"Impatiens";"glandulifera";2891770
8.765558;50.070153;3951532338;"CC_BY_4_0";"";"HUMAN_OBSERVATION";2017;9;30;NA;"Impatiens";"glandulifera";2891770
9.367904;50.28171;3951529422;"CC_BY_4_0";"";"HUMAN_OBSERVATION";2021;8;8;NA;"Impatiens";"glandulifera";2891770
8.798992;50.771732;3951486542;"CC_BY_4_0";"";"HUMAN_OBSERVATION";2021;8;11;5;"Impatiens";"glandulifera";2891770
9.582058;51.613971;3951485203;"CC_BY_4_0";"";"HUMAN_OBSERVATION";2021;8;7;NA;"Impatiens";"glandulifera";2891770
9.147718;50.175361;3951483923;"CC_BY_4_0";"";"HUMAN_OBSERVATION";2017;4;16;NA;"Impatiens";"glandulifera";2891770
8.451362;50.747656;3951467115;"CC_BY_4_0";"";"HUMAN_OBSERVATION";2021;9;20;20;"Impatiens";"glandulifera";2891770
8.390997;50.498972;3951442349;"CC_BY_4_0";"";"HUMAN_OBSERVATION";2017;8;16;21;"Impatiens";"glandulifera";2891770
8.937121;49.765795;3951440981;"CC_BY_4_0";"";"HUMAN_OBSERVATION";2021;7;2;8;"Impatiens";"glandulifera";2891770
8.396365;50.608086;3951440717;"CC_BY_4_0";"";"HUMAN_OBSERVATION";2021;7;2;70;"Impatiens";"glandulifera";2891770
9.149736;50.572493;3951438445;"CC_BY_4_0";"";"HUMAN_OBSERVATION";2021;7;31;100;"Impatiens";"glandulifera";2891770
9.11906;50.229331;2975574585;"CC_BY_4_0";"";"HUMAN_OBSERVATION";2020;8;1;9;"Impatiens";"glandulifera";2891770
8.986105;50.295405;3951436456;"CC_BY_4_0";"";"HUMAN_OBSERVATION";2021;8;4;NA;"Impatiens";"glandulifera";2891770
9.77673;50.942608;3951425144;"CC_BY_4_0";"";"HUMAN_OBSERVATION";2017;8;20;NA;"Impatiens";"glandulifera";2891770
8.997782;50.317854;3951386952;"CC_BY_4_0";"";"HUMAN_OBSERVATION";2021;8;29;12;"Impatiens";"glandulifera";2891770
8.749973;49.687069;3949923047;"CC_BY_4_0";"";"HUMAN_OBSERVATION";2022;7;12;NA;"Impatiens";"glandulifera";2891770
8.390915;50.011048;3949823853;"CC_BY_4_0";"";"HUMAN_OBSERVATION";2021;9;25;11;"Impatiens";"glandulifera";2891770
8.6141;49.81144;3949813161;"CC_BY_4_0";"";"HUMAN_OBSERVATION";2021;8;30;5;"Impatiens";"glandulifera";2891770
9.386862;50.520641;3949803708;"CC_BY_4_0";"";"HUMAN_OBSERVATION";2021;8;18;NA;"Impatiens";"glandulifera";2891770
9.370833;51.491944;3949769146;"CC_BY_4_0";"";"HUMAN_OBSERVATION";2021;10;1;96;"Impatiens";"glandulifera";2891770
8.627479;49.736302;3949765548;"CC_BY_4_0";"";"HUMAN_OBSERVATION";2021;9;4;96;"Impatiens";"glandulifera";2891770
8.438867;50.312233;3949694319;"CC_BY_4_0";"";"HUMAN_OBSERVATION";2021;6;16;16;"Impatiens";"glandulifera";2891770
8.400437;49.807779;3949667000;"CC_BY_4_0";"";"HUMAN_OBSERVATION";2021;9;25;32;"Impatiens";"glandulifera";2891770
8.369428;50.191035;3949641138;"CC_BY_4_0";"";"HUMAN_OBSERVATION";2021;8;20;NA;"Impatiens";"glandulifera";2891770
8.582489;50.882081;3949553904;"CC_BY_4_0";"";"HUMAN_OBSERVATION";2018;7;22;13;"Impatiens";"glandulifera";2891770
9.04193;51.42523;3949360552;"CC_BY_4_0";"";"HUMAN_OBSERVATION";2021;7;2;3;"Impatiens";"glandulifera";2891770
8.963624;51.346591;3949330719;"CC_BY_4_0";"";"HUMAN_OBSERVATION";2021;10;10;49;"Impatiens";"glandulifera";2891770
8.178041;50.157818;3949315209;"CC_BY_4_0";"";"HUMAN_OBSERVATION";2021;9;18;NA;"Impatiens";"glandulifera";2891770
9.102628;49.711095;3949314162;"CC_BY_4_0";"";"HUMAN_OBSERVATION";2021;9;3;24;"Impatiens";"glandulifera";2891770
9.181789;50.172419;3949303900;"CC_BY_4_0";"";"HUMAN_OBSERVATION";2021;8;25;4;"Impatiens";"glandulifera";2891770
8.640183;49.711604;2647347158;"CC_BY_4_0";"";"HUMAN_OBSERVATION";2018;9;11;12;"Impatiens";"glandulifera";2891770
9.511525;51.168776;3949275966;"CC_BY_4_0";"";"HUMAN_OBSERVATION";2021;8;1;NA;"Impatiens";"glandulifera";2891770
9.713611;51.220833;3949254096;"CC_BY_4_0";"";"HUMAN_OBSERVATION";2021;7;19;NA;"Impatiens";"glandulifera";2891770
8.708055;49.756498;3949167102;"CC_BY_4_0";"";"HUMAN_OBSERVATION";2020;10;25;NA;"Impatiens";"glandulifera";2891770
8.153639;50.074387;3949025356;"CC_BY_4_0";"";"HUMAN_OBSERVATION";2022;6;13;NA;"Impatiens";"glandulifera";2891770
8.011642;50.526961;3949018821;"CC_BY_4_0";"";"HUMAN_OBSERVATION";2018;10;14;NA;"Impatiens";"glandulifera";2891770
8.702926;50.124661;3948989383;"CC_BY_4_0";"";"HUMAN_OBSERVATION";2020;4;4;65;"Impatiens";"glandulifera";2891770
9.431952;51.031732;3948980471;"CC_BY_4_0";"";"HUMAN_OBSERVATION";2019;7;29;NA;"Impatiens";"glandulifera";2891770
8.726703;49.95577;3947833046;"CC_BY_NC_4_0";"iNaturalist";"HUMAN_OBSERVATION";2022;10;19;18;"Impatiens";"glandulifera";2891770
8.715905;49.951095;3947698138;"CC_BY_NC_4_0";"iNaturalist";"HUMAN_OBSERVATION";2022;10;19;129;"Impatiens";"glandulifera";2891770
8.848009;49.855983;3947679485;"CC_BY_NC_4_0";"iNaturalist";"HUMAN_OBSERVATION";2022;10;19;2;"Impatiens";"glandulifera";2891770
8.35149;49.935979;3925232415;"CC_BY_NC_4_0";"iNaturalist";"HUMAN_OBSERVATION";2022;10;9;16;"Impatiens";"glandulifera";2891770
9.44973;50.335312;3923656937;"CC_BY_NC_4_0";"iNaturalist";"HUMAN_OBSERVATION";2022;9;29;4;"Impatiens";"glandulifera";2891770
9.450028;50.333297;3923489004;"CC_BY_NC_4_0";"iNaturalist";"HUMAN_OBSERVATION";2022;9;29;66;"Impatiens";"glandulifera";2891770
9.093392;50.902369;3907606607;"CC_BY_NC_4_0";"";"HUMAN_OBSERVATION";2022;7;27;14;"Impatiens";"glandulifera";2891770
9.325703;50.435984;3907567948;"CC_BY_NC_4_0";"";"HUMAN_OBSERVATION";2022;8;6;4;"Impatiens";"glandulifera";2891770
9.786065;51.301982;3907519147;"CC_BY_NC_4_0";"";"HUMAN_OBSERVATION";2022;8;13;24;"Impatiens";"glandulifera";2891770
9.38365;50.297214;3907466934;"CC_BY_NC_4_0";"";"HUMAN_OBSERVATION";2022;8;16;NA;"Impatiens";"glandulifera";2891770
9.467707;51.297553;3907458422;"CC_BY_NC_4_0";"";"HUMAN_OBSERVATION";2022;8;14;189;"Impatiens";"glandulifera";2891770
9.463883;50.116165;3907446871;"CC_BY_NC_4_0";"";"HUMAN_OBSERVATION";2022;8;19;36;"Impatiens";"glandulifera";2891770
8.381999;50.813265;3907336325;"CC_BY_NC_4_0";"";"HUMAN_OBSERVATION";2022;8;13;5;"Impatiens";"glandulifera";2891770
9.656755;51.193825;3907312085;"CC_BY_NC_4_0";"";"HUMAN_OBSERVATION";2022;8;21;55;"Impatiens";"glandulifera";2891770
9.423601;51.300438;3907255397;"CC_BY_NC_4_0";"";"HUMAN_OBSERVATION";2022;6;30;124;"Impatiens";"glandulifera";2891770
9.875706;50.497786;3904178931;"CC_BY_NC_4_0";"";"HUMAN_OBSERVATION";2022;6;16;12;"Impatiens";"glandulifera";2891770
9.404461;51.257756;3907005053;"CC_BY_NC_4_0";"";"HUMAN_OBSERVATION";2022;7;27;NA;"Impatiens";"glandulifera";2891770
9.646878;51.315883;3906921591;"CC_BY_NC_4_0";"";"HUMAN_OBSERVATION";2022;8;14;5;"Impatiens";"glandulifera";2891770
9.381674;51.104311;3906822321;"CC_BY_NC_4_0";"";"HUMAN_OBSERVATION";2022;8;9;14;"Impatiens";"glandulifera";2891770
8.270937;50.708888;3906695723;"CC_BY_NC_4_0";"";"HUMAN_OBSERVATION";2022;6;14;3;"Impatiens";"glandulifera";2891770
9.565836;50.654959;3906660423;"CC_BY_NC_4_0";"";"HUMAN_OBSERVATION";2022;8;14;4;"Impatiens";"glandulifera";2891770
9.375535;51.606323;3906641734;"CC_BY_NC_4_0";"";"HUMAN_OBSERVATION";2022;8;5;NA;"Impatiens";"glandulifera";2891770
8.322973;50.132659;3906592534;"CC_BY_NC_4_0";"";"HUMAN_OBSERVATION";2022;8;14;12;"Impatiens";"glandulifera";2891770
9.540384;51.298858;3906556838;"CC_BY_NC_4_0";"";"HUMAN_OBSERVATION";2022;8;15;25;"Impatiens";"glandulifera";2891770
9.356903;51.315994;3906483780;"CC_BY_NC_4_0";"";"HUMAN_OBSERVATION";2022;7;31;NA;"Impatiens";"glandulifera";2891770
9.436762;51.600198;2977368165;"CC_BY_4_0";"";"HUMAN_OBSERVATION";2020;7;7;11;"Impatiens";"glandulifera";2891770
8.298142;50.565855;3906090112;"CC_BY_NC_4_0";"";"HUMAN_OBSERVATION";2022;4;18;5;"Impatiens";"glandulifera";2891770
9.221252;50.212472;2649683983;"CC_BY_4_0";"";"HUMAN_OBSERVATION";2019;8;17;6;"Impatiens";"glandulifera";2891770
9.334774;51.271857;3905969135;"CC_BY_NC_4_0";"";"HUMAN_OBSERVATION";2022;4;30;60;"Impatiens";"glandulifera";2891770
8.740803;49.603294;3905914047;"CC_BY_NC_4_0";"";"HUMAN_OBSERVATION";2022;7;18;16;"Impatiens";"glandulifera";2891770
8.299754;50.454261;3905860182;"CC_BY_NC_4_0";"";"HUMAN_OBSERVATION";2022;6;12;NA;"Impatiens";"glandulifera";2891770
9.517929;50.629222;3905776249;"CC_BY_NC_4_0";"";"HUMAN_OBSERVATION";2022;8;14;5;"Impatiens";"glandulifera";2891770
9.097106;51.078534;3905773515;"CC_BY_NC_4_0";"";"HUMAN_OBSERVATION";2022;8;25;5;"Impatiens";"glandulifera";2891770
9.648204;51.232106;3905724490;"CC_BY_NC_4_0";"";"HUMAN_OBSERVATION";2022;8;15;10;"Impatiens";"glandulifera";2891770
8.780428;50.8508;3905676222;"CC_BY_NC_4_0";"";"HUMAN_OBSERVATION";2022;5;7;484;"Impatiens";"glandulifera";2891770
9.452519;51.319087;3905649927;"CC_BY_NC_4_0";"";"HUMAN_OBSERVATION";2022;4;29;14;"Impatiens";"glandulifera";2891770
8.424623;50.23899;3905547309;"CC_BY_NC_4_0";"";"HUMAN_OBSERVATION";2022;7;1;3;"Impatiens";"glandulifera";2891770
9.467478;51.4284;3905323033;"CC_BY_NC_4_0";"";"HUMAN_OBSERVATION";2022;7;19;NA;"Impatiens";"glandulifera";2891770
9.577948;51.267376;3905264745;"CC_BY_NC_4_0";"";"HUMAN_OBSERVATION";2022;7;5;25;"Impatiens";"glandulifera";2891770
9.417243;51.44558;3905220727;"CC_BY_NC_4_0";"";"HUMAN_OBSERVATION";2022;5;9;25;"Impatiens";"glandulifera";2891770
9.308412;50.459832;3905191252;"CC_BY_NC_4_0";"";"HUMAN_OBSERVATION";2022;7;23;4;"Impatiens";"glandulifera";2891770
9.34492;50.815598;3905171205;"CC_BY_NC_4_0";"";"HUMAN_OBSERVATION";2022;6;28;5;"Impatiens";"glandulifera";2891770
8.434543;50.262198;3905145578;"CC_BY_NC_4_0";"";"HUMAN_OBSERVATION";2022;6;30;3;"Impatiens";"glandulifera";2891770
9.458287;51.280414;3904907503;"CC_BY_NC_4_0";"";"HUMAN_OBSERVATION";2022;8;4;5;"Impatiens";"glandulifera";2891770
9.27958;51.498523;3904895887;"CC_BY_NC_4_0";"";"HUMAN_OBSERVATION";2022;8;5;45;"Impatiens";"glandulifera";2891770
8.334641;50.475965;3904509907;"CC_BY_NC_4_0";"";"HUMAN_OBSERVATION";2022;7;31;NA;"Impatiens";"glandulifera";2891770
9.430833;51.548333;3904804763;"CC_BY_NC_4_0";"";"HUMAN_OBSERVATION";2022;6;17;NA;"Impatiens";"glandulifera";2891770
8.143492;50.568988;3904653844;"CC_BY_NC_4_0";"";"HUMAN_OBSERVATION";2015;8;18;8;"Impatiens";"glandulifera";2891770
8.401504;50.006186;3904622176;"CC_BY_NC_4_0";"";"HUMAN_OBSERVATION";2022;7;21;4;"Impatiens";"glandulifera";2891770
9.615569;51.311799;3904602726;"CC_BY_NC_4_0";"";"HUMAN_OBSERVATION";2022;8;6;12;"Impatiens";"glandulifera";2891770
9.916209;50.450923;3904591780;"CC_BY_NC_4_0";"";"HUMAN_OBSERVATION";2022;8;2;19;"Impatiens";"glandulifera";2891770
8.745144;50.932838;3904309486;"CC_BY_NC_4_0";"";"HUMAN_OBSERVATION";2022;7;14;NA;"Impatiens";"glandulifera";2891770
9.434832;50.520493;3904533733;"CC_BY_NC_4_0";"";"HUMAN_OBSERVATION";2022;7;23;4;"Impatiens";"glandulifera";2891770
9.448246;50.831199;3904440139;"CC_BY_NC_4_0";"";"HUMAN_OBSERVATION";2022;7;10;9;"Impatiens";"glandulifera";2891770
9.471111;51.590556;3904357721;"CC_BY_NC_4_0";"";"HUMAN_OBSERVATION";2022;7;9;NA;"Impatiens";"glandulifera";2891770
9.47163;51.640764;3904293721;"CC_BY_NC_4_0";"";"HUMAN_OBSERVATION";2022;6;16;8;"Impatiens";"glandulifera";2891770
8.814924;50.561007;3904219864;"CC_BY_NC_4_0";"";"HUMAN_OBSERVATION";2022;6;1;228;"Impatiens";"glandulifera";2891770
9.957604;51.07805;3904217231;"CC_BY_NC_4_0";"";"HUMAN_OBSERVATION";2022;6;10;25;"Impatiens";"glandulifera";2891770
9.45631;51.527436;3904204873;"CC_BY_NC_4_0";"";"HUMAN_OBSERVATION";2022;7;20;25;"Impatiens";"glandulifera";2891770
9.38371;51.289488;3904137453;"CC_BY_NC_4_0";"";"HUMAN_OBSERVATION";2022;5;29;10;"Impatiens";"glandulifera";2891770
8.796689;49.808852;3858876353;"CC_BY_NC_4_0";"iNaturalist";"HUMAN_OBSERVATION";2022;6;4;8;"Impatiens";"glandulifera";2891770
8.715769;50.379892;3903643446;"CC_BY_NC_4_0";"iNaturalist";"HUMAN_OBSERVATION";2022;9;7;8;"Impatiens";"glandulifera";2891770
9.446058;50.344403;3903612124;"CC_BY_NC_4_0";"iNaturalist";"HUMAN_OBSERVATION";2022;9;8;4;"Impatiens";"glandulifera";2891770
8.582084;50.615679;3903592091;"CC_BY_NC_4_0";"iNaturalist";"HUMAN_OBSERVATION";2022;9;12;19;"Impatiens";"glandulifera";2891770
9.437572;50.341838;3903574877;"CC_BY_NC_4_0";"iNaturalist";"HUMAN_OBSERVATION";2022;9;8;11;"Impatiens";"glandulifera";2891770
9.437003;50.338908;3903471891;"CC_BY_NC_4_0";"iNaturalist";"HUMAN_OBSERVATION";2022;9;8;11;"Impatiens";"glandulifera";2891770
8.399846;50.138786;2429348539;"CC_BY_4_0";"iNaturalist";"HUMAN_OBSERVATION";2019;10;2;NA;"Impatiens";"glandulifera";2891770
9.468562;50.34182;3903380006;"CC_BY_NC_4_0";"iNaturalist";"HUMAN_OBSERVATION";2022;8;29;10;"Impatiens";"glandulifera";2891770
9.378142;51.27333;3903147316;"CC_BY_NC_4_0";"iNaturalist";"HUMAN_OBSERVATION";2022;8;26;4;"Impatiens";"glandulifera";2891770
9.47265;50.336047;3881340242;"CC_BY_NC_4_0";"iNaturalist";"HUMAN_OBSERVATION";2022;8;1;4;"Impatiens";"glandulifera";2891770
8.394169;50.007768;3902950142;"CC_BY_NC_4_0";"iNaturalist";"HUMAN_OBSERVATION";2022;9;4;30;"Impatiens";"glandulifera";2891770
9.443647;50.326778;3902828991;"CC_BY_NC_4_0";"iNaturalist";"HUMAN_OBSERVATION";2022;8;30;36;"Impatiens";"glandulifera";2891770
9.080264;50.361429;3902551997;"CC_BY_NC_4_0";"iNaturalist";"HUMAN_OBSERVATION";2022;8;19;NA;"Impatiens";"glandulifera";2891770
9.090178;50.363555;3902549845;"CC_BY_NC_4_0";"iNaturalist";"HUMAN_OBSERVATION";2022;8;19;NA;"Impatiens";"glandulifera";2891770
8.162928;50.056186;3902494551;"CC_BY_NC_4_0";"iNaturalist";"HUMAN_OBSERVATION";2022;8;17;8;"Impatiens";"glandulifera";2891770
9.462953;50.280913;3902396652;"CC_BY_NC_4_0";"iNaturalist";"HUMAN_OBSERVATION";2022;8;24;7;"Impatiens";"glandulifera";2891770
9.456558;50.315088;3343845949;"CC_BY_NC_4_0";"iNaturalist";"HUMAN_OBSERVATION";2021;8;20;6;"Impatiens";"glandulifera";2891770
8.323074;50.10887;3892521264;"CC_BY_NC_4_0";"iNaturalist";"HUMAN_OBSERVATION";2022;8;16;960;"Impatiens";"glandulifera";2891770
9.448772;50.382392;3888852729;"CC_BY_NC_4_0";"iNaturalist";"HUMAN_OBSERVATION";2022;8;3;6;"Impatiens";"glandulifera";2891770
8.656335;50.361468;3888805857;"CC_BY_NC_4_0";"iNaturalist";"HUMAN_OBSERVATION";2022;8;7;9;"Impatiens";"glandulifera";2891770
9.478705;50.333355;3881546544;"CC_BY_NC_4_0";"iNaturalist";"HUMAN_OBSERVATION";2022;8;1;9;"Impatiens";"glandulifera";2891770
8.397597;50.419137;3874184581;"CC_BY_NC_4_0";"iNaturalist";"HUMAN_OBSERVATION";2022;7;23;30;"Impatiens";"glandulifera";2891770
9.854797;51.311445;3874002253;"CC_BY_NC_4_0";"iNaturalist";"HUMAN_OBSERVATION";2022;7;24;6;"Impatiens";"glandulifera";2891770
8.725461;50.844809;3873568445;"CC_BY_NC_4_0";"iNaturalist";"HUMAN_OBSERVATION";2022;7;10;4;"Impatiens";"glandulifera";2891770
8.267788;50.227642;3730646371;"CC_BY_NC_4_0";"";"HUMAN_OBSERVATION";2021;7;20;5;"Impatiens";"glandulifera";2891770
9.389063;50.355495;3873422657;"CC_BY_NC_4_0";"iNaturalist";"HUMAN_OBSERVATION";2022;7;21;236;"Impatiens";"glandulifera";2891770
8.345038;50.002842;3873151003;"CC_BY_NC_4_0";"iNaturalist";"HUMAN_OBSERVATION";2022;7;23;89;"Impatiens";"glandulifera";2891770
8.959853;50.754692;3873069519;"CC_BY_NC_4_0";"iNaturalist";"HUMAN_OBSERVATION";2022;7;19;5;"Impatiens";"glandulifera";2891770
8.299597;50.117011;3860253374;"CC_BY_NC_4_0";"iNaturalist";"HUMAN_OBSERVATION";2022;6;16;8;"Impatiens";"glandulifera";2891770
9.824494;51.249255;3860288987;"CC_BY_NC_4_0";"iNaturalist";"HUMAN_OBSERVATION";2022;7;2;4;"Impatiens";"glandulifera";2891770
8.33725;50.090039;3859804001;"CC_BY_NC_4_0";"iNaturalist";"HUMAN_OBSERVATION";2022;7;2;16;"Impatiens";"glandulifera";2891770
8.118381;50.150212;3859556983;"CC_BY_NC_4_0";"iNaturalist";"HUMAN_OBSERVATION";2021;8;9;32;"Impatiens";"glandulifera";2891770
8.7232;49.953275;3859508080;"CC_BY_NC_4_0";"iNaturalist";"HUMAN_OBSERVATION";2022;6;10;18;"Impatiens";"glandulifera";2891770
8.810796;50.298336;3826833064;"CC_BY_NC_4_0";"";"HUMAN_OBSERVATION";2022;5;12;10;"Impatiens";"glandulifera";2891770
8.210317;50.554095;3823904626;"CC_BY_NC_4_0";"";"HUMAN_OBSERVATION";2015;7;12;15;"Impatiens";"glandulifera";2891770
9.499897;51.244113;3823776785;"CC_BY_NC_4_0";"";"HUMAN_OBSERVATION";2022;3;27;5;"Impatiens";"glandulifera";2891770
8.947965;49.865395;3759378691;"CC_BY_NC_4_0";"iNaturalist";"HUMAN_OBSERVATION";2022;4;20;7;"Impatiens";"glandulifera";2891770
8.915858;50.080937;3747215303;"CC_BY_NC_4_0";"iNaturalist";"HUMAN_OBSERVATION";2012;10;3;684;"Impatiens";"glandulifera";2891770
8.821521;49.643996;3732540464;"CC_BY_NC_4_0";"";"HUMAN_OBSERVATION";2021;8;5;14;"Impatiens";"glandulifera";2891770
9.761049;50.978991;3732494518;"CC_BY_NC_4_0";"";"HUMAN_OBSERVATION";2021;9;1;96;"Impatiens";"glandulifera";2891770
9.54735;51.132401;3732347558;"CC_BY_NC_4_0";"";"HUMAN_OBSERVATION";2021;8;29;13;"Impatiens";"glandulifera";2891770
8.801775;49.875127;3732328686;"CC_BY_NC_4_0";"";"HUMAN_OBSERVATION";2021;8;21;7;"Impatiens";"glandulifera";2891770
8.916167;51.236029;3731701805;"CC_BY_NC_4_0";"";"HUMAN_OBSERVATION";2021;9;23;25;"Impatiens";"glandulifera";2891770
9.537187;51.537022;3731612594;"CC_BY_NC_4_0";"";"HUMAN_OBSERVATION";2021;9;2;7;"Impatiens";"glandulifera";2891770
9.56868;51.007534;3731435055;"CC_BY_NC_4_0";"";"HUMAN_OBSERVATION";2021;9;9;NA;"Impatiens";"glandulifera";2891770
9.743917;51.020161;3731399732;"CC_BY_NC_4_0";"";"HUMAN_OBSERVATION";2021;9;17;NA;"Impatiens";"glandulifera";2891770
9.457213;50.962273;3731026669;"CC_BY_NC_4_0";"";"HUMAN_OBSERVATION";2021;9;16;NA;"Impatiens";"glandulifera";2891770
8.950777;51.191583;1914338136;"CC0_1_0";"iNaturalist";"HUMAN_OBSERVATION";2018;9;30;NA;"Impatiens";"glandulifera";2891770
8.709431;50.64045;3730350683;"CC_BY_NC_4_0";"";"HUMAN_OBSERVATION";2021;5;4;25;"Impatiens";"glandulifera";2891770
8.468213;50.616352;3728294232;"CC_BY_NC_4_0";"";"HUMAN_OBSERVATION";2020;10;3;6;"Impatiens";"glandulifera";2891770
9.566457;51.362557;3722911473;"CC_BY_NC_4_0";"";"HUMAN_OBSERVATION";2021;8;15;6;"Impatiens";"glandulifera";2891770
9.964052;51.000828;3722687698;"CC_BY_NC_4_0";"";"HUMAN_OBSERVATION";2021;9;14;NA;"Impatiens";"glandulifera";2891770
9.38;50.933333;3722570348;"CC_BY_NC_4_0";"";"HUMAN_OBSERVATION";2021;9;12;NA;"Impatiens";"glandulifera";2891770
8.855671;49.927673;3722111667;"CC_BY_NC_4_0";"";"HUMAN_OBSERVATION";2021;8;15;NA;"Impatiens";"glandulifera";2891770
8.585069;50.994478;3721795893;"CC_BY_NC_4_0";"";"HUMAN_OBSERVATION";2021;8;19;NA;"Impatiens";"glandulifera";2891770
9.209167;51.017222;3721743461;"CC_BY_NC_4_0";"";"HUMAN_OBSERVATION";2021;7;31;NA;"Impatiens";"glandulifera";2891770
9.79497;50.466631;3718521502;"CC_BY_NC_4_0";"";"HUMAN_OBSERVATION";2016;8;23;15;"Impatiens";"glandulifera";2891770
9.656111;51.305;3718442441;"CC_BY_NC_4_0";"";"HUMAN_OBSERVATION";2020;8;24;25;"Impatiens";"glandulifera";2891770
8.166576;50.681969;3717576504;"CC_BY_NC_4_0";"";"HUMAN_OBSERVATION";2020;8;2;25;"Impatiens";"glandulifera";2891770
8.978712;49.789966;3415683434;"CC_BY_NC_4_0";"iNaturalist";"HUMAN_OBSERVATION";2021;9;14;32;"Impatiens";"glandulifera";2891770
8.412016;50.317912;3391598792;"CC_BY_NC_4_0";"iNaturalist";"HUMAN_OBSERVATION";2021;7;21;40;"Impatiens";"glandulifera";2891770
9.059379;51.384403;3384727989;"CC0_1_0";"iNaturalist";"HUMAN_OBSERVATION";2021;10;2;29;"Impatiens";"glandulifera";2891770
9.081906;51.379157;3384710988;"CC0_1_0";"iNaturalist";"HUMAN_OBSERVATION";2021;10;2;4;"Impatiens";"glandulifera";2891770
8.862076;50.089762;3384447891;"CC_BY_NC_4_0";"iNaturalist";"HUMAN_OBSERVATION";2021;9;14;3;"Impatiens";"glandulifera";2891770
9.069452;50.534989;3384243688;"CC_BY_NC_4_0";"iNaturalist";"HUMAN_OBSERVATION";2021;9;9;31;"Impatiens";"glandulifera";2891770
8.708794;50.553098;3355718341;"CC0_1_0";"iNaturalist";"HUMAN_OBSERVATION";2021;8;31;24;"Impatiens";"glandulifera";2891770
8.313556;50.161884;3335493576;"CC_BY_NC_4_0";"iNaturalist";"HUMAN_OBSERVATION";2021;8;5;65;"Impatiens";"glandulifera";2891770
9.068611;50.332222;2648944672;"CC_BY_4_0";"";"HUMAN_OBSERVATION";2019;8;30;NA;"Impatiens";"glandulifera";2891770
8.422417;50.846905;3355353337;"CC_BY_NC_4_0";"iNaturalist";"HUMAN_OBSERVATION";2021;9;7;12;"Impatiens";"glandulifera";2891770
9.733639;50.629661;3355404052;"CC_BY_NC_4_0";"iNaturalist";"HUMAN_OBSERVATION";2021;9;3;4;"Impatiens";"glandulifera";2891770
9.73233;51.333138;3355300804;"CC_BY_NC_4_0";"iNaturalist";"HUMAN_OBSERVATION";2021;9;3;42;"Impatiens";"glandulifera";2891770
9.981171;51.14646;3355281009;"CC_BY_NC_4_0";"iNaturalist";"HUMAN_OBSERVATION";2021;9;5;5;"Impatiens";"glandulifera";2891770
8.751751;49.819847;3355211356;"CC_BY_NC_4_0";"iNaturalist";"HUMAN_OBSERVATION";2021;9;8;899;"Impatiens";"glandulifera";2891770
8.644442;50.184987;3355163798;"CC_BY_NC_4_0";"iNaturalist";"HUMAN_OBSERVATION";2021;9;3;16;"Impatiens";"glandulifera";2891770
9.470713;50.315945;3344031825;"CC_BY_NC_4_0";"iNaturalist";"HUMAN_OBSERVATION";2021;8;20;8;"Impatiens";"glandulifera";2891770
8.841889;50.148566;3343984945;"CC_BY_NC_4_0";"iNaturalist";"HUMAN_OBSERVATION";2021;8;20;15;"Impatiens";"glandulifera";2891770
8.77743;50.118695;3343828009;"CC_BY_NC_4_0";"iNaturalist";"HUMAN_OBSERVATION";2021;8;16;8;"Impatiens";"glandulifera";2891770
9.475622;50.317938;3343768885;"CC_BY_NC_4_0";"iNaturalist";"HUMAN_OBSERVATION";2021;8;20;8;"Impatiens";"glandulifera";2891770
9.773382;51.338921;3338117378;"CC_BY_NC_4_0";"iNaturalist";"HUMAN_OBSERVATION";2021;8;7;19;"Impatiens";"glandulifera";2891770
9.224672;50.178355;3338040381;"CC_BY_NC_4_0";"iNaturalist";"HUMAN_OBSERVATION";2021;8;6;9;"Impatiens";"glandulifera";2891770
9.28567;50.158036;3338018836;"CC_BY_NC_4_0";"iNaturalist";"HUMAN_OBSERVATION";2021;8;17;6;"Impatiens";"glandulifera";2891770
9.28995;50.159589;3337789320;"CC_BY_NC_4_0";"iNaturalist";"HUMAN_OBSERVATION";2021;8;17;8;"Impatiens";"glandulifera";2891770
8.734322;50.131486;3335394216;"CC_BY_NC_4_0";"iNaturalist";"HUMAN_OBSERVATION";2021;8;2;104;"Impatiens";"glandulifera";2891770
9.051183;51.378049;3335365267;"CC_BY_NC_4_0";"iNaturalist";"HUMAN_OBSERVATION";2021;8;3;296;"Impatiens";"glandulifera";2891770
9.024681;49.707851;3335082278;"CC_BY_NC_4_0";"iNaturalist";"HUMAN_OBSERVATION";2021;8;2;25;"Impatiens";"glandulifera";2891770
8.044484;50.521957;3333523421;"CC_BY_NC_4_0";"iNaturalist";"HUMAN_OBSERVATION";2021;7;28;4;"Impatiens";"glandulifera";2891770
9.43143;51.591992;3333369115;"CC_BY_4_0";"iNaturalist";"HUMAN_OBSERVATION";2021;7;26;4;"Impatiens";"glandulifera";2891770
8.90366;51.213342;3333128574;"CC_BY_NC_4_0";"iNaturalist";"HUMAN_OBSERVATION";2021;7;21;3;"Impatiens";"glandulifera";2891770
9.25558;50.162678;3333046658;"CC_BY_NC_4_0";"iNaturalist";"HUMAN_OBSERVATION";2021;7;22;6;"Impatiens";"glandulifera";2891770
8.995171;50.539688;3330463756;"CC_BY_NC_4_0";"iNaturalist";"HUMAN_OBSERVATION";2021;7;17;87;"Impatiens";"glandulifera";2891770
9.162627;51.371254;3330433971;"CC0_1_0";"iNaturalist";"HUMAN_OBSERVATION";2021;7;18;3;"Impatiens";"glandulifera";2891770
9.052811;50.358847;3328108627;"CC_BY_NC_4_0";"iNaturalist";"HUMAN_OBSERVATION";2021;7;15;5;"Impatiens";"glandulifera";2891770
9.639933;50.575779;3327926594;"CC_BY_NC_4_0";"iNaturalist";"HUMAN_OBSERVATION";2021;7;15;10;"Impatiens";"glandulifera";2891770
8.622309;49.680225;3327730235;"CC_BY_NC_4_0";"iNaturalist";"HUMAN_OBSERVATION";2021;7;12;NA;"Impatiens";"glandulifera";2891770
9.868486;50.512139;3325918525;"CC_BY_NC_4_0";"iNaturalist";"HUMAN_OBSERVATION";2021;7;8;8;"Impatiens";"glandulifera";2891770
8.4541;50.138203;3321022567;"CC_BY_NC_4_0";"iNaturalist";"HUMAN_OBSERVATION";2021;7;1;24;"Impatiens";"glandulifera";2891770
8.448542;50.277905;3314507898;"CC_BY_NC_4_0";"iNaturalist";"HUMAN_OBSERVATION";2021;6;19;499;"Impatiens";"glandulifera";2891770
9.529904;51.36466;3032153909;"CC_BY_NC_4_0";"iNaturalist";"HUMAN_OBSERVATION";2010;7;29;4;"Impatiens";"glandulifera";2891770
8.509917;50.157682;3031998259;"CC_BY_NC_4_0";"iNaturalist";"HUMAN_OBSERVATION";2020;8;27;4;"Impatiens";"glandulifera";2891770
8.67105;49.934775;2988296797;"CC_BY_NC_4_0";"iNaturalist";"HUMAN_OBSERVATION";2020;11;6;5;"Impatiens";"glandulifera";2891770
9.865548;51.357967;2980826833;"CC_BY_NC_4_0";"iNaturalist";"HUMAN_OBSERVATION";2020;11;1;NA;"Impatiens";"glandulifera";2891770
9.116235;50.29274;2978340408;"CC_BY_4_0";"";"HUMAN_OBSERVATION";2020;9;28;65;"Impatiens";"glandulifera";2891770
9.428023;51.39257;2978336401;"CC_BY_4_0";"";"HUMAN_OBSERVATION";2020;9;20;18;"Impatiens";"glandulifera";2891770
8.791462;51.382827;2978324432;"CC_BY_4_0";"";"HUMAN_OBSERVATION";2020;10;10;NA;"Impatiens";"glandulifera";2891770
9.152433;50.120824;2978323781;"CC_BY_4_0";"";"HUMAN_OBSERVATION";2020;9;6;48;"Impatiens";"glandulifera";2891770
8.60748;51.317823;2978323572;"CC_BY_4_0";"";"HUMAN_OBSERVATION";2020;9;4;5;"Impatiens";"glandulifera";2891770
8.740551;50.995016;2978303963;"CC_BY_4_0";"";"HUMAN_OBSERVATION";2020;8;22;10;"Impatiens";"glandulifera";2891770
9.119238;50.495142;2978301646;"CC_BY_4_0";"";"HUMAN_OBSERVATION";2020;9;6;14;"Impatiens";"glandulifera";2891770
9.463785;51.271409;2978293687;"CC_BY_4_0";"";"HUMAN_OBSERVATION";2020;8;24;14;"Impatiens";"glandulifera";2891770
9.800194;51.269621;2978285535;"CC_BY_4_0";"";"HUMAN_OBSERVATION";2020;9;6;9;"Impatiens";"glandulifera";2891770
9.454546;51.217373;2978277725;"CC_BY_4_0";"";"HUMAN_OBSERVATION";2020;9;27;19;"Impatiens";"glandulifera";2891770
8.929563;49.551475;2977848152;"CC_BY_4_0";"";"HUMAN_OBSERVATION";2020;8;23;NA;"Impatiens";"glandulifera";2891770
9.410645;51.442723;2978261946;"CC_BY_4_0";"";"HUMAN_OBSERVATION";2020;9;9;10;"Impatiens";"glandulifera";2891770
8.604828;50.612783;2978242322;"CC_BY_4_0";"";"HUMAN_OBSERVATION";2020;8;27;32;"Impatiens";"glandulifera";2891770
8.828852;49.723162;2978235661;"CC_BY_4_0";"";"HUMAN_OBSERVATION";2020;7;26;5;"Impatiens";"glandulifera";2891770
7.977911;50.156024;2977533079;"CC_BY_4_0";"";"HUMAN_OBSERVATION";2020;9;20;32;"Impatiens";"glandulifera";2891770
9.322222;51.368056;2978230692;"CC_BY_4_0";"";"HUMAN_OBSERVATION";2020;8;23;NA;"Impatiens";"glandulifera";2891770
8.947039;50.132039;2978229758;"CC_BY_4_0";"";"HUMAN_OBSERVATION";2020;8;30;4;"Impatiens";"glandulifera";2891770
8.884206;51.126326;2978229033;"CC_BY_4_0";"";"HUMAN_OBSERVATION";2020;9;9;5;"Impatiens";"glandulifera";2891770
9.298355;50.198854;2978207819;"CC_BY_4_0";"";"HUMAN_OBSERVATION";2020;8;16;4;"Impatiens";"glandulifera";2891770
9.938964;50.557557;2978203854;"CC_BY_4_0";"";"HUMAN_OBSERVATION";2020;9;10;NA;"Impatiens";"glandulifera";2891770
9.371706;51.25711;2978202273;"CC_BY_4_0";"";"HUMAN_OBSERVATION";2020;9;20;15;"Impatiens";"glandulifera";2891770
8.950825;49.616058;2978193103;"CC_BY_4_0";"";"HUMAN_OBSERVATION";2020;9;20;16;"Impatiens";"glandulifera";2891770
9.762222;50.836944;2978175544;"CC_BY_4_0";"";"HUMAN_OBSERVATION";2020;8;30;NA;"Impatiens";"glandulifera";2891770
8.815898;49.775694;2978170643;"CC_BY_4_0";"";"HUMAN_OBSERVATION";2020;7;28;82;"Impatiens";"glandulifera";2891770
9.01037;49.622276;2978156012;"CC_BY_4_0";"";"HUMAN_OBSERVATION";2020;9;9;NA;"Impatiens";"glandulifera";2891770
9.156681;50.098208;2978155596;"CC_BY_4_0";"";"HUMAN_OBSERVATION";2020;9;6;27;"Impatiens";"glandulifera";2891770
8.0375;50.478333;2978153056;"CC_BY_4_0";"";"HUMAN_OBSERVATION";2020;7;21;NA;"Impatiens";"glandulifera";2891770
8.742151;49.564433;2978112791;"CC_BY_4_0";"";"HUMAN_OBSERVATION";2020;8;30;73;"Impatiens";"glandulifera";2891770
8.269622;50.134233;2978110587;"CC_BY_4_0";"";"HUMAN_OBSERVATION";2020;8;15;32;"Impatiens";"glandulifera";2891770
8.174322;50.764805;2978108012;"CC_BY_4_0";"";"HUMAN_OBSERVATION";2020;9;11;65;"Impatiens";"glandulifera";2891770
9.769335;50.583534;2978079603;"CC_BY_4_0";"";"HUMAN_OBSERVATION";2020;8;30;NA;"Impatiens";"glandulifera";2891770
9.424345;51.188201;2978070153;"CC_BY_4_0";"";"HUMAN_OBSERVATION";2020;9;20;35;"Impatiens";"glandulifera";2891770
9.544379;51.227561;2978053360;"CC_BY_4_0";"";"HUMAN_OBSERVATION";2020;8;30;NA;"Impatiens";"glandulifera";2891770
8.944559;49.877591;2978049003;"CC_BY_4_0";"";"HUMAN_OBSERVATION";2020;9;30;9;"Impatiens";"glandulifera";2891770
8.716593;50.19544;2978048421;"CC_BY_4_0";"";"HUMAN_OBSERVATION";2020;9;22;8;"Impatiens";"glandulifera";2891770
8.275749;50.660855;2978020702;"CC_BY_4_0";"";"HUMAN_OBSERVATION";2020;8;24;NA;"Impatiens";"glandulifera";2891770
8.569691;51.02612;2978019113;"CC_BY_4_0";"";"HUMAN_OBSERVATION";2020;7;7;NA;"Impatiens";"glandulifera";2891770
8.656839;50.614983;2978013292;"CC_BY_4_0";"";"HUMAN_OBSERVATION";2020;8;1;NA;"Impatiens";"glandulifera";2891770
8.583077;50.284297;2978005957;"CC_BY_4_0";"";"HUMAN_OBSERVATION";2020;9;15;6;"Impatiens";"glandulifera";2891770
8.548063;50.073115;2978003828;"CC_BY_4_0";"";"HUMAN_OBSERVATION";2020;7;11;3;"Impatiens";"glandulifera";2891770
8.892433;50.67671;2977982214;"CC_BY_4_0";"";"HUMAN_OBSERVATION";2020;8;20;5;"Impatiens";"glandulifera";2891770
8.987573;50.583756;2977981612;"CC_BY_4_0";"";"HUMAN_OBSERVATION";2020;8;16;24;"Impatiens";"glandulifera";2891770
8.661203;49.819452;2977962980;"CC_BY_4_0";"";"HUMAN_OBSERVATION";2020;8;23;NA;"Impatiens";"glandulifera";2891770
9.516371;50.628676;2977937354;"CC_BY_4_0";"";"HUMAN_OBSERVATION";2020;9;5;8;"Impatiens";"glandulifera";2891770
9.413044;51.346108;2977920091;"CC_BY_4_0";"";"HUMAN_OBSERVATION";2020;7;20;NA;"Impatiens";"glandulifera";2891770
8.979388;49.924515;2977917354;"CC_BY_4_0";"";"HUMAN_OBSERVATION";2020;9;6;NA;"Impatiens";"glandulifera";2891770
8.881408;50.085744;2977902395;"CC_BY_4_0";"";"HUMAN_OBSERVATION";2020;8;25;8;"Impatiens";"glandulifera";2891770
9.392778;51.309722;2977892688;"CC_BY_4_0";"";"HUMAN_OBSERVATION";2020;8;31;NA;"Impatiens";"glandulifera";2891770
9.745833;51.006944;2977882937;"CC_BY_4_0";"";"HUMAN_OBSERVATION";2020;8;16;NA;"Impatiens";"glandulifera";2891770
9.322222;50.260833;2977839075;"CC_BY_4_0";"";"HUMAN_OBSERVATION";2020;9;21;NA;"Impatiens";"glandulifera";2891770
9.920833;50.474722;2976731675;"CC_BY_4_0";"";"HUMAN_OBSERVATION";2020;9;10;NA;"Impatiens";"glandulifera";2891770
9.876716;51.031045;2977770848;"CC_BY_4_0";"";"HUMAN_OBSERVATION";2020;9;2;5;"Impatiens";"glandulifera";2891770
9.983056;50.861944;2977770008;"CC_BY_4_0";"";"HUMAN_OBSERVATION";2020;8;30;NA;"Impatiens";"glandulifera";2891770
9.051775;49.838462;2977758930;"CC_BY_4_0";"";"HUMAN_OBSERVATION";2020;7;28;48;"Impatiens";"glandulifera";2891770
10.174731;51.179555;2977738105;"CC_BY_4_0";"";"HUMAN_OBSERVATION";2020;7;24;65;"Impatiens";"glandulifera";2891770
9.353701;50.667335;2977736323;"CC_BY_4_0";"";"HUMAN_OBSERVATION";2020;9;5;NA;"Impatiens";"glandulifera";2891770
8.388552;50.553439;2977726226;"CC_BY_4_0";"";"HUMAN_OBSERVATION";2020;8;3;12;"Impatiens";"glandulifera";2891770
8.92403;50.253853;2977714776;"CC_BY_4_0";"";"HUMAN_OBSERVATION";2020;8;4;42;"Impatiens";"glandulifera";2891770
9.557269;51.34552;2977701937;"CC_BY_4_0";"";"HUMAN_OBSERVATION";2020;8;4;NA;"Impatiens";"glandulifera";2891770
9.376033;51.309455;2977663700;"CC_BY_4_0";"";"HUMAN_OBSERVATION";2020;7;18;24;"Impatiens";"glandulifera";2891770
9.750166;50.827034;2977647269;"CC_BY_4_0";"";"HUMAN_OBSERVATION";2020;8;27;12;"Impatiens";"glandulifera";2891770
8.863883;49.535133;2977549083;"CC_BY_4_0";"";"HUMAN_OBSERVATION";2020;9;28;NA;"Impatiens";"glandulifera";2891770
9.475554;51.627212;2977544063;"CC_BY_4_0";"";"HUMAN_OBSERVATION";2020;7;12;48;"Impatiens";"glandulifera";2891770
8.759281;49.784901;2977535922;"CC_BY_4_0";"";"HUMAN_OBSERVATION";2020;8;3;12;"Impatiens";"glandulifera";2891770
8.776592;49.549537;2977531253;"CC_BY_4_0";"";"HUMAN_OBSERVATION";2020;7;6;19;"Impatiens";"glandulifera";2891770
8.901754;50.88252;2977467410;"CC_BY_4_0";"";"HUMAN_OBSERVATION";2020;6;20;64;"Impatiens";"glandulifera";2891770
8.807667;50.056101;2977452125;"CC_BY_4_0";"";"HUMAN_OBSERVATION";2020;9;9;NA;"Impatiens";"glandulifera";2891770
8.712532;50.856944;2977357854;"CC_BY_4_0";"";"HUMAN_OBSERVATION";2020;8;23;19;"Impatiens";"glandulifera";2891770
8.637367;49.681454;2977346934;"CC_BY_4_0";"";"HUMAN_OBSERVATION";2020;7;16;19;"Impatiens";"glandulifera";2891770
9.411129;51.26613;2977300471;"CC_BY_4_0";"";"HUMAN_OBSERVATION";2020;7;9;26;"Impatiens";"glandulifera";2891770
9.118341;50.701427;2977203088;"CC_BY_4_0";"";"HUMAN_OBSERVATION";2020;7;16;15;"Impatiens";"glandulifera";2891770
8.991329;50.148754;2977180056;"CC_BY_4_0";"";"HUMAN_OBSERVATION";2020;9;1;6;"Impatiens";"glandulifera";2891770
9.299961;50.894269;2976551722;"CC_BY_4_0";"";"HUMAN_OBSERVATION";2020;9;1;12;"Impatiens";"glandulifera";2891770
8.896113;49.429439;2976516355;"CC_BY_4_0";"";"HUMAN_OBSERVATION";2020;9;3;10;"Impatiens";"glandulifera";2891770
8.995335;51.283417;2976486057;"CC_BY_4_0";"";"HUMAN_OBSERVATION";2020;10;1;NA;"Impatiens";"glandulifera";2891770
9.365212;50.262193;2976261342;"CC_BY_4_0";"";"HUMAN_OBSERVATION";2020;9;16;32;"Impatiens";"glandulifera";2891770
8.694846;49.729952;2976393746;"CC_BY_4_0";"";"HUMAN_OBSERVATION";2020;8;14;16;"Impatiens";"glandulifera";2891770
8.082444;50.142685;2976383414;"CC_BY_4_0";"";"HUMAN_OBSERVATION";2020;9;5;NA;"Impatiens";"glandulifera";2891770
8.864213;50.817165;2976371883;"CC_BY_4_0";"";"HUMAN_OBSERVATION";2020;9;20;NA;"Impatiens";"glandulifera";2891770
9.50035;50.591813;2976366738;"CC_BY_4_0";"";"HUMAN_OBSERVATION";2020;8;8;NA;"Impatiens";"glandulifera";2891770
9.148765;50.094932;2976360318;"CC_BY_4_0";"";"HUMAN_OBSERVATION";2020;9;12;4;"Impatiens";"glandulifera";2891770
8.852962;50.839219;2976360266;"CC_BY_4_0";"";"HUMAN_OBSERVATION";2020;9;13;3;"Impatiens";"glandulifera";2891770
8.536806;49.824063;2976351338;"CC_BY_4_0";"";"HUMAN_OBSERVATION";2020;8;30;12;"Impatiens";"glandulifera";2891770
9.786321;50.681141;2976349362;"CC_BY_4_0";"";"HUMAN_OBSERVATION";2020;9;6;48;"Impatiens";"glandulifera";2891770
9.513469;51.360904;2976348235;"CC_BY_4_0";"";"HUMAN_OBSERVATION";2020;9;12;16;"Impatiens";"glandulifera";2891770
8.959288;50.231832;2976159167;"CC_BY_4_0";"";"HUMAN_OBSERVATION";2020;9;6;3;"Impatiens";"glandulifera";2891770
8.9175;50.934167;2976331839;"CC_BY_4_0";"";"HUMAN_OBSERVATION";2020;9;18;NA;"Impatiens";"glandulifera";2891770
9.576504;50.815279;2976293758;"CC_BY_4_0";"";"HUMAN_OBSERVATION";2020;7;27;48;"Impatiens";"glandulifera";2891770
10.150748;51.16389;2976285283;"CC_BY_4_0";"";"HUMAN_OBSERVATION";2020;10;6;NA;"Impatiens";"glandulifera";2891770
9.599671;51.49277;2976275105;"CC_BY_4_0";"";"HUMAN_OBSERVATION";2020;9;19;NA;"Impatiens";"glandulifera";2891770
8.563961;50.229009;2976273619;"CC_BY_4_0";"";"HUMAN_OBSERVATION";2020;8;2;65;"Impatiens";"glandulifera";2891770
9.148011;50.698342;2976262307;"CC_BY_4_0";"";"HUMAN_OBSERVATION";2020;7;31;19;"Impatiens";"glandulifera";2891770
8.409346;50.315516;2976250511;"CC_BY_4_0";"";"HUMAN_OBSERVATION";2020;9;5;50;"Impatiens";"glandulifera";2891770
9.363545;50.378321;2976242324;"CC_BY_4_0";"";"HUMAN_OBSERVATION";2020;9;5;14;"Impatiens";"glandulifera";2891770
10.011782;50.60793;2976230756;"CC_BY_4_0";"";"HUMAN_OBSERVATION";2020;9;30;NA;"Impatiens";"glandulifera";2891770
8.907302;49.676231;2976218983;"CC_BY_4_0";"";"HUMAN_OBSERVATION";2020;10;4;9;"Impatiens";"glandulifera";2891770
9.825471;50.471048;2976201010;"CC_BY_4_0";"";"HUMAN_OBSERVATION";2020;8;16;76;"Impatiens";"glandulifera";2891770
8.673441;49.834895;2976177981;"CC_BY_4_0";"";"HUMAN_OBSERVATION";2020;8;30;3;"Impatiens";"glandulifera";2891770
8.636636;49.684559;2976093861;"CC_BY_4_0";"";"HUMAN_OBSERVATION";2020;8;29;65;"Impatiens";"glandulifera";2891770
8.784475;50.868155;2976174621;"CC_BY_4_0";"";"HUMAN_OBSERVATION";2020;8;2;40;"Impatiens";"glandulifera";2891770
9.918173;51.216209;2976170086;"CC_BY_4_0";"";"HUMAN_OBSERVATION";2020;8;17;NA;"Impatiens";"glandulifera";2891770
9.418415;51.124462;2976163825;"CC_BY_4_0";"";"HUMAN_OBSERVATION";2020;8;16;5;"Impatiens";"glandulifera";2891770
8.052215;50.484869;2976148662;"CC_BY_4_0";"";"HUMAN_OBSERVATION";2020;9;7;14;"Impatiens";"glandulifera";2891770
8.6275;51.306944;2976117819;"CC_BY_4_0";"";"HUMAN_OBSERVATION";2020;8;9;NA;"Impatiens";"glandulifera";2891770
8.45514;49.815871;2976110511;"CC_BY_4_0";"";"HUMAN_OBSERVATION";2020;7;28;32;"Impatiens";"glandulifera";2891770
9.979806;50.876653;2976093960;"CC_BY_4_0";"";"HUMAN_OBSERVATION";2020;8;30;8;"Impatiens";"glandulifera";2891770
8.183714;50.164217;2976068031;"CC_BY_4_0";"";"HUMAN_OBSERVATION";2020;8;15;NA;"Impatiens";"glandulifera";2891770
9.618312;50.795493;2976071561;"CC_BY_4_0";"";"HUMAN_OBSERVATION";2020;7;24;6;"Impatiens";"glandulifera";2891770
8.551081;50.990501;2976070135;"CC_BY_4_0";"";"HUMAN_OBSERVATION";2020;9;4;NA;"Impatiens";"glandulifera";2891770
9.71682;51.004934;2976065291;"CC_BY_4_0";"";"HUMAN_OBSERVATION";2020;9;13;128;"Impatiens";"glandulifera";2891770
8.982222;50.977778;2975995417;"CC_BY_4_0";"";"HUMAN_OBSERVATION";2020;7;27;NA;"Impatiens";"glandulifera";2891770
9.837918;51.116634;2975988407;"CC_BY_4_0";"";"HUMAN_OBSERVATION";2020;7;27;NA;"Impatiens";"glandulifera";2891770
9.450702;50.292732;2975960514;"CC_BY_4_0";"";"HUMAN_OBSERVATION";2020;9;6;16;"Impatiens";"glandulifera";2891770
9.708952;50.336807;2975950827;"CC_BY_4_0";"";"HUMAN_OBSERVATION";2020;8;10;NA;"Impatiens";"glandulifera";2891770
9.739757;50.992602;2975944341;"CC_BY_4_0";"";"HUMAN_OBSERVATION";2020;7;23;8;"Impatiens";"glandulifera";2891770
9.680099;51.219312;2975935767;"CC_BY_4_0";"";"HUMAN_OBSERVATION";2020;7;18;19;"Impatiens";"glandulifera";2891770
8.824241;49.410071;2975918170;"CC_BY_4_0";"";"HUMAN_OBSERVATION";2020;9;4;NA;"Impatiens";"glandulifera";2891770
9.012958;50.537568;2646104603;"CC_BY_4_0";"";"HUMAN_OBSERVATION";2019;8;4;16;"Impatiens";"glandulifera";2891770
9.458803;51.357139;2975905971;"CC_BY_4_0";"";"HUMAN_OBSERVATION";2020;7;12;8;"Impatiens";"glandulifera";2891770
9.023008;50.714423;2975894441;"CC_BY_4_0";"";"HUMAN_OBSERVATION";2020;7;21;15;"Impatiens";"glandulifera";2891770
8.886002;49.449662;2975846665;"CC_BY_4_0";"";"HUMAN_OBSERVATION";2020;7;14;NA;"Impatiens";"glandulifera";2891770
9.360323;50.296894;2975838284;"CC_BY_4_0";"";"HUMAN_OBSERVATION";2020;8;5;9;"Impatiens";"glandulifera";2891770
8.409633;50.075798;2975834004;"CC_BY_4_0";"";"HUMAN_OBSERVATION";2020;8;4;64;"Impatiens";"glandulifera";2891770
9.401022;50.266582;2975822233;"CC_BY_4_0";"";"HUMAN_OBSERVATION";2020;9;4;NA;"Impatiens";"glandulifera";2891770
10.014227;50.515295;2975821428;"CC_BY_4_0";"";"HUMAN_OBSERVATION";2020;8;28;5;"Impatiens";"glandulifera";2891770
9.419393;51.308374;2975804135;"CC_BY_4_0";"";"HUMAN_OBSERVATION";2020;7;15;NA;"Impatiens";"glandulifera";2891770
9.601406;50.806325;2975761236;"CC_BY_4_0";"";"HUMAN_OBSERVATION";2020;8;19;50;"Impatiens";"glandulifera";2891770
8.763572;50.774074;2975750155;"CC_BY_4_0";"";"HUMAN_OBSERVATION";2020;7;12;66;"Impatiens";"glandulifera";2891770
9.546952;50.615278;2975746884;"CC_BY_4_0";"";"HUMAN_OBSERVATION";2020;7;10;15;"Impatiens";"glandulifera";2891770
9.640104;51.418511;2975723278;"CC_BY_4_0";"";"HUMAN_OBSERVATION";2020;7;26;3;"Impatiens";"glandulifera";2891770
8.517384;50.910832;2975722964;"CC_BY_4_0";"";"HUMAN_OBSERVATION";2020;7;25;NA;"Impatiens";"glandulifera";2891770
8.379667;50.558806;2975671673;"CC_BY_4_0";"";"HUMAN_OBSERVATION";2020;7;5;16;"Impatiens";"glandulifera";2891770
8.775245;49.771737;2975633394;"CC_BY_4_0";"";"HUMAN_OBSERVATION";2020;7;26;6;"Impatiens";"glandulifera";2891770
8.207265;50.156227;2975587538;"CC_BY_4_0";"";"HUMAN_OBSERVATION";2020;8;15;NA;"Impatiens";"glandulifera";2891770
8.996663;51.366038;2975513189;"CC_BY_4_0";"";"HUMAN_OBSERVATION";2020;9;4;48;"Impatiens";"glandulifera";2891770
8.798567;50.056149;2974642783;"CC_BY_4_0";"";"HUMAN_OBSERVATION";2020;8;16;NA;"Impatiens";"glandulifera";2891770
8.87044;49.974211;2974610869;"CC_BY_4_0";"";"HUMAN_OBSERVATION";2020;8;16;NA;"Impatiens";"glandulifera";2891770
9.978611;51.263889;2974587140;"CC_BY_4_0";"";"HUMAN_OBSERVATION";2020;6;28;NA;"Impatiens";"glandulifera";2891770
8.655123;49.704174;2974454328;"CC_BY_4_0";"";"HUMAN_OBSERVATION";2020;10;3;3;"Impatiens";"glandulifera";2891770
9.590881;51.487855;2974420779;"CC_BY_4_0";"";"HUMAN_OBSERVATION";2020;8;31;NA;"Impatiens";"glandulifera";2891770
8.710373;50.804222;2974416618;"CC_BY_4_0";"";"HUMAN_OBSERVATION";2020;8;6;NA;"Impatiens";"glandulifera";2891770
9.864167;50.615278;2974409784;"CC_BY_4_0";"";"HUMAN_OBSERVATION";2020;8;15;NA;"Impatiens";"glandulifera";2891770
9.425982;51.317005;2974402859;"CC_BY_4_0";"";"HUMAN_OBSERVATION";2020;7;15;NA;"Impatiens";"glandulifera";2891770
9.030838;50.018547;2974401138;"CC_BY_4_0";"";"HUMAN_OBSERVATION";2020;7;14;NA;"Impatiens";"glandulifera";2891770
9.286457;51.269016;2974394279;"CC_BY_4_0";"";"HUMAN_OBSERVATION";2020;7;10;48;"Impatiens";"glandulifera";2891770
8.515493;50.366085;2974275683;"CC_BY_4_0";"";"HUMAN_OBSERVATION";2019;8;25;11;"Impatiens";"glandulifera";2891770
9.69364;51.18862;2974258329;"CC_BY_4_0";"";"HUMAN_OBSERVATION";2016;7;26;NA;"Impatiens";"glandulifera";2891770
8.334522;50.150722;2901686032;"CC_BY_NC_4_0";"iNaturalist";"HUMAN_OBSERVATION";2020;10;18;5;"Impatiens";"glandulifera";2891770
8.614669;50.174898;2874017708;"CC_BY_NC_4_0";"iNaturalist";"HUMAN_OBSERVATION";2020;9;29;899;"Impatiens";"glandulifera";2891770
8.11982;50.059514;2868212870;"CC_BY_NC_4_0";"iNaturalist";"HUMAN_OBSERVATION";2020;9;19;16;"Impatiens";"glandulifera";2891770
8.716792;50.572979;2868111566;"CC0_1_0";"iNaturalist";"HUMAN_OBSERVATION";2020;9;18;10;"Impatiens";"glandulifera";2891770
8.694881;50.183514;2864777185;"CC_BY_4_0";"iNaturalist";"HUMAN_OBSERVATION";2020;9;13;NA;"Impatiens";"glandulifera";2891770
8.989537;51.38047;2862369807;"CC_BY_NC_4_0";"iNaturalist";"HUMAN_OBSERVATION";2020;9;6;NA;"Impatiens";"glandulifera";2891770
8.577177;49.658669;2862346004;"CC_BY_4_0";"iNaturalist";"HUMAN_OBSERVATION";2020;9;6;31;"Impatiens";"glandulifera";2891770
8.92943;50.251484;2856523736;"CC_BY_NC_4_0";"iNaturalist";"HUMAN_OBSERVATION";2020;8;22;8;"Impatiens";"glandulifera";2891770
8.824773;49.769664;2856553750;"CC_BY_NC_4_0";"iNaturalist";"HUMAN_OBSERVATION";2020;8;22;30;"Impatiens";"glandulifera";2891770
9.503078;51.560214;2856508824;"CC_BY_NC_4_0";"iNaturalist";"HUMAN_OBSERVATION";2020;8;22;504;"Impatiens";"glandulifera";2891770
9.452926;50.8442;2838468316;"CC_BY_NC_4_0";"";"HUMAN_OBSERVATION";2011;8;15;10;"Impatiens";"glandulifera";2891770
8.580563;50.016941;2826207073;"CC_BY_NC_4_0";"iNaturalist";"HUMAN_OBSERVATION";2020;7;26;76;"Impatiens";"glandulifera";2891770
8.731406;50.727082;2823345987;"CC_BY_NC_4_0";"iNaturalist";"HUMAN_OBSERVATION";2020;7;19;10;"Impatiens";"glandulifera";2891770
8.248772;50.124611;2823265074;"CC_BY_NC_4_0";"iNaturalist";"HUMAN_OBSERVATION";2020;7;17;8;"Impatiens";"glandulifera";2891770
8.452608;50.101261;2823251640;"CC_BY_NC_4_0";"iNaturalist";"HUMAN_OBSERVATION";2020;7;17;6;"Impatiens";"glandulifera";2891770
8.488307;49.581803;2818751609;"CC_BY_NC_4_0";"iNaturalist";"HUMAN_OBSERVATION";2020;7;10;20;"Impatiens";"glandulifera";2891770
9.04;49.87;2812173621;"CC_BY_4_0";"BFL";"HUMAN_OBSERVATION";1998;NA;NA;NA;"Impatiens";"glandulifera";2891770
8.773247;50.843611;2802934968;"CC0_1_0";"iNaturalist";"HUMAN_OBSERVATION";2020;6;12;NA;"Impatiens";"glandulifera";2891770
8.885557;50.238089;2650006387;"CC_BY_4_0";"";"HUMAN_OBSERVATION";2019;10;3;10;"Impatiens";"glandulifera";2891770
9.24461;51.06612;2649922398;"CC_BY_4_0";"";"HUMAN_OBSERVATION";2019;10;6;NA;"Impatiens";"glandulifera";2891770
8.064671;50.389753;2649903798;"CC_BY_4_0";"";"HUMAN_OBSERVATION";2019;10;10;20;"Impatiens";"glandulifera";2891770
8.215998;50.278966;2649848035;"CC_BY_4_0";"";"HUMAN_OBSERVATION";2019;9;18;12;"Impatiens";"glandulifera";2891770
8.735431;50.472264;2649832001;"CC_BY_4_0";"";"HUMAN_OBSERVATION";2019;9;25;8;"Impatiens";"glandulifera";2891770
8.461309;50.471672;2649798218;"CC_BY_4_0";"";"HUMAN_OBSERVATION";2019;8;20;NA;"Impatiens";"glandulifera";2891770
8.923846;49.45385;2649794341;"CC_BY_4_0";"";"HUMAN_OBSERVATION";2019;9;28;NA;"Impatiens";"glandulifera";2891770
9.013889;51.335278;2649754039;"CC_BY_4_0";"";"HUMAN_OBSERVATION";2019;8;29;NA;"Impatiens";"glandulifera";2891770
8.436694;50.79766;2649748386;"CC_BY_4_0";"";"HUMAN_OBSERVATION";2019;9;11;NA;"Impatiens";"glandulifera";2891770
8.791773;49.540729;2649713660;"CC_BY_4_0";"";"HUMAN_OBSERVATION";2019;10;1;NA;"Impatiens";"glandulifera";2891770
8.431141;50.547019;2649690135;"CC_BY_4_0";"";"HUMAN_OBSERVATION";2019;9;29;15;"Impatiens";"glandulifera";2891770
9.696785;50.468451;2649630628;"CC_BY_4_0";"";"HUMAN_OBSERVATION";2019;8;24;5;"Impatiens";"glandulifera";2891770
9.12381;51.049917;2649629807;"CC_BY_4_0";"";"HUMAN_OBSERVATION";2019;9;7;19;"Impatiens";"glandulifera";2891770
8.615112;50.584126;2649626645;"CC_BY_4_0";"";"HUMAN_OBSERVATION";2019;8;3;19;"Impatiens";"glandulifera";2891770
8.84174;50.108855;2649626431;"CC_BY_4_0";"";"HUMAN_OBSERVATION";2019;8;2;NA;"Impatiens";"glandulifera";2891770
9.55488;51.276184;2649622584;"CC_BY_4_0";"";"HUMAN_OBSERVATION";2019;8;19;NA;"Impatiens";"glandulifera";2891770
9.316547;50.156484;2649557312;"CC_BY_4_0";"";"HUMAN_OBSERVATION";2019;8;18;48;"Impatiens";"glandulifera";2891770
9.715305;50.689509;2649521141;"CC_BY_4_0";"";"HUMAN_OBSERVATION";2019;8;24;4;"Impatiens";"glandulifera";2891770
9.312829;51.23503;2649509684;"CC_BY_4_0";"";"HUMAN_OBSERVATION";2019;9;10;95;"Impatiens";"glandulifera";2891770
9.481693;51.577142;2649495872;"CC_BY_4_0";"";"HUMAN_OBSERVATION";2019;8;20;30;"Impatiens";"glandulifera";2891770
9.669599;50.852335;2649457322;"CC_BY_4_0";"";"HUMAN_OBSERVATION";2019;8;23;2;"Impatiens";"glandulifera";2891770
8.919977;50.241771;2649449769;"CC_BY_4_0";"";"HUMAN_OBSERVATION";2019;8;4;12;"Impatiens";"glandulifera";2891770
9.056251;51.138763;2649440965;"CC_BY_4_0";"";"HUMAN_OBSERVATION";2019;7;26;64;"Impatiens";"glandulifera";2891770
8.949426;50.449;2646115600;"CC_BY_4_0";"";"HUMAN_OBSERVATION";2019;8;15;12;"Impatiens";"glandulifera";2891770
8.60477;50.344273;2649414742;"CC_BY_4_0";"";"HUMAN_OBSERVATION";2019;8;8;NA;"Impatiens";"glandulifera";2891770
8.703611;50.687222;2649401586;"CC_BY_4_0";"";"HUMAN_OBSERVATION";2019;7;15;NA;"Impatiens";"glandulifera";2891770
9.664686;51.29115;2649374907;"CC_BY_4_0";"";"HUMAN_OBSERVATION";2019;8;21;26;"Impatiens";"glandulifera";2891770
9.380372;51.024237;2649329585;"CC_BY_4_0";"";"HUMAN_OBSERVATION";2019;7;21;NA;"Impatiens";"glandulifera";2891770
8.735063;49.968586;2649323037;"CC_BY_4_0";"";"HUMAN_OBSERVATION";2019;9;9;NA;"Impatiens";"glandulifera";2891770
8.140278;50.083889;2649322955;"CC_BY_4_0";"";"HUMAN_OBSERVATION";2019;9;8;NA;"Impatiens";"glandulifera";2891770
10.003333;50.886389;2649305476;"CC_BY_4_0";"";"HUMAN_OBSERVATION";2019;9;22;NA;"Impatiens";"glandulifera";2891770
9.592778;51.315556;2649303921;"CC_BY_4_0";"";"HUMAN_OBSERVATION";2019;8;11;NA;"Impatiens";"glandulifera";2891770
8.331389;50.151667;2649303786;"CC_BY_4_0";"";"HUMAN_OBSERVATION";2019;8;10;NA;"Impatiens";"glandulifera";2891770
8.882524;50.078794;2649210149;"CC_BY_4_0";"";"HUMAN_OBSERVATION";2019;7;14;96;"Impatiens";"glandulifera";2891770
8.866111;49.4125;2649236562;"CC_BY_4_0";"";"HUMAN_OBSERVATION";2019;8;18;NA;"Impatiens";"glandulifera";2891770
9.522345;51.625253;2649220637;"CC_BY_4_0";"";"HUMAN_OBSERVATION";2019;9;2;12;"Impatiens";"glandulifera";2891770
8.124247;50.678075;2649211381;"CC_BY_4_0";"";"HUMAN_OBSERVATION";2019;7;20;NA;"Impatiens";"glandulifera";2891770
9.655253;51.29781;2649204709;"CC_BY_4_0";"";"HUMAN_OBSERVATION";2019;8;22;12;"Impatiens";"glandulifera";2891770
8.524941;50.911846;2649174357;"CC_BY_4_0";"";"HUMAN_OBSERVATION";2019;8;14;28;"Impatiens";"glandulifera";2891770
9.568333;50.827778;2649152154;"CC_BY_4_0";"";"HUMAN_OBSERVATION";2019;9;12;NA;"Impatiens";"glandulifera";2891770
8.659291;49.76222;2649115280;"CC_BY_4_0";"";"HUMAN_OBSERVATION";2019;8;14;NA;"Impatiens";"glandulifera";2891770
8.394375;50.376773;2649110328;"CC_BY_4_0";"";"HUMAN_OBSERVATION";2019;8;22;5;"Impatiens";"glandulifera";2891770
9.859565;50.47754;2649097821;"CC_BY_4_0";"";"HUMAN_OBSERVATION";2019;9;1;11;"Impatiens";"glandulifera";2891770
8.708453;49.807201;2649061035;"CC_BY_4_0";"";"HUMAN_OBSERVATION";2019;8;7;NA;"Impatiens";"glandulifera";2891770
9.813889;50.556111;2649056243;"CC_BY_4_0";"";"HUMAN_OBSERVATION";2019;8;9;NA;"Impatiens";"glandulifera";2891770
8.612573;51.315257;2649040841;"CC_BY_4_0";"";"HUMAN_OBSERVATION";2019;9;15;5;"Impatiens";"glandulifera";2891770
9.159235;50.176291;2649016652;"CC_BY_4_0";"";"HUMAN_OBSERVATION";2019;8;3;3;"Impatiens";"glandulifera";2891770
8.842212;49.404702;2648989602;"CC_BY_4_0";"";"HUMAN_OBSERVATION";2019;6;20;922;"Impatiens";"glandulifera";2891770
8.679807;50.252153;2648968428;"CC_BY_4_0";"";"HUMAN_OBSERVATION";2019;7;24;9;"Impatiens";"glandulifera";2891770
8.83004;50.108915;2648903974;"CC_BY_4_0";"";"HUMAN_OBSERVATION";2019;8;5;3;"Impatiens";"glandulifera";2891770
8.979905;50.289123;2648872892;"CC_BY_4_0";"";"HUMAN_OBSERVATION";2019;8;25;65;"Impatiens";"glandulifera";2891770
8.038975;50.135043;2648725477;"CC_BY_4_0";"";"HUMAN_OBSERVATION";2019;8;4;3;"Impatiens";"glandulifera";2891770
8.527641;50.357868;2648722210;"CC_BY_4_0";"";"HUMAN_OBSERVATION";2019;7;19;NA;"Impatiens";"glandulifera";2891770
8.966739;51.19874;2648692891;"CC_BY_4_0";"";"HUMAN_OBSERVATION";2019;7;16;4;"Impatiens";"glandulifera";2891770
9.736419;50.834339;2648522724;"CC_BY_4_0";"";"HUMAN_OBSERVATION";2019;5;28;65;"Impatiens";"glandulifera";2891770
8.805132;51.054626;2647215515;"CC_BY_4_0";"";"HUMAN_OBSERVATION";2018;9;25;NA;"Impatiens";"glandulifera";2891770
9.211267;50.198947;2647779697;"CC_BY_4_0";"";"HUMAN_OBSERVATION";2018;8;23;NA;"Impatiens";"glandulifera";2891770
8.539497;50.205425;2647726846;"CC_BY_4_0";"";"HUMAN_OBSERVATION";2018;9;3;NA;"Impatiens";"glandulifera";2891770
8.978857;50.055235;2647711326;"CC_BY_4_0";"";"HUMAN_OBSERVATION";2018;8;23;11;"Impatiens";"glandulifera";2891770
9.613042;51.322981;2647708433;"CC_BY_4_0";"";"HUMAN_OBSERVATION";2018;7;1;10;"Impatiens";"glandulifera";2891770
8.658031;49.94717;2647575310;"CC_BY_4_0";"";"HUMAN_OBSERVATION";2018;9;29;NA;"Impatiens";"glandulifera";2891770
9.756156;51.162695;2644187827;"CC_BY_4_0";"";"HUMAN_OBSERVATION";2018;10;20;3;"Impatiens";"glandulifera";2891770
8.694563;50.725313;2647416415;"CC_BY_4_0";"";"HUMAN_OBSERVATION";2018;9;30;NA;"Impatiens";"glandulifera";2891770
9.40225;51.508555;2647361677;"CC_BY_4_0";"";"HUMAN_OBSERVATION";2018;9;20;NA;"Impatiens";"glandulifera";2891770
9.858698;50.484734;2647351967;"CC_BY_4_0";"";"HUMAN_OBSERVATION";2018;9;15;NA;"Impatiens";"glandulifera";2891770
9.100662;51.37538;2647187378;"CC_BY_4_0";"";"HUMAN_OBSERVATION";2018;7;29;12;"Impatiens";"glandulifera";2891770
8.802044;50.073626;2647084976;"CC_BY_4_0";"";"HUMAN_OBSERVATION";2018;6;20;10;"Impatiens";"glandulifera";2891770
9.044855;51.370347;2646737609;"CC_BY_4_0";"";"HUMAN_OBSERVATION";2019;9;18;8;"Impatiens";"glandulifera";2891770
9.804147;51.376552;2646659849;"CC_BY_4_0";"";"HUMAN_OBSERVATION";2019;9;23;65;"Impatiens";"glandulifera";2891770
9.193611;50.4325;2646602304;"CC_BY_4_0";"";"HUMAN_OBSERVATION";2019;9;29;NA;"Impatiens";"glandulifera";2891770
8.981148;49.769096;2646516392;"CC_BY_4_0";"";"HUMAN_OBSERVATION";2019;9;12;39;"Impatiens";"glandulifera";2891770
8.664815;50.261943;2646457944;"CC_BY_4_0";"";"HUMAN_OBSERVATION";2019;9;13;NA;"Impatiens";"glandulifera";2891770
8.607271;50.566402;2646456473;"CC_BY_4_0";"";"HUMAN_OBSERVATION";2019;9;22;18;"Impatiens";"glandulifera";2891770
8.971695;50.099176;2646409545;"CC_BY_4_0";"";"HUMAN_OBSERVATION";2019;9;29;16;"Impatiens";"glandulifera";2891770
8.599859;50.57032;2646359123;"CC_BY_4_0";"";"HUMAN_OBSERVATION";2019;9;4;NA;"Impatiens";"glandulifera";2891770
9.761477;50.989216;2646351607;"CC_BY_4_0";"";"HUMAN_OBSERVATION";2019;9;21;NA;"Impatiens";"glandulifera";2891770
9.191167;50.199162;2646333615;"CC_BY_4_0";"";"HUMAN_OBSERVATION";2019;8;20;NA;"Impatiens";"glandulifera";2891770
8.27186;50.670839;2646323707;"CC_BY_4_0";"";"HUMAN_OBSERVATION";2019;8;9;192;"Impatiens";"glandulifera";2891770
8.7009;50.594612;2646292551;"CC_BY_4_0";"";"HUMAN_OBSERVATION";2019;9;11;32;"Impatiens";"glandulifera";2891770
9.040414;49.815923;2646291989;"CC_BY_4_0";"";"HUMAN_OBSERVATION";2019;8;20;65;"Impatiens";"glandulifera";2891770
8.683062;51.273516;2646283331;"CC_BY_4_0";"";"HUMAN_OBSERVATION";2019;8;2;10;"Impatiens";"glandulifera";2891770
9.498336;51.244018;2646275070;"CC_BY_4_0";"";"HUMAN_OBSERVATION";2019;9;15;19;"Impatiens";"glandulifera";2891770
8.41168;50.760227;2646227915;"CC_BY_4_0";"";"HUMAN_OBSERVATION";2019;8;11;16;"Impatiens";"glandulifera";2891770
8.700786;50.706411;2646214259;"CC_BY_4_0";"";"HUMAN_OBSERVATION";2019;8;6;8;"Impatiens";"glandulifera";2891770
9.238701;50.706804;2646202589;"CC_BY_4_0";"";"HUMAN_OBSERVATION";2019;9;6;NA;"Impatiens";"glandulifera";2891770
8.797082;51.049164;2646194229;"CC_BY_4_0";"";"HUMAN_OBSERVATION";2019;8;13;32;"Impatiens";"glandulifera";2891770
8.702295;49.578025;2646194183;"CC_BY_4_0";"";"HUMAN_OBSERVATION";2019;8;13;11;"Impatiens";"glandulifera";2891770
9.687691;50.33552;2646170679;"CC_BY_4_0";"";"HUMAN_OBSERVATION";2019;8;19;31;"Impatiens";"glandulifera";2891770
8.840535;50.106147;2646169980;"CC_BY_4_0";"";"HUMAN_OBSERVATION";2019;8;2;NA;"Impatiens";"glandulifera";2891770
9.040849;50.129694;2646154348;"CC_BY_4_0";"";"HUMAN_OBSERVATION";2019;7;19;2;"Impatiens";"glandulifera";2891770
9.284775;50.174373;2646107798;"CC_BY_4_0";"";"HUMAN_OBSERVATION";2019;8;21;4;"Impatiens";"glandulifera";2891770
9.222828;50.16657;2646048574;"CC_BY_4_0";"";"HUMAN_OBSERVATION";2019;8;9;128;"Impatiens";"glandulifera";2891770
8.658386;50.581225;2311285175;"CC0_1_0";"iNaturalist";"HUMAN_OBSERVATION";2019;6;26;5;"Impatiens";"glandulifera";2891770
8.965862;50.975312;2645842612;"CC_BY_4_0";"";"HUMAN_OBSERVATION";2019;6;22;10;"Impatiens";"glandulifera";2891770
9.539789;51.286868;2645760998;"CC_BY_4_0";"";"HUMAN_OBSERVATION";2019;7;14;65;"Impatiens";"glandulifera";2891770
8.704659;50.648293;2645760381;"CC_BY_4_0";"";"HUMAN_OBSERVATION";2019;7;13;NA;"Impatiens";"glandulifera";2891770
8.640513;50.858655;2645658212;"CC_BY_4_0";"";"HUMAN_OBSERVATION";2019;8;28;9;"Impatiens";"glandulifera";2891770
9.548565;51.37722;2645463195;"CC_BY_4_0";"";"HUMAN_OBSERVATION";2019;8;10;NA;"Impatiens";"glandulifera";2891770
9.201227;50.446629;2645334449;"CC_BY_4_0";"";"HUMAN_OBSERVATION";2019;5;31;48;"Impatiens";"glandulifera";2891770
8.774609;50.816009;1306587266;"CC_BY_4_0";"iNaturalist";"HUMAN_OBSERVATION";2016;9;6;8;"Impatiens";"glandulifera";2891770
9.811672;51.199363;2644281072;"CC_BY_4_0";"";"HUMAN_OBSERVATION";2018;7;13;NA;"Impatiens";"glandulifera";2891770
9.996712;50.506478;2644221036;"CC_BY_4_0";"";"HUMAN_OBSERVATION";2018;9;3;NA;"Impatiens";"glandulifera";2891770
8.053142;50.090539;2644207029;"CC_BY_4_0";"";"HUMAN_OBSERVATION";2018;9;30;NA;"Impatiens";"glandulifera";2891770
9.420075;51.287017;2644197988;"CC_BY_4_0";"";"HUMAN_OBSERVATION";2018;12;5;NA;"Impatiens";"glandulifera";2891770
9.450492;51.621162;2644111257;"CC_BY_4_0";"";"HUMAN_OBSERVATION";2018;9;25;NA;"Impatiens";"glandulifera";2891770
9.355483;50.271116;2644102865;"CC_BY_4_0";"";"HUMAN_OBSERVATION";2018;8;4;10;"Impatiens";"glandulifera";2891770
8.830722;51.159299;2644093798;"CC_BY_4_0";"";"HUMAN_OBSERVATION";2018;7;28;10;"Impatiens";"glandulifera";2891770
8.986091;50.106441;2644087155;"CC_BY_4_0";"";"HUMAN_OBSERVATION";2018;8;20;NA;"Impatiens";"glandulifera";2891770
8.71232;50.914018;2644024974;"CC_BY_4_0";"";"HUMAN_OBSERVATION";2019;9;7;13;"Impatiens";"glandulifera";2891770
8.558865;50.443524;2643827348;"CC_BY_4_0";"";"HUMAN_OBSERVATION";2019;7;12;5;"Impatiens";"glandulifera";2891770
8.598844;49.741338;2643816513;"CC_BY_4_0";"";"HUMAN_OBSERVATION";2019;7;18;6;"Impatiens";"glandulifera";2891770
8.809167;50.133333;2643560459;"CC_BY_4_0";"";"HUMAN_OBSERVATION";2019;4;30;NA;"Impatiens";"glandulifera";2891770
9.165648;50.210312;2626646780;"CC_BY_NC_4_0";"iNaturalist";"HUMAN_OBSERVATION";2017;8;20;NA;"Impatiens";"glandulifera";2891770
9.593862;51.475902;2626622624;"CC0_1_0";"iNaturalist";"HUMAN_OBSERVATION";2020;5;21;6;"Impatiens";"glandulifera";2891770
9.936719;51.014435;2596193029;"CC_BY_NC_4_0";"iNaturalist";"HUMAN_OBSERVATION";2020;4;1;NA;"Impatiens";"glandulifera";2891770
8.789761;50.845955;2429586650;"CC0_1_0";"iNaturalist";"HUMAN_OBSERVATION";2019;10;13;NA;"Impatiens";"glandulifera";2891770
8.791838;50.847841;2429584173;"CC0_1_0";"iNaturalist";"HUMAN_OBSERVATION";2019;10;13;NA;"Impatiens";"glandulifera";2891770
9.28227;51.255495;2429386145;"CC_BY_NC_4_0";"iNaturalist";"HUMAN_OBSERVATION";2019;10;5;48;"Impatiens";"glandulifera";2891770
8.292228;50.128532;2429383231;"CC_BY_NC_4_0";"iNaturalist";"HUMAN_OBSERVATION";2019;10;5;NA;"Impatiens";"glandulifera";2891770
9.585705;50.760107;2429357041;"CC_BY_NC_4_0";"iNaturalist";"HUMAN_OBSERVATION";2019;8;16;4;"Impatiens";"glandulifera";2891770
8.746413;50.859794;2423207187;"CC0_1_0";"iNaturalist";"HUMAN_OBSERVATION";2019;9;22;NA;"Impatiens";"glandulifera";2891770
9.601001;51.112488;2423021941;"CC0_1_0";"iNaturalist";"HUMAN_OBSERVATION";2019;9;11;NA;"Impatiens";"glandulifera";2891770
9.943891;51.00433;2422999839;"CC_BY_NC_4_0";"iNaturalist";"HUMAN_OBSERVATION";2019;9;10;NA;"Impatiens";"glandulifera";2891770
8.842972;50.9405;2422984633;"CC0_1_0";"iNaturalist";"HUMAN_OBSERVATION";2019;9;8;NA;"Impatiens";"glandulifera";2891770
8.699129;50.644848;2397536791;"CC0_1_0";"iNaturalist";"HUMAN_OBSERVATION";2019;8;24;5;"Impatiens";"glandulifera";2891770
8.432919;50.093869;2397511043;"CC_BY_NC_4_0";"iNaturalist";"HUMAN_OBSERVATION";2019;7;27;352;"Impatiens";"glandulifera";2891770
9.5121;51.028332;237839628;"CC_BY_4_0";"GEO";"HUMAN_OBSERVATION";2009;6;6;NA;"Impatiens";"glandulifera";2891770
8.966045;50.147261;237838945;"CC_BY_4_0";"GEO";"HUMAN_OBSERVATION";2009;6;13;NA;"Impatiens";"glandulifera";2891770
8.651286;50.588578;2366100605;"CC0_1_0";"iNaturalist";"HUMAN_OBSERVATION";2019;8;19;5;"Impatiens";"glandulifera";2891770
9.316025;51.276089;2366064954;"CC_BY_NC_4_0";"iNaturalist";"HUMAN_OBSERVATION";2019;8;17;5;"Impatiens";"glandulifera";2891770
8.662112;50.611313;2350423851;"CC0_1_0";"iNaturalist";"HUMAN_OBSERVATION";2019;8;14;5;"Impatiens";"glandulifera";2891770
9.936243;51.004879;2350423658;"CC_BY_NC_4_0";"iNaturalist";"HUMAN_OBSERVATION";2019;8;14;NA;"Impatiens";"glandulifera";2891770
7.94849;50.034683;2350371490;"CC_BY_NC_4_0";"iNaturalist";"HUMAN_OBSERVATION";2019;8;11;NA;"Impatiens";"glandulifera";2891770
9.928551;51.005844;2350367629;"CC_BY_NC_4_0";"iNaturalist";"HUMAN_OBSERVATION";2019;8;11;NA;"Impatiens";"glandulifera";2891770
8.85383;51.040524;2350345464;"CC0_1_0";"iNaturalist";"HUMAN_OBSERVATION";2019;8;4;NA;"Impatiens";"glandulifera";2891770
9.918885;51.005672;2283203611;"CC_BY_NC_4_0";"iNaturalist";"HUMAN_OBSERVATION";2019;7;7;NA;"Impatiens";"glandulifera";2891770
8.713791;50.650112;2311425034;"CC0_1_0";"iNaturalist";"HUMAN_OBSERVATION";2019;8;1;5;"Impatiens";"glandulifera";2891770
8.72688;50.863152;1891318190;"CC0_1_0";"iNaturalist";"HUMAN_OBSERVATION";2018;8;11;NA;"Impatiens";"glandulifera";2891770
9.455081;51.33972;2273254810;"CC_BY_NC_4_0";"iNaturalist";"HUMAN_OBSERVATION";2019;6;23;7;"Impatiens";"glandulifera";2891770
9.74;50.31;1947215020;"CC_BY_4_0";"BFL";"HUMAN_OBSERVATION";2003;7;5;NA;"Impatiens";"glandulifera";2891770
9.12;49.72;1947213324;"CC_BY_4_0";"BFL";"HUMAN_OBSERVATION";2017;8;8;NA;"Impatiens";"glandulifera";2891770
8.96;50.07;1947213283;"CC_BY_4_0";"BFL";"HUMAN_OBSERVATION";2017;8;26;NA;"Impatiens";"glandulifera";2891770
8.679188;50.907361;1932333390;"CC0_1_0";"iNaturalist";"HUMAN_OBSERVATION";2018;10;21;NA;"Impatiens";"glandulifera";2891770
8.764505;50.862438;1931498602;"CC0_1_0";"iNaturalist";"HUMAN_OBSERVATION";2018;10;7;NA;"Impatiens";"glandulifera";2891770
9.71;50.32;1925625006;"CC_BY_4_0";"LfU";"HUMAN_OBSERVATION";2007;9;12;NA;"Impatiens";"glandulifera";2891770
9.62;50.27;1925269013;"CC_BY_4_0";"LfU";"HUMAN_OBSERVATION";2007;9;20;NA;"Impatiens";"glandulifera";2891770
9.96;50.47;1924401641;"CC_BY_4_0";"LfU";"HUMAN_OBSERVATION";2008;7;17;NA;"Impatiens";"glandulifera";2891770
8.774538;50.870502;1913184308;"CC0_1_0";"iNaturalist";"HUMAN_OBSERVATION";2018;9;6;NA;"Impatiens";"glandulifera";2891770
8.740727;50.865102;1901087557;"CC0_1_0";"iNaturalist";"HUMAN_OBSERVATION";2018;9;4;NA;"Impatiens";"glandulifera";2891770
8.716672;50.862061;1891318055;"CC0_1_0";"iNaturalist";"HUMAN_OBSERVATION";2018;8;11;NA;"Impatiens";"glandulifera";2891770
8.947325;50.955736;1890707030;"CC0_1_0";"iNaturalist";"HUMAN_OBSERVATION";2018;8;5;NA;"Impatiens";"glandulifera";2891770
8.839372;50.89543;1890085003;"CC0_1_0";"iNaturalist";"HUMAN_OBSERVATION";2018;7;29;NA;"Impatiens";"glandulifera";2891770
8.842722;50.911413;1890084855;"CC0_1_0";"iNaturalist";"HUMAN_OBSERVATION";2018;7;29;NA;"Impatiens";"glandulifera";2891770
8.761572;50.866825;1880542194;"CC0_1_0";"iNaturalist";"HUMAN_OBSERVATION";2018;6;22;NA;"Impatiens";"glandulifera";2891770
8.754444;50.848611;1850988061;"CC0_1_0";"iNaturalist";"HUMAN_OBSERVATION";2018;6;14;NA;"Impatiens";"glandulifera";2891770
8.96;50.02;1807841918;"CC_BY_4_0";"BFL";"HUMAN_OBSERVATION";2014;8;11;NA;"Impatiens";"glandulifera";2891770
9.04;49.82;1807841840;"CC_BY_4_0";"BFL";"HUMAN_OBSERVATION";2014;9;2;NA;"Impatiens";"glandulifera";2891770
8.588562;50.073447;172296169;"CC_BY_4_0";"GEO";"HUMAN_OBSERVATION";2008;6;14;NA;"Impatiens";"glandulifera";2891770
8.001051;50.009339;164177103;"CC_BY_4_0";"GEO";"HUMAN_OBSERVATION";2008;6;8;NA;"Impatiens";"glandulifera";2891770
8.54695;50.924382;164177016;"CC_BY_4_0";"GEO";"HUMAN_OBSERVATION";2005;6;12;NA;"Impatiens";"glandulifera";2891770
9.661256;50.540846;164176985;"CC_BY_4_0";"GEO";"HUMAN_OBSERVATION";2005;6;12;NA;"Impatiens";"glandulifera";2891770
8.641549;49.865556;164176945;"CC_BY_4_0";"GEO";"HUMAN_OBSERVATION";2004;6;12;NA;"Impatiens";"glandulifera";2891770
8.475782;50.05681;164176914;"CC_BY_4_0";"GEO";"HUMAN_OBSERVATION";2003;6;12;NA;"Impatiens";"glandulifera";2891770
8.916499;50.13958;164176905;"CC_BY_4_0";"GEO";"HUMAN_OBSERVATION";2001;6;12;NA;"Impatiens";"glandulifera";2891770
8.600407;50.11645;1586141391;"CC_BY_4_0";"iNaturalist";"HUMAN_OBSERVATION";2017;8;6;116;"Impatiens";"glandulifera";2891770
10.04;50.52;1454563596;"CC_BY_4_0";"BFL";"HUMAN_OBSERVATION";2012;6;18;NA;"Impatiens";"glandulifera";2891770
9.04;49.62;1454563505;"CC_BY_4_0";"BFL";"HUMAN_OBSERVATION";2015;9;27;NA;"Impatiens";"glandulifera";2891770
9.314143;51.536761;1037509994;"CC0_1_0";"UDE";"HUMAN_OBSERVATION";2005;NA;NA;NA;"Impatiens";"glandulifera";2891770
9.228878;51.48981;1037507220;"CC0_1_0";"UDE";"HUMAN_OBSERVATION";2005;NA;NA;NA;"Impatiens";"glandulifera";2891770
7.979995;50.00503;5219360426;"CC_BY_NC_4_0";"";"HUMAN_OBSERVATION";2025;7;13;25;"Ailanthus";"altissima";3190653
8.680628;49.870721;3355779305;"CC_BY_NC_4_0";"iNaturalist";"HUMAN_OBSERVATION";2021;9;7;9;"Ailanthus";"altissima";3190653
8.61919;49.782502;5199052810;"CC_BY_4_0";"iNaturalist";"HUMAN_OBSERVATION";2025;6;10;NA;"Ailanthus";"altissima";3190653
8.650103;49.871368;5021381890;"CC_BY_4_0";"NABU|naturgucker";"HUMAN_OBSERVATION";2020;8;7;250;"Ailanthus";"altissima";3190653
8.644775;50.098831;4994417721;"CC_BY_NC_4_0";"iNaturalist";"HUMAN_OBSERVATION";2023;8;18;NA;"Ailanthus";"altissima";3190653
8.659903;50.09847;2366047478;"CC_BY_NC_4_0";"iNaturalist";"HUMAN_OBSERVATION";2019;8;16;9;"Ailanthus";"altissima";3190653
8.634594;50.096716;4534870497;"CC0_1_0";"https://artenfinder.net";"HUMAN_OBSERVATION";2013;9;11;5;"Ailanthus";"altissima";3190653
8.708292;50.113271;2609185991;"CC_BY_4_0";"iNaturalist";"HUMAN_OBSERVATION";2020;4;21;15;"Ailanthus";"altissima";3190653
8.634133;50.12505;5198451421;"CC_BY_NC_4_0";"iNaturalist";"HUMAN_OBSERVATION";2025;6;15;NA;"Ailanthus";"altissima";3190653
8.645116;50.104697;4952457439;"CC_BY_NC_4_0";"iNaturalist";"HUMAN_OBSERVATION";2024;10;2;26;"Ailanthus";"altissima";3190653
8.644711;49.822956;5198331513;"CC_BY_NC_4_0";"iNaturalist";"HUMAN_OBSERVATION";2025;4;26;13;"Ailanthus";"altissima";3190653
8.715274;50.127573;3333375277;"CC_BY_NC_4_0";"iNaturalist";"HUMAN_OBSERVATION";2021;7;27;31;"Ailanthus";"altissima";3190653
8.93988;50.116225;5197895798;"CC_BY_NC_4_0";"";"HUMAN_OBSERVATION";2025;6;22;100;"Ailanthus";"altissima";3190653
8.261892;50.061119;5188154064;"CC_BY_NC_4_0";"iNaturalist";"HUMAN_OBSERVATION";2025;6;9;21;"Ailanthus";"altissima";3190653
8.252859;50.07545;4891861450;"CC_BY_NC_4_0";"iNaturalist";"HUMAN_OBSERVATION";2024;6;10;35;"Ailanthus";"altissima";3190653
8.638971;50.120097;2429368451;"CC_BY_NC_4_0";"iNaturalist";"HUMAN_OBSERVATION";2019;10;4;180;"Ailanthus";"altissima";3190653
8.249845;50.07751;5140777764;"CC_BY_NC_4_0";"iNaturalist";"HUMAN_OBSERVATION";2025;4;28;14;"Ailanthus";"altissima";3190653
8.229629;50.099074;4137761146;"CC_BY_NC_4_0";"iNaturalist";"HUMAN_OBSERVATION";2023;6;24;9;"Ailanthus";"altissima";3190653
8.611768;50.107708;5176796134;"CC_BY_NC_4_0";"iNaturalist";"HUMAN_OBSERVATION";2025;5;31;50;"Ailanthus";"altissima";3190653
8.247795;50.083527;4407522239;"CC_BY_NC_4_0";"iNaturalist";"HUMAN_OBSERVATION";2023;9;3;7;"Ailanthus";"altissima";3190653
8.68252;50.132253;5167580704;"CC_BY_NC_4_0";"iNaturalist";"HUMAN_OBSERVATION";2025;5;15;8;"Ailanthus";"altissima";3190653
8.717435;49.829101;5167078768;"CC_BY_NC_4_0";"iNaturalist";"HUMAN_OBSERVATION";2025;5;22;NA;"Ailanthus";"altissima";3190653
8.291522;50.052642;5166934822;"CC_BY_NC_4_0";"iNaturalist";"HUMAN_OBSERVATION";2025;5;10;11;"Ailanthus";"altissima";3190653
7.957839;49.982521;4891919135;"CC_BY_NC_4_0";"iNaturalist";"HUMAN_OBSERVATION";2024;6;5;NA;"Ailanthus";"altissima";3190653
8.651917;50.09788;5158198648;"CC_BY_NC_4_0";"";"HUMAN_OBSERVATION";2025;5;14;14;"Ailanthus";"altissima";3190653
8.281519;50.007267;5153811162;"CC_BY_NC_4_0";"iNaturalist";"HUMAN_OBSERVATION";2025;4;26;3;"Ailanthus";"altissima";3190653
8.685574;50.085093;5153546895;"CC_BY_NC_4_0";"iNaturalist";"HUMAN_OBSERVATION";2025;5;3;NA;"Ailanthus";"altissima";3190653
8.717401;50.120621;2860154191;"CC_BY_NC_4_0";"iNaturalist";"HUMAN_OBSERVATION";2020;8;31;102;"Ailanthus";"altissima";3190653
8.714236;50.105503;4137654710;"CC_BY_4_0";"iNaturalist";"HUMAN_OBSERVATION";2023;4;28;NA;"Ailanthus";"altissima";3190653
8.71735;50.154072;5140907703;"CC_BY_4_0";"iNaturalist";"HUMAN_OBSERVATION";2025;4;27;NA;"Ailanthus";"altissima";3190653
8.34118;50.058053;5140866099;"CC_BY_NC_4_0";"iNaturalist";"HUMAN_OBSERVATION";2025;4;25;3;"Ailanthus";"altissima";3190653
8.700416;50.133978;5140817701;"CC_BY_NC_4_0";"iNaturalist";"HUMAN_OBSERVATION";2025;4;27;NA;"Ailanthus";"altissima";3190653
8.254332;50.074453;5140804854;"CC_BY_NC_4_0";"iNaturalist";"HUMAN_OBSERVATION";2025;4;28;21;"Ailanthus";"altissima";3190653
8.699515;50.115555;3889270342;"CC0_1_0";"iNaturalist";"HUMAN_OBSERVATION";2022;8;6;18;"Ailanthus";"altissima";3190653
8.707336;50.123837;5020592867;"CC_BY_4_0";"NABU|naturgucker";"HUMAN_OBSERVATION";2021;8;16;250;"Ailanthus";"altissima";3190653
8.63275;49.862356;5140032234;"CC_BY_NC_4_0";"iNaturalist";"HUMAN_OBSERVATION";2025;4;21;190;"Ailanthus";"altissima";3190653
8.633491;49.858689;5134496273;"CC0_1_0";"iNaturalist";"HUMAN_OBSERVATION";2025;4;21;26;"Ailanthus";"altissima";3190653
8.757808;50.095944;5134000398;"CC_BY_NC_4_0";"iNaturalist";"HUMAN_OBSERVATION";2025;4;15;NA;"Ailanthus";"altissima";3190653
8.758;50.102017;5133787501;"CC_BY_NC_4_0";"iNaturalist";"HUMAN_OBSERVATION";2025;4;15;NA;"Ailanthus";"altissima";3190653
8.645442;50.11755;3385006089;"CC_BY_NC_4_0";"iNaturalist";"HUMAN_OBSERVATION";2021;9;24;12;"Ailanthus";"altissima";3190653
8.608042;50.122052;5109852332;"CC_BY_4_0";"";"HUMAN_OBSERVATION";2023;8;20;5;"Ailanthus";"altissima";3190653
8.356438;49.993733;4945847847;"CC0_1_0";"iNaturalist";"HUMAN_OBSERVATION";2024;9;6;NA;"Ailanthus";"altissima";3190653
8.06014;50.02199;3958902859;"CC_BY_4_0";"";"HUMAN_OBSERVATION";2021;7;27;12;"Ailanthus";"altissima";3190653
8.667878;50.10233;2976149765;"CC_BY_4_0";"";"HUMAN_OBSERVATION";2020;7;18;NA;"Ailanthus";"altissima";3190653
8.692974;50.116894;3764505254;"CC_BY_NC_4_0";"iNaturalist";"HUMAN_OBSERVATION";2022;4;28;15;"Ailanthus";"altissima";3190653
8.644588;50.215345;5109168535;"CC_BY_4_0";"";"HUMAN_OBSERVATION";2020;8;16;29;"Ailanthus";"altissima";3190653
8.644178;50.126957;5109149673;"CC_BY_4_0";"";"HUMAN_OBSERVATION";2020;7;21;192;"Ailanthus";"altissima";3190653
8.6973;50.373708;5109121009;"CC_BY_4_0";"";"HUMAN_OBSERVATION";2019;8;6;14;"Ailanthus";"altissima";3190653
8.530944;50.05885;5064042294;"CC_BY_NC_4_0";"iNaturalist";"HUMAN_OBSERVATION";2024;10;18;40;"Ailanthus";"altissima";3190653
8.431653;49.767765;5028595831;"CC_BY_4_0";"NABU|naturgucker";"HUMAN_OBSERVATION";2023;7;15;25;"Ailanthus";"altissima";3190653
8.439125;49.940662;5025718625;"CC_BY_4_0";"NABU|naturgucker";"HUMAN_OBSERVATION";2021;7;25;250;"Ailanthus";"altissima";3190653
8.404541;49.972424;5028388080;"CC_BY_4_0";"NABU|naturgucker";"HUMAN_OBSERVATION";2016;8;14;250;"Ailanthus";"altissima";3190653
8.609926;49.72353;5028291334;"CC_BY_4_0";"NABU|naturgucker";"HUMAN_OBSERVATION";2021;8;20;250;"Ailanthus";"altissima";3190653
8.618878;49.73333;5028068019;"CC_BY_4_0";"NABU|naturgucker";"HUMAN_OBSERVATION";2018;8;19;250;"Ailanthus";"altissima";3190653
8.500435;49.892563;5027683655;"CC_BY_4_0";"NABU|naturgucker";"HUMAN_OBSERVATION";2012;5;17;250;"Ailanthus";"altissima";3190653
8.567791;49.838978;5027359806;"CC_BY_4_0";"NABU|naturgucker";"HUMAN_OBSERVATION";2010;6;27;250;"Ailanthus";"altissima";3190653
8.560281;50.086914;5027303968;"CC_BY_4_0";"NABU|naturgucker";"HUMAN_OBSERVATION";2023;9;30;250;"Ailanthus";"altissima";3190653
8.603793;49.734898;5027162323;"CC_BY_4_0";"NABU|naturgucker";"HUMAN_OBSERVATION";2019;10;31;250;"Ailanthus";"altissima";3190653
8.58897;50.077206;5027111040;"CC_BY_4_0";"NABU|naturgucker";"HUMAN_OBSERVATION";2022;5;17;25;"Ailanthus";"altissima";3190653
8.6324;50.14724;5026968393;"CC_BY_4_0";"NABU|naturgucker";"HUMAN_OBSERVATION";2015;7;16;250;"Ailanthus";"altissima";3190653
8.954115;50.194458;5026804922;"CC_BY_4_0";"NABU|naturgucker";"HUMAN_OBSERVATION";2020;7;11;250;"Ailanthus";"altissima";3190653
8.685185;50.098644;5026266992;"CC_BY_4_0";"NABU|naturgucker";"HUMAN_OBSERVATION";2021;8;19;250;"Ailanthus";"altissima";3190653
8.640275;50.106323;5025731291;"CC_BY_4_0";"NABU|naturgucker";"HUMAN_OBSERVATION";2019;6;18;250;"Ailanthus";"altissima";3190653
8.624063;49.758297;5025530311;"CC_BY_4_0";"NABU|naturgucker";"HUMAN_OBSERVATION";2018;8;7;250;"Ailanthus";"altissima";3190653
8.421436;49.951719;3802733628;"CC_BY_4_0";"iNaturalist";"HUMAN_OBSERVATION";2022;5;25;NA;"Ailanthus";"altissima";3190653
8.449406;49.95116;5025014479;"CC_BY_4_0";"NABU|naturgucker";"HUMAN_OBSERVATION";2023;9;15;25;"Ailanthus";"altissima";3190653
8.761039;50.099197;5025010912;"CC_BY_4_0";"NABU|naturgucker";"HUMAN_OBSERVATION";2021;8;22;250;"Ailanthus";"altissima";3190653
8.445085;50.084248;5024820170;"CC_BY_4_0";"NABU|naturgucker";"HUMAN_OBSERVATION";2023;8;4;250;"Ailanthus";"altissima";3190653
8.550196;50.135326;5024696918;"CC_BY_4_0";"NABU|naturgucker";"HUMAN_OBSERVATION";2018;9;2;250;"Ailanthus";"altissima";3190653
8.453465;50.051849;5024597858;"CC_BY_4_0";"NABU|naturgucker";"HUMAN_OBSERVATION";2019;9;16;250;"Ailanthus";"altissima";3190653
8.32592;49.982689;5024057418;"CC_BY_4_0";"NABU|naturgucker";"HUMAN_OBSERVATION";2016;5;29;250;"Ailanthus";"altissima";3190653
8.661928;50.104931;5015683337;"CC_BY_4_0";"NABU|naturgucker";"HUMAN_OBSERVATION";2016;9;26;25;"Ailanthus";"altissima";3190653
8.600635;49.714985;5023784232;"CC_BY_4_0";"NABU|naturgucker";"HUMAN_OBSERVATION";2021;8;20;250;"Ailanthus";"altissima";3190653
8.625327;49.763531;5023636793;"CC_BY_4_0";"NABU|naturgucker";"HUMAN_OBSERVATION";2022;10;29;250;"Ailanthus";"altissima";3190653
8.611358;49.773369;4935078148;"CC_BY_NC_4_0";"";"HUMAN_OBSERVATION";2024;7;19;1;"Ailanthus";"altissima";3190653
8.926392;50.134884;5023356978;"CC_BY_4_0";"NABU|naturgucker";"HUMAN_OBSERVATION";2017;8;29;250;"Ailanthus";"altissima";3190653
8.546848;49.539356;5021739587;"CC_BY_4_0";"NABU|naturgucker";"HUMAN_OBSERVATION";2017;9;16;250;"Ailanthus";"altissima";3190653
8.561268;49.535904;5021314391;"CC_BY_4_0";"NABU|naturgucker";"HUMAN_OBSERVATION";2017;6;14;250;"Ailanthus";"altissima";3190653
8.879828;49.993919;5021082283;"CC_BY_4_0";"NABU|naturgucker";"HUMAN_OBSERVATION";2015;3;11;250;"Ailanthus";"altissima";3190653
8.60881;49.711987;5021026866;"CC_BY_4_0";"NABU|naturgucker";"HUMAN_OBSERVATION";2021;8;20;250;"Ailanthus";"altissima";3190653
8.591259;49.751465;5020768861;"CC_BY_4_0";"NABU|naturgucker";"HUMAN_OBSERVATION";2021;10;31;250;"Ailanthus";"altissima";3190653
8.712351;50.097626;5020749651;"CC_BY_4_0";"NABU|naturgucker";"HUMAN_OBSERVATION";2011;4;29;250;"Ailanthus";"altissima";3190653
8.632603;49.808379;3333114579;"CC_BY_NC_4_0";"iNaturalist";"HUMAN_OBSERVATION";2021;7;17;65;"Ailanthus";"altissima";3190653
8.600535;50.100159;5020507413;"CC_BY_4_0";"NABU|naturgucker";"HUMAN_OBSERVATION";2018;9;25;250;"Ailanthus";"altissima";3190653
8.656969;49.993851;5019810387;"CC_BY_4_0";"NABU|naturgucker";"HUMAN_OBSERVATION";2021;8;22;250;"Ailanthus";"altissima";3190653
8.371582;49.698727;5019708872;"CC_BY_4_0";"NABU|naturgucker";"HUMAN_OBSERVATION";2013;5;30;250;"Ailanthus";"altissima";3190653
8.649423;50.077018;4408039994;"CC_BY_NC_4_0";"";"HUMAN_OBSERVATION";2023;6;26;64;"Ailanthus";"altissima";3190653
8.673662;50.098489;2977739813;"CC_BY_4_0";"";"HUMAN_OBSERVATION";2020;7;27;65;"Ailanthus";"altissima";3190653
8.627046;49.882381;5017136433;"CC_BY_4_0";"NABU|naturgucker";"HUMAN_OBSERVATION";2018;6;20;250;"Ailanthus";"altissima";3190653
8.694627;50.584476;5016786605;"CC_BY_4_0";"NABU|naturgucker";"HUMAN_OBSERVATION";2013;7;24;250;"Ailanthus";"altissima";3190653
8.632881;50.128803;5016331315;"CC_BY_4_0";"NABU|naturgucker";"HUMAN_OBSERVATION";2016;9;4;250;"Ailanthus";"altissima";3190653
8.823395;50.063972;5016225214;"CC_BY_4_0";"NABU|naturgucker";"HUMAN_OBSERVATION";2019;9;20;250;"Ailanthus";"altissima";3190653
8.62229;49.74197;5015717523;"CC_BY_4_0";"NABU|naturgucker";"HUMAN_OBSERVATION";2018;8;7;250;"Ailanthus";"altissima";3190653
8.629437;49.873013;5015527421;"CC_BY_4_0";"NABU|naturgucker";"HUMAN_OBSERVATION";2021;8;22;250;"Ailanthus";"altissima";3190653
8.932682;50.118408;5015252546;"CC_BY_4_0";"NABU|naturgucker";"HUMAN_OBSERVATION";2021;8;22;250;"Ailanthus";"altissima";3190653
8.618582;49.703068;5015188742;"CC_BY_4_0";"NABU|naturgucker";"HUMAN_OBSERVATION";2021;8;20;250;"Ailanthus";"altissima";3190653
8.635726;50.087523;2429533819;"CC_BY_NC_4_0";"iNaturalist";"HUMAN_OBSERVATION";2019;10;10;30;"Ailanthus";"altissima";3190653
8.582526;49.74432;5014979564;"CC_BY_4_0";"NABU|naturgucker";"HUMAN_OBSERVATION";2023;8;21;250;"Ailanthus";"altissima";3190653
8.599849;49.65707;5014941843;"CC_BY_4_0";"NABU|naturgucker";"HUMAN_OBSERVATION";2014;6;21;250;"Ailanthus";"altissima";3190653
8.567714;49.749737;5014695812;"CC_BY_4_0";"NABU|naturgucker";"HUMAN_OBSERVATION";2007;6;7;250;"Ailanthus";"altissima";3190653
8.625251;50.106792;5013729761;"CC_BY_4_0";"NABU|naturgucker";"HUMAN_OBSERVATION";2018;8;23;250;"Ailanthus";"altissima";3190653
8.547449;49.905415;5013602329;"CC_BY_4_0";"NABU|naturgucker";"HUMAN_OBSERVATION";2012;6;8;250;"Ailanthus";"altissima";3190653
8.558865;50.192123;5013395426;"CC_BY_4_0";"NABU|naturgucker";"HUMAN_OBSERVATION";2009;6;21;250;"Ailanthus";"altissima";3190653
8.385776;49.955914;5013189050;"CC_BY_4_0";"NABU|naturgucker";"HUMAN_OBSERVATION";2010;8;8;250;"Ailanthus";"altissima";3190653
8.633168;50.067856;5012583368;"CC_BY_4_0";"NABU|naturgucker";"HUMAN_OBSERVATION";2016;10;13;250;"Ailanthus";"altissima";3190653
8.499283;50.097756;5008343682;"CC_BY_NC_4_0";"iNaturalist";"HUMAN_OBSERVATION";2024;6;28;25;"Ailanthus";"altissima";3190653
8.66068;50.060963;5006134753;"CC_BY_NC_4_0";"";"HUMAN_OBSERVATION";2024;12;27;3;"Ailanthus";"altissima";3190653
8.520775;50.037369;5005046952;"CC_BY_NC_4_0";"";"HUMAN_OBSERVATION";2024;12;27;2;"Ailanthus";"altissima";3190653
8.509068;50.032703;5005052751;"CC_BY_NC_4_0";"";"HUMAN_OBSERVATION";2024;12;27;3;"Ailanthus";"altissima";3190653
8.68365;50.587229;4953168616;"CC_BY_NC_4_0";"iNaturalist";"HUMAN_OBSERVATION";2024;9;27;4;"Ailanthus";"altissima";3190653
8.681108;50.58598;4875083569;"CC_BY_NC_4_0";"iNaturalist";"HUMAN_OBSERVATION";2024;6;1;2;"Ailanthus";"altissima";3190653
8.652163;50.102428;3383878019;"CC_BY_NC_4_0";"iNaturalist";"HUMAN_OBSERVATION";2021;8;16;836;"Ailanthus";"altissima";3190653
8.997183;50.134039;4993990794;"CC_BY_NC_4_0";"iNaturalist";"HUMAN_OBSERVATION";2021;8;30;7;"Ailanthus";"altissima";3190653
8.616456;49.790495;4986314717;"CC_BY_NC_4_0";"";"HUMAN_OBSERVATION";2024;10;25;4;"Ailanthus";"altissima";3190653
8.089845;50.018995;4978662963;"CC_BY_NC_4_0";"iNaturalist";"HUMAN_OBSERVATION";2024;11;3;9;"Ailanthus";"altissima";3190653
8.121158;50.027325;3859592167;"CC_BY_NC_4_0";"iNaturalist";"HUMAN_OBSERVATION";2022;6;25;16;"Ailanthus";"altissima";3190653
8.686862;50.131886;4978359435;"CC_BY_NC_4_0";"iNaturalist";"HUMAN_OBSERVATION";2024;10;31;3;"Ailanthus";"altissima";3190653
8.686478;50.134586;4978250781;"CC_BY_NC_4_0";"iNaturalist";"HUMAN_OBSERVATION";2024;10;31;4;"Ailanthus";"altissima";3190653
8.69547;50.132992;4978184580;"CC_BY_NC_4_0";"iNaturalist";"HUMAN_OBSERVATION";2024;10;31;5;"Ailanthus";"altissima";3190653
8.719836;50.112281;3759262812;"CC_BY_NC_4_0";"iNaturalist";"HUMAN_OBSERVATION";2022;4;3;15;"Ailanthus";"altissima";3190653
8.70285;50.107653;4973885078;"CC_BY_4_0";"iNaturalist";"HUMAN_OBSERVATION";2024;10;20;NA;"Ailanthus";"altissima";3190653
8.730256;50.064673;4956095680;"CC_BY_NC_4_0";"";"HUMAN_OBSERVATION";2024;8;26;5;"Ailanthus";"altissima";3190653
8.573798;50.141281;4954408289;"CC_BY_NC_4_0";"iNaturalist";"HUMAN_OBSERVATION";2024;10;15;2;"Ailanthus";"altissima";3190653
8.346053;49.97021;4952948993;"CC_BY_NC_4_0";"iNaturalist";"HUMAN_OBSERVATION";2024;10;3;9;"Ailanthus";"altissima";3190653
8.57575;49.841838;4952651432;"CC_BY_NC_4_0";"iNaturalist";"HUMAN_OBSERVATION";2024;9;27;3;"Ailanthus";"altissima";3190653
8.567488;49.841587;4952575897;"CC_BY_NC_4_0";"iNaturalist";"HUMAN_OBSERVATION";2024;9;27;3;"Ailanthus";"altissima";3190653
8.665752;50.11521;3772920439;"CC_BY_4_0";"iNaturalist";"HUMAN_OBSERVATION";2022;5;6;14;"Ailanthus";"altissima";3190653
8.434835;49.947673;4950465116;"CC_BY_4_0";"iNaturalist";"HUMAN_OBSERVATION";2024;9;21;NA;"Ailanthus";"altissima";3190653
8.442955;49.945897;4950292960;"CC_BY_4_0";"iNaturalist";"HUMAN_OBSERVATION";2024;9;21;NA;"Ailanthus";"altissima";3190653
8.685065;50.050405;4950128341;"CC0_1_0";"iNaturalist";"HUMAN_OBSERVATION";2024;9;25;4;"Ailanthus";"altissima";3190653
8.255881;50.101633;4935988974;"CC_BY_NC_4_0";"iNaturalist";"HUMAN_OBSERVATION";2024;8;27;4;"Ailanthus";"altissima";3190653
8.28845;50.009305;4946708580;"CC_BY_NC_4_0";"iNaturalist";"HUMAN_OBSERVATION";2024;9;15;NA;"Ailanthus";"altissima";3190653
8.531987;50.09962;4945912859;"CC_BY_NC_4_0";"iNaturalist";"HUMAN_OBSERVATION";2024;9;4;178;"Ailanthus";"altissima";3190653
8.236728;50.048822;4937160987;"CC_BY_NC_4_0";"iNaturalist";"HUMAN_OBSERVATION";2024;8;21;NA;"Ailanthus";"altissima";3190653
7.969278;49.986017;3860025502;"CC_BY_NC_4_0";"iNaturalist";"HUMAN_OBSERVATION";2022;6;20;32;"Ailanthus";"altissima";3190653
8.593925;49.753437;4935506794;"CC_BY_NC_4_0";"";"HUMAN_OBSERVATION";2024;7;19;1;"Ailanthus";"altissima";3190653
8.602199;49.854656;4935506793;"CC_BY_NC_4_0";"";"HUMAN_OBSERVATION";2024;7;19;1;"Ailanthus";"altissima";3190653
8.593657;49.722729;4935446684;"CC_BY_NC_4_0";"";"HUMAN_OBSERVATION";2024;7;19;1;"Ailanthus";"altissima";3190653
8.634041;49.832745;4933087327;"CC_BY_NC_4_0";"";"HUMAN_OBSERVATION";2024;7;19;1;"Ailanthus";"altissima";3190653
8.595772;49.715492;4935467554;"CC_BY_NC_4_0";"";"HUMAN_OBSERVATION";2024;7;19;1;"Ailanthus";"altissima";3190653
8.600112;49.672405;4933431908;"CC_BY_NC_4_0";"";"HUMAN_OBSERVATION";2024;7;19;4;"Ailanthus";"altissima";3190653
8.589541;49.867016;4933814980;"CC_BY_NC_4_0";"";"HUMAN_OBSERVATION";2024;7;19;1;"Ailanthus";"altissima";3190653
8.62869;49.817966;4933837147;"CC_BY_NC_4_0";"";"HUMAN_OBSERVATION";2024;7;19;1;"Ailanthus";"altissima";3190653
8.609561;49.652901;4933576618;"CC_BY_NC_4_0";"";"HUMAN_OBSERVATION";2024;7;19;1;"Ailanthus";"altissima";3190653
8.624655;49.801765;4935441697;"CC_BY_NC_4_0";"";"HUMAN_OBSERVATION";2024;7;19;1;"Ailanthus";"altissima";3190653
8.604578;49.76862;4935433849;"CC_BY_NC_4_0";"";"HUMAN_OBSERVATION";2024;7;19;1;"Ailanthus";"altissima";3190653
8.612454;49.847847;4933952932;"CC_BY_NC_4_0";"";"HUMAN_OBSERVATION";2024;7;19;1;"Ailanthus";"altissima";3190653
8.590809;49.866112;4931746979;"CC_BY_NC_4_0";"";"HUMAN_OBSERVATION";2024;7;19;1;"Ailanthus";"altissima";3190653
8.633183;49.827049;4934118882;"CC_BY_NC_4_0";"";"HUMAN_OBSERVATION";2024;7;19;1;"Ailanthus";"altissima";3190653
8.535966;50.043377;4935416356;"CC_BY_NC_4_0";"";"HUMAN_OBSERVATION";2024;6;30;4;"Ailanthus";"altissima";3190653
8.600376;50.053;4935388390;"CC_BY_NC_4_0";"";"HUMAN_OBSERVATION";2024;6;30;3;"Ailanthus";"altissima";3190653
8.599239;49.679375;4935318421;"CC_BY_NC_4_0";"";"HUMAN_OBSERVATION";2024;7;19;1;"Ailanthus";"altissima";3190653
8.592688;49.726925;4933590430;"CC_BY_NC_4_0";"";"HUMAN_OBSERVATION";2024;7;19;2;"Ailanthus";"altissima";3190653
8.601355;49.686485;4935325992;"CC_BY_NC_4_0";"";"HUMAN_OBSERVATION";2024;7;19;1;"Ailanthus";"altissima";3190653
8.494695;50.026946;4935346109;"CC_BY_NC_4_0";"";"HUMAN_OBSERVATION";2024;6;30;4;"Ailanthus";"altissima";3190653
8.604157;49.664547;4935330841;"CC_BY_NC_4_0";"";"HUMAN_OBSERVATION";2024;7;19;1;"Ailanthus";"altissima";3190653
8.537744;49.895985;4935325991;"CC_BY_NC_4_0";"";"HUMAN_OBSERVATION";2024;7;19;1;"Ailanthus";"altissima";3190653
8.544244;49.893185;4935325990;"CC_BY_NC_4_0";"";"HUMAN_OBSERVATION";2024;7;19;1;"Ailanthus";"altissima";3190653
8.465901;49.98534;4934965662;"CC_BY_NC_4_0";"";"HUMAN_OBSERVATION";2024;7;19;1;"Ailanthus";"altissima";3190653
8.62651;49.80447;4933045516;"CC_BY_NC_4_0";"";"HUMAN_OBSERVATION";2024;7;19;1;"Ailanthus";"altissima";3190653
8.465207;49.982483;4935236107;"CC_BY_NC_4_0";"";"HUMAN_OBSERVATION";2024;7;19;1;"Ailanthus";"altissima";3190653
8.602896;49.695892;4935231392;"CC_BY_NC_4_0";"";"HUMAN_OBSERVATION";2024;7;19;1;"Ailanthus";"altissima";3190653
8.480931;50.002728;4935211180;"CC_BY_NC_4_0";"";"HUMAN_OBSERVATION";2024;7;19;1;"Ailanthus";"altissima";3190653
8.395906;50.047981;4935165493;"CC_BY_NC_4_0";"";"HUMAN_OBSERVATION";2024;7;19;1;"Ailanthus";"altissima";3190653
8.548786;49.890652;4935155510;"CC_BY_NC_4_0";"";"HUMAN_OBSERVATION";2024;7;19;1;"Ailanthus";"altissima";3190653
8.592295;49.864853;4933431836;"CC_BY_NC_4_0";"";"HUMAN_OBSERVATION";2024;7;19;1;"Ailanthus";"altissima";3190653
8.616975;49.845741;4933727477;"CC_BY_NC_4_0";"";"HUMAN_OBSERVATION";2024;7;19;1;"Ailanthus";"altissima";3190653
8.476851;49.952682;4931863566;"CC_BY_NC_4_0";"";"HUMAN_OBSERVATION";2024;7;19;8;"Ailanthus";"altissima";3190653
8.483999;50.025383;4934168394;"CC_BY_NC_4_0";"";"HUMAN_OBSERVATION";2024;7;19;1;"Ailanthus";"altissima";3190653
8.591905;49.743759;4932540423;"CC_BY_NC_4_0";"";"HUMAN_OBSERVATION";2024;7;19;1;"Ailanthus";"altissima";3190653
8.477551;49.948029;4934084326;"CC_BY_NC_4_0";"";"HUMAN_OBSERVATION";2024;7;19;2;"Ailanthus";"altissima";3190653
8.528232;49.899529;4933758442;"CC_BY_NC_4_0";"";"HUMAN_OBSERVATION";2024;7;19;2;"Ailanthus";"altissima";3190653
8.471472;49.962551;4933631496;"CC_BY_NC_4_0";"";"HUMAN_OBSERVATION";2024;7;19;1;"Ailanthus";"altissima";3190653
8.596845;49.760277;4931432537;"CC_BY_NC_4_0";"";"HUMAN_OBSERVATION";2024;7;19;1;"Ailanthus";"altissima";3190653
8.34114;50.121868;4933548243;"CC_BY_NC_4_0";"";"HUMAN_OBSERVATION";2024;7;19;1;"Ailanthus";"altissima";3190653
8.62555;49.84206;4933535022;"CC_BY_NC_4_0";"";"HUMAN_OBSERVATION";2024;7;19;1;"Ailanthus";"altissima";3190653
8.498957;49.926731;4933431837;"CC_BY_NC_4_0";"";"HUMAN_OBSERVATION";2024;7;19;1;"Ailanthus";"altissima";3190653
8.633495;49.834583;4933414622;"CC_BY_NC_4_0";"";"HUMAN_OBSERVATION";2024;7;19;1;"Ailanthus";"altissima";3190653
8.631272;49.838028;4933339051;"CC_BY_NC_4_0";"";"HUMAN_OBSERVATION";2024;7;19;1;"Ailanthus";"altissima";3190653
8.503778;49.923744;4932973568;"CC_BY_NC_4_0";"";"HUMAN_OBSERVATION";2024;7;19;1;"Ailanthus";"altissima";3190653
8.421868;50.039711;4932757091;"CC_BY_NC_4_0";"";"HUMAN_OBSERVATION";2024;7;19;1;"Ailanthus";"altissima";3190653
8.599963;49.682884;4932413084;"CC_BY_NC_4_0";"";"HUMAN_OBSERVATION";2024;7;19;1;"Ailanthus";"altissima";3190653
8.48461;50.00491;4932176498;"CC_BY_NC_4_0";"";"HUMAN_OBSERVATION";2024;7;19;1;"Ailanthus";"altissima";3190653
8.428576;50.037983;4932065191;"CC_BY_NC_4_0";"";"HUMAN_OBSERVATION";2024;7;19;1;"Ailanthus";"altissima";3190653
8.600025;49.7645;4932011983;"CC_BY_NC_4_0";"";"HUMAN_OBSERVATION";2024;7;19;1;"Ailanthus";"altissima";3190653
8.565847;49.879959;4931974718;"CC_BY_NC_4_0";"";"HUMAN_OBSERVATION";2024;7;19;1;"Ailanthus";"altissima";3190653
8.508426;49.918388;4931696666;"CC_BY_NC_4_0";"";"HUMAN_OBSERVATION";2024;7;19;1;"Ailanthus";"altissima";3190653
8.548208;50.098358;3925389460;"CC_BY_NC_4_0";"iNaturalist";"HUMAN_OBSERVATION";2022;10;9;57;"Ailanthus";"altissima";3190653
8.687733;50.565467;4923850117;"CC0_1_0";"iNaturalist";"HUMAN_OBSERVATION";2024;8;13;2;"Ailanthus";"altissima";3190653
8.5682;49.867558;4921861986;"CC_BY_NC_4_0";"iNaturalist";"HUMAN_OBSERVATION";2022;7;12;8;"Ailanthus";"altissima";3190653
8.152932;50.030356;4921577523;"CC_BY_NC_4_0";"iNaturalist";"HUMAN_OBSERVATION";2024;8;5;386;"Ailanthus";"altissima";3190653
8.959033;50.114158;4910992434;"CC_BY_4_0";"iNaturalist";"HUMAN_OBSERVATION";2024;7;21;NA;"Ailanthus";"altissima";3190653
8.212511;50.067785;4910786898;"CC_BY_NC_4_0";"iNaturalist";"HUMAN_OBSERVATION";2024;7;20;14;"Ailanthus";"altissima";3190653
8.61181;50.228496;4910722225;"CC_BY_NC_4_0";"iNaturalist";"HUMAN_OBSERVATION";2024;7;18;4;"Ailanthus";"altissima";3190653
8.261001;50.081327;4908457418;"CC_BY_NC_4_0";"iNaturalist";"HUMAN_OBSERVATION";2024;7;2;10;"Ailanthus";"altissima";3190653
8.710899;50.121705;3998348931;"CC_BY_4_0";"";"HUMAN_OBSERVATION";2022;9;3;11;"Ailanthus";"altissima";3190653
8.245458;50.069578;4904238096;"CC0_1_0";"iNaturalist";"HUMAN_OBSERVATION";2024;7;1;NA;"Ailanthus";"altissima";3190653
8.264854;50.100403;4904087766;"CC_BY_NC_4_0";"iNaturalist";"HUMAN_OBSERVATION";2024;6;29;9;"Ailanthus";"altissima";3190653
8.284367;50.00605;4903809053;"CC_BY_NC_4_0";"iNaturalist";"HUMAN_OBSERVATION";2024;6;24;3;"Ailanthus";"altissima";3190653
8.793033;50.085587;3892630122;"CC_BY_NC_4_0";"iNaturalist";"HUMAN_OBSERVATION";2022;8;15;13;"Ailanthus";"altissima";3190653
8.255045;50.062797;4891744113;"CC_BY_NC_4_0";"iNaturalist";"HUMAN_OBSERVATION";2024;6;6;52;"Ailanthus";"altissima";3190653
8.621013;50.020172;4875580412;"CC_BY_4_0";"iNaturalist";"HUMAN_OBSERVATION";2024;6;3;4;"Ailanthus";"altissima";3190653
8.703647;50.169658;4875215516;"CC_BY_4_0";"iNaturalist";"HUMAN_OBSERVATION";2024;4;29;NA;"Ailanthus";"altissima";3190653
8.761427;50.155831;4875192773;"CC_BY_NC_4_0";"iNaturalist";"HUMAN_OBSERVATION";2024;6;1;19;"Ailanthus";"altissima";3190653
8.653443;49.843417;4875078813;"CC_BY_NC_4_0";"iNaturalist";"HUMAN_OBSERVATION";2023;10;31;4;"Ailanthus";"altissima";3190653
8.11832;50.022798;3998420779;"CC_BY_4_0";"";"HUMAN_OBSERVATION";2022;9;19;24;"Ailanthus";"altissima";3190653
8.351988;50.00975;4863651990;"CC_BY_NC_4_0";"iNaturalist";"HUMAN_OBSERVATION";2024;5;9;4;"Ailanthus";"altissima";3190653
8.672857;50.569014;4067657943;"CC_BY_NC_4_0";"iNaturalist";"HUMAN_OBSERVATION";2022;7;11;1;"Ailanthus";"altissima";3190653
8.667165;50.577115;4062979171;"CC_BY_NC_4_0";"iNaturalist";"HUMAN_OBSERVATION";2022;10;5;32;"Ailanthus";"altissima";3190653
8.329008;50.057497;4596819201;"CC_BY_NC_4_0";"iNaturalist";"HUMAN_OBSERVATION";2023;10;14;9;"Ailanthus";"altissima";3190653
8.681251;49.895063;4525336424;"CC_BY_NC_4_0";"iNaturalist";"HUMAN_OBSERVATION";2023;7;5;17;"Ailanthus";"altissima";3190653
8.575013;49.8701;3953295202;"CC_BY_4_0";"";"HUMAN_OBSERVATION";2020;8;3;15;"Ailanthus";"altissima";3190653
8.655538;49.840862;4519260412;"CC_BY_NC_4_0";"iNaturalist";"HUMAN_OBSERVATION";2023;11;15;8;"Ailanthus";"altissima";3190653
8.688143;50.082501;4519197441;"CC_BY_NC_4_0";"iNaturalist";"HUMAN_OBSERVATION";2023;7;12;5;"Ailanthus";"altissima";3190653
8.621232;49.887479;4519159265;"CC_BY_NC_4_0";"iNaturalist";"HUMAN_OBSERVATION";2023;7;4;10;"Ailanthus";"altissima";3190653
8.503515;50.144099;3874148260;"CC_BY_NC_4_0";"iNaturalist";"HUMAN_OBSERVATION";2022;7;21;2;"Ailanthus";"altissima";3190653
8.341791;50.010012;4462387847;"CC_BY_NC_4_0";"";"HUMAN_OBSERVATION";2021;8;5;25;"Ailanthus";"altissima";3190653
8.321478;50.005209;4461799213;"CC_BY_NC_4_0";"";"HUMAN_OBSERVATION";2021;8;5;25;"Ailanthus";"altissima";3190653
8.577031;50.202547;4461667093;"CC_BY_NC_4_0";"";"HUMAN_OBSERVATION";2023;11;14;NA;"Ailanthus";"altissima";3190653
8.668727;49.889583;4460826620;"CC_BY_NC_4_0";"";"HUMAN_OBSERVATION";2023;10;5;4;"Ailanthus";"altissima";3190653
8.280864;50.034194;4438782688;"CC_BY_NC_4_0";"iNaturalist";"HUMAN_OBSERVATION";2023;7;9;NA;"Ailanthus";"altissima";3190653
8.661672;50.213383;4431173521;"CC_BY_NC_4_0";"iNaturalist";"HUMAN_OBSERVATION";2023;10;11;10;"Ailanthus";"altissima";3190653
8.655387;50.206928;4430721357;"CC_BY_NC_4_0";"iNaturalist";"HUMAN_OBSERVATION";2023;10;11;15;"Ailanthus";"altissima";3190653
8.663288;50.221787;4430703483;"CC_BY_NC_4_0";"iNaturalist";"HUMAN_OBSERVATION";2023;10;11;15;"Ailanthus";"altissima";3190653
8.704445;50.110479;3355502242;"CC_BY_NC_4_0";"iNaturalist";"HUMAN_OBSERVATION";2004;7;6;85;"Ailanthus";"altissima";3190653
8.720711;50.104166;4430555951;"CC_BY_NC_4_0";"iNaturalist";"HUMAN_OBSERVATION";2023;10;14;NA;"Ailanthus";"altissima";3190653
8.677333;50.123981;4420715841;"CC_BY_NC_4_0";"iNaturalist";"HUMAN_OBSERVATION";2023;9;27;35;"Ailanthus";"altissima";3190653
8.57672;49.54511;4417028872;"CC0_1_0";"iNaturalist";"HUMAN_OBSERVATION";2023;9;25;NA;"Ailanthus";"altissima";3190653
8.543032;49.732042;4416888449;"CC0_1_0";"iNaturalist";"HUMAN_OBSERVATION";2023;6;29;NA;"Ailanthus";"altissima";3190653
8.65533;49.865237;4416869642;"CC0_1_0";"iNaturalist";"HUMAN_OBSERVATION";2023;9;20;30;"Ailanthus";"altissima";3190653
8.697349;50.107876;4414425270;"CC_BY_NC_4_0";"iNaturalist";"HUMAN_OBSERVATION";2023;9;18;69;"Ailanthus";"altissima";3190653
8.579435;50.122764;4171445150;"CC_BY_NC_4_0";"iNaturalist";"HUMAN_OBSERVATION";2023;7;27;22;"Ailanthus";"altissima";3190653
8.623087;50.077192;4413839973;"CC_BY_NC_4_0";"iNaturalist";"HUMAN_OBSERVATION";2023;9;8;5;"Ailanthus";"altissima";3190653
8.747972;50.17752;4413815856;"CC_BY_NC_4_0";"iNaturalist";"HUMAN_OBSERVATION";2023;9;7;5;"Ailanthus";"altissima";3190653
8.750362;50.17757;4413799956;"CC_BY_NC_4_0";"iNaturalist";"HUMAN_OBSERVATION";2023;9;7;5;"Ailanthus";"altissima";3190653
8.71575;50.137725;3784785694;"CC_BY_NC_4_0";"iNaturalist";"HUMAN_OBSERVATION";2022;5;17;60;"Ailanthus";"altissima";3190653
8.787242;50.193717;4410709328;"CC_BY_NC_4_0";"";"HUMAN_OBSERVATION";2023;8;19;4;"Ailanthus";"altissima";3190653
7.916039;49.979187;4410642330;"CC_BY_NC_4_0";"";"HUMAN_OBSERVATION";2023;8;12;5;"Ailanthus";"altissima";3190653
8.843958;50.065681;4410327339;"CC_BY_NC_4_0";"";"HUMAN_OBSERVATION";2023;8;7;9;"Ailanthus";"altissima";3190653
8.695047;50.034449;4409773553;"CC_BY_NC_4_0";"";"HUMAN_OBSERVATION";2023;7;30;NA;"Ailanthus";"altissima";3190653
8.618881;49.683663;4409311162;"CC_BY_NC_4_0";"";"HUMAN_OBSERVATION";2023;7;15;17;"Ailanthus";"altissima";3190653
7.961908;49.987506;4014833268;"CC_BY_NC_4_0";"iNaturalist";"HUMAN_OBSERVATION";2022;11;13;13;"Ailanthus";"altissima";3190653
7.933579;49.988708;4408529501;"CC_BY_NC_4_0";"";"HUMAN_OBSERVATION";2023;6;13;6;"Ailanthus";"altissima";3190653
8.649565;50.08579;2862476332;"CC_BY_NC_4_0";"iNaturalist";"HUMAN_OBSERVATION";2020;9;9;64;"Ailanthus";"altissima";3190653
8.637069;49.889906;4408164594;"CC_BY_NC_4_0";"";"HUMAN_OBSERVATION";2023;6;5;6;"Ailanthus";"altissima";3190653
8.632981;50.09547;4408060873;"CC_BY_NC_4_0";"";"HUMAN_OBSERVATION";2023;5;31;122;"Ailanthus";"altissima";3190653
8.680348;50.096154;4102802488;"CC_BY_NC_4_0";"iNaturalist";"HUMAN_OBSERVATION";2023;4;29;8;"Ailanthus";"altissima";3190653
8.499122;50.147175;4405059752;"CC_BY_NC_4_0";"iNaturalist";"HUMAN_OBSERVATION";2023;8;27;2;"Ailanthus";"altissima";3190653
8.792044;50.102806;3859257272;"CC_BY_4_0";"iNaturalist";"HUMAN_OBSERVATION";2022;6;10;NA;"Ailanthus";"altissima";3190653
8.786028;50.097713;3860402829;"CC_BY_NC_4_0";"iNaturalist";"HUMAN_OBSERVATION";2022;6;7;7;"Ailanthus";"altissima";3190653
8.769314;50.100014;3903417557;"CC0_1_0";"iNaturalist";"HUMAN_OBSERVATION";2022;9;8;5;"Ailanthus";"altissima";3190653
8.790409;50.10267;3889169179;"CC0_1_0";"iNaturalist";"HUMAN_OBSERVATION";2022;8;8;8;"Ailanthus";"altissima";3190653
8.250472;50.096403;4177231932;"CC_BY_NC_4_0";"iNaturalist";"HUMAN_OBSERVATION";2023;8;10;23;"Ailanthus";"altissima";3190653
8.662163;49.805398;4171793815;"CC_BY_NC_4_0";"iNaturalist";"HUMAN_OBSERVATION";2023;8;4;10;"Ailanthus";"altissima";3190653
8.280078;50.012158;4171698522;"CC_BY_NC_4_0";"iNaturalist";"HUMAN_OBSERVATION";2023;7;29;25;"Ailanthus";"altissima";3190653
8.559044;49.599322;4171431876;"CC0_1_0";"iNaturalist";"HUMAN_OBSERVATION";2023;7;28;124;"Ailanthus";"altissima";3190653
8.916469;49.817429;4165966985;"CC_BY_NC_4_0";"iNaturalist";"HUMAN_OBSERVATION";2023;7;25;47;"Ailanthus";"altissima";3190653
8.658754;50.088493;2851201532;"CC_BY_NC_4_0";"iNaturalist";"HUMAN_OBSERVATION";2020;8;19;25;"Ailanthus";"altissima";3190653
8.159861;50.037833;3873239618;"CC_BY_NC_4_0";"iNaturalist";"HUMAN_OBSERVATION";2022;7;10;8;"Ailanthus";"altissima";3190653
8.328533;50.079517;4162366534;"CC_BY_NC_4_0";"iNaturalist";"HUMAN_OBSERVATION";2023;7;14;32;"Ailanthus";"altissima";3190653
8.57179;49.549597;4145263860;"CC0_1_0";"iNaturalist";"HUMAN_OBSERVATION";2023;6;30;NA;"Ailanthus";"altissima";3190653
7.917796;49.978729;4159312642;"CC_BY_NC_4_0";"";"HUMAN_OBSERVATION";2023;6;25;8;"Ailanthus";"altissima";3190653
8.655705;50.116457;3772483789;"CC_BY_4_0";"iNaturalist";"HUMAN_OBSERVATION";2022;5;6;35;"Ailanthus";"altissima";3190653
8.791538;50.09883;4153770023;"CC0_1_0";"iNaturalist";"HUMAN_OBSERVATION";2023;7;9;NA;"Ailanthus";"altissima";3190653
8.559308;49.980767;4153377075;"CC_BY_NC_4_0";"iNaturalist";"HUMAN_OBSERVATION";2023;7;5;38;"Ailanthus";"altissima";3190653
8.657482;50.125766;4145373589;"CC_BY_NC_4_0";"iNaturalist";"HUMAN_OBSERVATION";2023;4;29;8;"Ailanthus";"altissima";3190653
8.739634;50.12764;4145242422;"CC_BY_NC_4_0";"iNaturalist";"HUMAN_OBSERVATION";2023;6;29;21;"Ailanthus";"altissima";3190653
8.587411;49.826608;4145188240;"CC0_1_0";"iNaturalist";"HUMAN_OBSERVATION";2023;6;29;488;"Ailanthus";"altissima";3190653
8.777424;50.104807;3873837766;"CC0_1_0";"iNaturalist";"HUMAN_OBSERVATION";2022;7;16;13;"Ailanthus";"altissima";3190653
8.56527;49.988797;4138716136;"CC_BY_NC_4_0";"iNaturalist";"HUMAN_OBSERVATION";2023;6;27;40;"Ailanthus";"altissima";3190653
8.777221;50.108688;4138548719;"CC0_1_0";"iNaturalist";"HUMAN_OBSERVATION";2023;6;21;3;"Ailanthus";"altissima";3190653
8.774935;50.098275;4129912766;"CC0_1_0";"iNaturalist";"HUMAN_OBSERVATION";2023;6;6;NA;"Ailanthus";"altissima";3190653
8.759688;50.110687;3858759459;"CC_BY_NC_4_0";"iNaturalist";"HUMAN_OBSERVATION";2022;6;13;9;"Ailanthus";"altissima";3190653
8.771719;50.097502;4138114340;"CC0_1_0";"iNaturalist";"HUMAN_OBSERVATION";2023;6;19;4;"Ailanthus";"altissima";3190653
8.671326;50.114702;4133866552;"CC_BY_NC_4_0";"iNaturalist";"HUMAN_OBSERVATION";2023;6;9;NA;"Ailanthus";"altissima";3190653
8.66327;50.575435;4075664039;"CC_BY_NC_4_0";"iNaturalist";"HUMAN_OBSERVATION";2023;3;22;10;"Ailanthus";"altissima";3190653
8.662233;50.574247;4062722196;"CC_BY_NC_4_0";"iNaturalist";"HUMAN_OBSERVATION";2022;9;5;34;"Ailanthus";"altissima";3190653
8.883301;50.0254;3999138146;"CC_BY_4_0";"";"HUMAN_OBSERVATION";2022;8;18;17;"Ailanthus";"altissima";3190653
8.901133;50.14399;3999084545;"CC_BY_4_0";"";"HUMAN_OBSERVATION";2022;9;29;32;"Ailanthus";"altissima";3190653
8.659183;49.984681;3998995702;"CC_BY_4_0";"";"HUMAN_OBSERVATION";2022;8;12;12;"Ailanthus";"altissima";3190653
8.615985;49.858889;3998956536;"CC_BY_4_0";"";"HUMAN_OBSERVATION";2022;9;15;10;"Ailanthus";"altissima";3190653
8.927468;50.097236;3998954479;"CC_BY_4_0";"";"HUMAN_OBSERVATION";2022;8;6;48;"Ailanthus";"altissima";3190653
8.639584;49.870314;3998213800;"CC_BY_4_0";"";"HUMAN_OBSERVATION";2022;9;7;5;"Ailanthus";"altissima";3190653
8.649758;49.639863;3998803018;"CC_BY_4_0";"";"HUMAN_OBSERVATION";2022;5;12;8;"Ailanthus";"altissima";3190653
8.23898;50.084033;3998666821;"CC_BY_4_0";"";"HUMAN_OBSERVATION";2022;8;22;9;"Ailanthus";"altissima";3190653
8.803848;50.056504;3998663268;"CC_BY_4_0";"";"HUMAN_OBSERVATION";2022;5;15;12;"Ailanthus";"altissima";3190653
8.672981;49.897286;3998645733;"CC_BY_4_0";"";"HUMAN_OBSERVATION";2022;10;5;14;"Ailanthus";"altissima";3190653
8.798966;50.142292;3998479436;"CC_BY_4_0";"";"HUMAN_OBSERVATION";2022;10;23;21;"Ailanthus";"altissima";3190653
8.900198;50.455541;3998479270;"CC_BY_4_0";"";"HUMAN_OBSERVATION";2022;8;25;9;"Ailanthus";"altissima";3190653
8.584427;49.552704;3998304042;"CC_BY_4_0";"";"HUMAN_OBSERVATION";2022;9;25;110;"Ailanthus";"altissima";3190653
8.669167;50.154167;3998301358;"CC_BY_4_0";"";"HUMAN_OBSERVATION";2022;10;16;10;"Ailanthus";"altissima";3190653
8.464917;50.124703;3998253156;"CC_BY_4_0";"";"HUMAN_OBSERVATION";2022;9;15;25;"Ailanthus";"altissima";3190653
8.688362;50.120186;3959028612;"CC_BY_4_0";"";"HUMAN_OBSERVATION";2022;6;3;18;"Ailanthus";"altissima";3190653
8.980122;50.08396;3998196281;"CC_BY_4_0";"";"HUMAN_OBSERVATION";2022;9;17;12;"Ailanthus";"altissima";3190653
8.638405;49.639848;3998127993;"CC_BY_4_0";"";"HUMAN_OBSERVATION";2022;8;17;6;"Ailanthus";"altissima";3190653
8.933889;50.135833;3998091517;"CC_BY_4_0";"";"HUMAN_OBSERVATION";2022;8;27;NA;"Ailanthus";"altissima";3190653
8.681086;50.226778;3997791439;"CC_BY_4_0";"";"HUMAN_OBSERVATION";2022;8;23;35;"Ailanthus";"altissima";3190653
8.683566;49.982839;3996852540;"CC_BY_NC_4_0";"";"HUMAN_OBSERVATION";2022;8;18;6;"Ailanthus";"altissima";3190653
8.679801;49.983117;3905212442;"CC_BY_NC_4_0";"";"HUMAN_OBSERVATION";2022;8;14;11;"Ailanthus";"altissima";3190653
8.52202;50.021022;3996694965;"CC_BY_NC_4_0";"";"HUMAN_OBSERVATION";2022;6;5;128;"Ailanthus";"altissima";3190653
8.440346;49.993822;3959659572;"CC_BY_4_0";"";"HUMAN_OBSERVATION";2022;7;27;35;"Ailanthus";"altissima";3190653
8.195728;50.047583;3915560272;"CC_BY_NC_4_0";"iNaturalist";"HUMAN_OBSERVATION";2022;9;26;10;"Ailanthus";"altissima";3190653
8.26805;50.087022;3961349792;"CC_BY_NC_4_0";"iNaturalist";"HUMAN_OBSERVATION";2022;10;26;5;"Ailanthus";"altissima";3190653
8.261247;50.088653;3961103771;"CC_BY_NC_4_0";"iNaturalist";"HUMAN_OBSERVATION";2022;10;26;13;"Ailanthus";"altissima";3190653
8.419798;49.98954;3960139703;"CC_BY_4_0";"";"HUMAN_OBSERVATION";2022;6;29;8;"Ailanthus";"altissima";3190653
8.59239;49.546946;3960103531;"CC_BY_4_0";"";"HUMAN_OBSERVATION";2022;7;31;4;"Ailanthus";"altissima";3190653
8.537386;50.149328;3959601376;"CC_BY_4_0";"";"HUMAN_OBSERVATION";2022;6;14;NA;"Ailanthus";"altissima";3190653
8.200551;50.077687;3959574282;"CC_BY_4_0";"";"HUMAN_OBSERVATION";2022;6;22;35;"Ailanthus";"altissima";3190653
8.257278;50.042831;3959112141;"CC_BY_4_0";"";"HUMAN_OBSERVATION";2021;5;27;NA;"Ailanthus";"altissima";3190653
8.636358;50.080636;3384112542;"CC_BY_NC_4_0";"iNaturalist";"HUMAN_OBSERVATION";2021;10;7;6;"Ailanthus";"altissima";3190653
8.99079;50.002782;3958622424;"CC_BY_4_0";"";"HUMAN_OBSERVATION";2021;6;25;14;"Ailanthus";"altissima";3190653
8.84985;49.959028;3958452756;"CC_BY_4_0";"";"HUMAN_OBSERVATION";2021;8;23;23;"Ailanthus";"altissima";3190653
8.944476;50.129518;3958407533;"CC_BY_4_0";"";"HUMAN_OBSERVATION";2020;9;21;10;"Ailanthus";"altissima";3190653
8.621579;50.104125;3958386604;"CC_BY_4_0";"";"HUMAN_OBSERVATION";2020;6;8;NA;"Ailanthus";"altissima";3190653
8.231752;50.068255;3958140435;"CC_BY_4_0";"";"HUMAN_OBSERVATION";2019;7;1;5;"Ailanthus";"altissima";3190653
8.816091;50.120727;3958019029;"CC_BY_4_0";"";"HUMAN_OBSERVATION";2020;4;23;28;"Ailanthus";"altissima";3190653
8.634939;50.164186;3957978468;"CC_BY_4_0";"";"HUMAN_OBSERVATION";2022;7;8;4;"Ailanthus";"altissima";3190653
8.592678;50.086956;3957726305;"CC_BY_4_0";"";"HUMAN_OBSERVATION";2019;7;25;8;"Ailanthus";"altissima";3190653
8.246317;50.056922;3957521934;"CC_BY_4_0";"";"HUMAN_OBSERVATION";2021;7;27;NA;"Ailanthus";"altissima";3190653
8.261503;50.025656;3957469886;"CC_BY_4_0";"";"HUMAN_OBSERVATION";2021;7;25;21;"Ailanthus";"altissima";3190653
8.789831;49.621794;3957280514;"CC_BY_4_0";"";"HUMAN_OBSERVATION";2021;9;6;8;"Ailanthus";"altissima";3190653
8.786216;50.052101;3957261702;"CC_BY_4_0";"";"HUMAN_OBSERVATION";2021;8;9;4;"Ailanthus";"altissima";3190653
8.594727;49.815789;3953384911;"CC_BY_4_0";"";"HUMAN_OBSERVATION";2022;7;16;13;"Ailanthus";"altissima";3190653
8.808337;50.115135;3956755883;"CC_BY_4_0";"";"HUMAN_OBSERVATION";2021;7;19;9;"Ailanthus";"altissima";3190653
8.813927;49.604623;3956736256;"CC_BY_4_0";"";"HUMAN_OBSERVATION";2021;7;4;64;"Ailanthus";"altissima";3190653
8.370195;50.010133;3956713531;"CC_BY_4_0";"";"HUMAN_OBSERVATION";2021;7;11;NA;"Ailanthus";"altissima";3190653
8.645289;50.145067;3956533741;"CC_BY_4_0";"";"HUMAN_OBSERVATION";2018;8;21;17;"Ailanthus";"altissima";3190653
8.840397;50.121783;3956472690;"CC_BY_4_0";"";"HUMAN_OBSERVATION";2022;7;4;12;"Ailanthus";"altissima";3190653
8.494928;49.918291;3956389493;"CC_BY_4_0";"";"HUMAN_OBSERVATION";2017;11;3;8;"Ailanthus";"altissima";3190653
8.911818;50.106325;3956363592;"CC_BY_4_0";"";"HUMAN_OBSERVATION";2022;7;10;5;"Ailanthus";"altissima";3190653
8.495278;50.053056;3956207078;"CC_BY_4_0";"";"HUMAN_OBSERVATION";2021;6;23;NA;"Ailanthus";"altissima";3190653
8.135745;50.029;2977565498;"CC_BY_4_0";"";"HUMAN_OBSERVATION";2020;6;15;65;"Ailanthus";"altissima";3190653
8.706689;50.044389;3956128106;"CC_BY_4_0";"";"HUMAN_OBSERVATION";2019;7;30;5;"Ailanthus";"altissima";3190653
8.677066;50.049829;3955784977;"CC_BY_4_0";"";"HUMAN_OBSERVATION";2021;7;17;65;"Ailanthus";"altissima";3190653
8.563998;50.117837;3955727834;"CC_BY_4_0";"";"HUMAN_OBSERVATION";2021;6;27;NA;"Ailanthus";"altissima";3190653
8.636549;49.880928;3955606491;"CC_BY_4_0";"";"HUMAN_OBSERVATION";2022;7;27;35;"Ailanthus";"altissima";3190653
8.562863;49.860499;3955446745;"CC_BY_4_0";"";"HUMAN_OBSERVATION";2021;6;5;65;"Ailanthus";"altissima";3190653
8.389211;49.899719;3955399690;"CC_BY_4_0";"";"HUMAN_OBSERVATION";2021;7;18;NA;"Ailanthus";"altissima";3190653
8.692782;50.026121;3955360571;"CC_BY_4_0";"";"HUMAN_OBSERVATION";2019;8;9;16;"Ailanthus";"altissima";3190653
8.66397;50.565125;3955004343;"CC_BY_4_0";"";"HUMAN_OBSERVATION";2022;7;2;30;"Ailanthus";"altissima";3190653
8.128132;50.030891;3954810561;"CC_BY_4_0";"";"HUMAN_OBSERVATION";2021;9;8;12;"Ailanthus";"altissima";3190653
8.940795;50.125905;3954635789;"CC_BY_4_0";"";"HUMAN_OBSERVATION";2021;8;28;9;"Ailanthus";"altissima";3190653
9.117328;50.293863;3954505531;"CC_BY_4_0";"";"HUMAN_OBSERVATION";2021;6;27;27;"Ailanthus";"altissima";3190653
8.314181;50.165966;3954274214;"CC_BY_4_0";"";"HUMAN_OBSERVATION";2021;8;7;NA;"Ailanthus";"altissima";3190653
8.730888;50.354342;3953975170;"CC_BY_4_0";"";"HUMAN_OBSERVATION";2021;8;7;15;"Ailanthus";"altissima";3190653
8.80838;50.090511;3953853999;"CC_BY_4_0";"";"HUMAN_OBSERVATION";2020;8;26;NA;"Ailanthus";"altissima";3190653
8.561318;49.648281;3953809425;"CC_BY_4_0";"";"HUMAN_OBSERVATION";2021;10;14;12;"Ailanthus";"altissima";3190653
8.575297;49.865517;3953719579;"CC_BY_4_0";"";"HUMAN_OBSERVATION";2020;10;25;32;"Ailanthus";"altissima";3190653
8.571355;49.642595;3953583705;"CC_BY_4_0";"";"HUMAN_OBSERVATION";2020;9;28;65;"Ailanthus";"altissima";3190653
8.643042;49.705792;3953431160;"CC_BY_4_0";"";"HUMAN_OBSERVATION";2021;9;12;4;"Ailanthus";"altissima";3190653
8.736259;50.362119;3953352686;"CC_BY_4_0";"";"HUMAN_OBSERVATION";2021;8;28;21;"Ailanthus";"altissima";3190653
8.562144;50.178143;3953163406;"CC_BY_4_0";"";"HUMAN_OBSERVATION";2022;6;19;1;"Ailanthus";"altissima";3190653
8.530726;50.545983;3953106977;"CC_BY_4_0";"";"HUMAN_OBSERVATION";2022;6;9;16;"Ailanthus";"altissima";3190653
8.616577;50.110382;3952256624;"CC_BY_4_0";"";"HUMAN_OBSERVATION";2021;10;17;19;"Ailanthus";"altissima";3190653
8.8957;50.011664;2648408979;"CC_BY_4_0";"";"HUMAN_OBSERVATION";2019;5;18;64;"Ailanthus";"altissima";3190653
8.754125;50.126606;3952406107;"CC_BY_4_0";"";"HUMAN_OBSERVATION";2019;7;5;65;"Ailanthus";"altissima";3190653
8.370493;49.966467;3952369798;"CC_BY_4_0";"";"HUMAN_OBSERVATION";2019;7;11;10;"Ailanthus";"altissima";3190653
8.082759;50.047048;3952231972;"CC_BY_4_0";"";"HUMAN_OBSERVATION";2020;8;4;NA;"Ailanthus";"altissima";3190653
8.232131;50.088567;3951773311;"CC_BY_4_0";"";"HUMAN_OBSERVATION";2021;6;8;NA;"Ailanthus";"altissima";3190653
8.592629;49.802081;3951623513;"CC_BY_4_0";"";"HUMAN_OBSERVATION";2022;6;5;15;"Ailanthus";"altissima";3190653
8.606047;50.046314;3951499937;"CC_BY_4_0";"";"HUMAN_OBSERVATION";2017;7;14;NA;"Ailanthus";"altissima";3190653
8.233739;50.038077;3949020540;"CC_BY_4_0";"";"HUMAN_OBSERVATION";2020;7;10;NA;"Ailanthus";"altissima";3190653
8.017818;49.997609;3947205910;"CC_BY_NC_4_0";"iNaturalist";"HUMAN_OBSERVATION";2022;10;6;15;"Ailanthus";"altissima";3190653
8.772514;50.091169;3903384880;"CC0_1_0";"iNaturalist";"HUMAN_OBSERVATION";2022;9;8;9;"Ailanthus";"altissima";3190653
8.678449;50.113406;3912238819;"CC_BY_NC_4_0";"iNaturalist";"HUMAN_OBSERVATION";2022;9;20;65;"Ailanthus";"altissima";3190653
8.557759;50.089825;3307475555;"CC_BY_NC_4_0";"iNaturalist";"HUMAN_OBSERVATION";2021;6;14;6;"Ailanthus";"altissima";3190653
7.958345;49.982778;3925220442;"CC_BY_NC_4_0";"iNaturalist";"HUMAN_OBSERVATION";2022;10;9;6;"Ailanthus";"altissima";3190653
8.642967;50.073533;3925194921;"CC_BY_NC_4_0";"iNaturalist";"HUMAN_OBSERVATION";2022;10;6;4;"Ailanthus";"altissima";3190653
8.26445;50.067933;3912434370;"CC_BY_NC_4_0";"iNaturalist";"HUMAN_OBSERVATION";2022;9;19;4;"Ailanthus";"altissima";3190653
8.778298;50.090533;3912251406;"CC0_1_0";"iNaturalist";"HUMAN_OBSERVATION";2022;9;17;7;"Ailanthus";"altissima";3190653
8.619743;50.125162;3912345448;"CC_BY_NC_4_0";"iNaturalist";"HUMAN_OBSERVATION";2022;9;15;2;"Ailanthus";"altissima";3190653
8.262538;50.099036;3903520673;"CC_BY_NC_4_0";"iNaturalist";"HUMAN_OBSERVATION";2022;9;2;5;"Ailanthus";"altissima";3190653
8.561919;50.099119;3902758220;"CC_BY_NC_4_0";"iNaturalist";"HUMAN_OBSERVATION";2022;8;22;4;"Ailanthus";"altissima";3190653
8.612895;50.125231;3902666131;"CC_BY_NC_4_0";"iNaturalist";"HUMAN_OBSERVATION";2022;8;26;4;"Ailanthus";"altissima";3190653
8.155889;50.053597;3902552598;"CC_BY_NC_4_0";"iNaturalist";"HUMAN_OBSERVATION";2022;8;17;4;"Ailanthus";"altissima";3190653
8.124667;50.048742;3902297955;"CC_BY_NC_4_0";"iNaturalist";"HUMAN_OBSERVATION";2022;8;17;6;"Ailanthus";"altissima";3190653
8.942876;50.102608;3889063095;"CC_BY_NC_4_0";"iNaturalist";"HUMAN_OBSERVATION";2022;8;5;63;"Ailanthus";"altissima";3190653
8.707579;50.125018;3881393630;"CC_BY_NC_4_0";"iNaturalist";"HUMAN_OBSERVATION";2022;7;27;28;"Ailanthus";"altissima";3190653
8.76498;50.101985;3873075237;"CC0_1_0";"iNaturalist";"HUMAN_OBSERVATION";2022;7;23;5;"Ailanthus";"altissima";3190653
8.270972;50.081195;3873731723;"CC_BY_NC_4_0";"iNaturalist";"HUMAN_OBSERVATION";2022;7;21;6;"Ailanthus";"altissima";3190653
8.63324;50.068303;3873674696;"CC0_1_0";"iNaturalist";"HUMAN_OBSERVATION";2022;7;16;276;"Ailanthus";"altissima";3190653
8.793016;50.080996;3873541728;"CC_BY_NC_4_0";"iNaturalist";"HUMAN_OBSERVATION";2022;7;10;28;"Ailanthus";"altissima";3190653
8.755599;50.112686;3860194731;"CC_BY_NC_4_0";"iNaturalist";"HUMAN_OBSERVATION";2022;6;14;10;"Ailanthus";"altissima";3190653
8.76597;50.087255;3872962280;"CC_BY_NC_4_0";"iNaturalist";"HUMAN_OBSERVATION";2022;7;9;14;"Ailanthus";"altissima";3190653
8.816652;50.099002;3860529361;"CC_BY_NC_4_0";"iNaturalist";"HUMAN_OBSERVATION";2022;6;12;9;"Ailanthus";"altissima";3190653
8.671628;49.874712;3860461151;"CC_BY_NC_4_0";"iNaturalist";"HUMAN_OBSERVATION";2022;6;10;24;"Ailanthus";"altissima";3190653
8.506461;50.140959;3860459710;"CC_BY_NC_4_0";"iNaturalist";"HUMAN_OBSERVATION";2022;6;14;4;"Ailanthus";"altissima";3190653
8.579412;49.550918;3860422673;"CC0_1_0";"iNaturalist";"HUMAN_OBSERVATION";2022;6;6;NA;"Ailanthus";"altissima";3190653
8.515769;50.163662;3860360725;"CC_BY_NC_4_0";"iNaturalist";"HUMAN_OBSERVATION";2022;5;30;9;"Ailanthus";"altissima";3190653
8.631654;49.856695;3860327374;"CC0_1_0";"iNaturalist";"HUMAN_OBSERVATION";2022;6;12;9;"Ailanthus";"altissima";3190653
8.581485;49.539152;3859861069;"CC0_1_0";"iNaturalist";"HUMAN_OBSERVATION";2022;6;1;NA;"Ailanthus";"altissima";3190653
8.732544;50.104367;2641580731;"CC_BY_4_0";"iNaturalist";"HUMAN_OBSERVATION";2020;6;11;NA;"Ailanthus";"altissima";3190653
8.801007;50.088549;3859589378;"CC_BY_NC_4_0";"iNaturalist";"HUMAN_OBSERVATION";2022;6;12;14;"Ailanthus";"altissima";3190653
8.760151;50.125833;3859478084;"CC_BY_NC_4_0";"iNaturalist";"HUMAN_OBSERVATION";2022;6;10;7;"Ailanthus";"altissima";3190653
8.470088;49.593018;3338142183;"CC_BY_NC_4_0";"iNaturalist";"HUMAN_OBSERVATION";2021;8;15;11;"Ailanthus";"altissima";3190653
8.755906;50.067803;3859177575;"CC_BY_NC_4_0";"iNaturalist";"HUMAN_OBSERVATION";2022;6;5;8;"Ailanthus";"altissima";3190653
8.455177;49.956779;3858913807;"CC_BY_NC_4_0";"iNaturalist";"HUMAN_OBSERVATION";2022;6;15;9;"Ailanthus";"altissima";3190653
8.734015;50.114036;2864813730;"CC_BY_NC_4_0";"iNaturalist";"HUMAN_OBSERVATION";2020;9;11;318;"Ailanthus";"altissima";3190653
8.665817;49.86847;3858302285;"CC_BY_NC_4_0";"iNaturalist";"HUMAN_OBSERVATION";2022;5;27;65;"Ailanthus";"altissima";3190653
8.468596;49.805693;3802273019;"CC_BY_NC_4_0";"iNaturalist";"HUMAN_OBSERVATION";2022;5;22;4;"Ailanthus";"altissima";3190653
8.688988;50.107055;2860132196;"CC_BY_NC_4_0";"iNaturalist";"HUMAN_OBSERVATION";2020;9;1;65;"Ailanthus";"altissima";3190653
8.724219;50.128451;3333106578;"CC_BY_NC_4_0";"iNaturalist";"HUMAN_OBSERVATION";2021;7;20;43;"Ailanthus";"altissima";3190653
8.305517;50.053178;3764482294;"CC_BY_NC_4_0";"iNaturalist";"HUMAN_OBSERVATION";2022;4;28;5;"Ailanthus";"altissima";3190653
8.301239;50.002857;3764478588;"CC_BY_NC_4_0";"iNaturalist";"HUMAN_OBSERVATION";2022;4;23;35;"Ailanthus";"altissima";3190653
8.696454;50.13552;3760382661;"CC_BY_NC_4_0";"iNaturalist";"HUMAN_OBSERVATION";2022;4;20;61;"Ailanthus";"altissima";3190653
8.668187;50.186378;3408070983;"CC_BY_NC_4_0";"iNaturalist";"HUMAN_OBSERVATION";2021;11;1;12;"Ailanthus";"altissima";3190653
8.655162;50.157803;3399425381;"CC_BY_NC_4_0";"iNaturalist";"HUMAN_OBSERVATION";2021;10;18;16;"Ailanthus";"altissima";3190653
8.677038;50.1988;3391659675;"CC_BY_NC_4_0";"iNaturalist";"HUMAN_OBSERVATION";2021;10;7;32;"Ailanthus";"altissima";3190653
8.684769;50.59451;3385160192;"CC0_1_0";"iNaturalist";"HUMAN_OBSERVATION";2021;9;25;16;"Ailanthus";"altissima";3190653
8.495208;49.582682;3384963653;"CC_BY_NC_4_0";"iNaturalist";"HUMAN_OBSERVATION";2021;9;19;9;"Ailanthus";"altissima";3190653
8.631888;50.084564;3384941828;"CC_BY_NC_4_0";"iNaturalist";"HUMAN_OBSERVATION";2021;9;13;32;"Ailanthus";"altissima";3190653
8.667095;50.1309;3384935179;"CC_BY_NC_4_0";"iNaturalist";"HUMAN_OBSERVATION";2021;9;16;5;"Ailanthus";"altissima";3190653
8.635601;50.16769;3384700709;"CC_BY_NC_4_0";"iNaturalist";"HUMAN_OBSERVATION";2021;9;29;11;"Ailanthus";"altissima";3190653
8.672917;50.196438;3384167298;"CC_BY_NC_4_0";"iNaturalist";"HUMAN_OBSERVATION";2021;10;4;65;"Ailanthus";"altissima";3190653
8.342287;49.963928;3355599063;"CC_BY_NC_4_0";"iNaturalist";"HUMAN_OBSERVATION";2021;9;5;9;"Ailanthus";"altissima";3190653
8.660175;50.195162;3355236116;"CC_BY_NC_4_0";"iNaturalist";"HUMAN_OBSERVATION";2021;9;6;6;"Ailanthus";"altissima";3190653
8.719567;50.070431;3355034817;"CC_BY_NC_4_0";"iNaturalist";"HUMAN_OBSERVATION";2021;8;26;32;"Ailanthus";"altissima";3190653
8.637958;50.191413;3338153926;"CC_BY_NC_4_0";"iNaturalist";"HUMAN_OBSERVATION";2021;8;9;24;"Ailanthus";"altissima";3190653
8.418002;49.597307;3330465171;"CC_BY_NC_4_0";"iNaturalist";"HUMAN_OBSERVATION";2021;7;19;9;"Ailanthus";"altissima";3190653
8.450988;50.097772;3327731011;"CC_BY_NC_4_0";"iNaturalist";"HUMAN_OBSERVATION";2021;7;11;49;"Ailanthus";"altissima";3190653
8.748769;50.154682;3325539127;"CC_BY_NC_4_0";"iNaturalist";"HUMAN_OBSERVATION";2021;7;5;31;"Ailanthus";"altissima";3190653
8.768346;50.136648;3320884871;"CC_BY_NC_4_0";"iNaturalist";"HUMAN_OBSERVATION";2021;6;26;78;"Ailanthus";"altissima";3190653
8.606175;50.094433;3124493921;"CC_BY_4_0";"iNaturalist";"HUMAN_OBSERVATION";2021;5;25;NA;"Ailanthus";"altissima";3190653
8.51127;50.083166;2981053671;"CC_BY_NC_4_0";"iNaturalist";"HUMAN_OBSERVATION";2020;10;30;48;"Ailanthus";"altissima";3190653
8.527385;50.106721;2963879774;"CC_BY_NC_4_0";"iNaturalist";"HUMAN_OBSERVATION";2020;10;25;65;"Ailanthus";"altissima";3190653
8.426387;49.661314;2980818706;"CC_BY_NC_4_0";"iNaturalist";"HUMAN_OBSERVATION";2020;10;31;61;"Ailanthus";"altissima";3190653
8.501525;50.101975;2980818250;"CC_BY_NC_4_0";"iNaturalist";"HUMAN_OBSERVATION";2020;11;6;32;"Ailanthus";"altissima";3190653
8.441889;49.992939;2978317311;"CC_BY_4_0";"";"HUMAN_OBSERVATION";2020;9;6;16;"Ailanthus";"altissima";3190653
8.616899;49.865573;2978268332;"CC_BY_4_0";"";"HUMAN_OBSERVATION";2020;8;19;65;"Ailanthus";"altissima";3190653
8.891036;50.221903;2978193054;"CC_BY_4_0";"";"HUMAN_OBSERVATION";2020;9;20;48;"Ailanthus";"altissima";3190653
8.626762;50.150507;2978192493;"CC_BY_4_0";"";"HUMAN_OBSERVATION";2020;9;13;68;"Ailanthus";"altissima";3190653
8.65852;49.884951;2977254378;"CC_BY_4_0";"";"HUMAN_OBSERVATION";2020;5;25;12;"Ailanthus";"altissima";3190653
8.660451;49.878793;2976900342;"CC_BY_4_0";"";"HUMAN_OBSERVATION";2020;6;19;21;"Ailanthus";"altissima";3190653
8.599444;50.125556;2976832921;"CC_BY_4_0";"";"HUMAN_OBSERVATION";2020;5;14;NA;"Ailanthus";"altissima";3190653
8.547218;49.79427;2976025412;"CC_BY_4_0";"";"HUMAN_OBSERVATION";2020;7;21;24;"Ailanthus";"altissima";3190653
8.7331;50.37917;2974446980;"CC_BY_4_0";"";"HUMAN_OBSERVATION";2020;10;18;46;"Ailanthus";"altissima";3190653
8.294929;50.061199;2974367020;"CC_BY_4_0";"";"HUMAN_OBSERVATION";2020;6;25;NA;"Ailanthus";"altissima";3190653
8.520741;50.097243;2963951020;"CC_BY_NC_4_0";"iNaturalist";"HUMAN_OBSERVATION";2020;10;26;19;"Ailanthus";"altissima";3190653
8.505915;50.084972;2963904987;"CC_BY_NC_4_0";"iNaturalist";"HUMAN_OBSERVATION";2020;10;27;12;"Ailanthus";"altissima";3190653
8.62816;50.171858;2813993553;"CC_BY_NC_4_0";"iNaturalist";"HUMAN_OBSERVATION";2020;7;9;17;"Ailanthus";"altissima";3190653
8.513355;50.08858;2901739775;"CC_BY_NC_4_0";"iNaturalist";"HUMAN_OBSERVATION";2020;10;16;19;"Ailanthus";"altissima";3190653
8.523745;50.106044;2883198878;"CC_BY_NC_4_0";"iNaturalist";"HUMAN_OBSERVATION";2020;10;8;16;"Ailanthus";"altissima";3190653
8.689228;50.111706;2873919598;"CC_BY_4_0";"iNaturalist";"HUMAN_OBSERVATION";2020;9;26;NA;"Ailanthus";"altissima";3190653
8.656146;50.124771;2873730689;"CC_BY_NC_4_0";"iNaturalist";"HUMAN_OBSERVATION";2020;9;24;34;"Ailanthus";"altissima";3190653
8.729032;50.119898;2868324358;"CC_BY_NC_4_0";"iNaturalist";"HUMAN_OBSERVATION";2020;9;20;61;"Ailanthus";"altissima";3190653
8.5004;50.154786;2868229778;"CC_BY_NC_4_0";"iNaturalist";"HUMAN_OBSERVATION";2020;9;20;2;"Ailanthus";"altissima";3190653
8.750551;50.149764;2868199845;"CC_BY_NC_4_0";"iNaturalist";"HUMAN_OBSERVATION";2020;9;22;221;"Ailanthus";"altissima";3190653
8.55754;49.643975;2864681597;"CC_BY_NC_4_0";"iNaturalist";"HUMAN_OBSERVATION";2020;9;14;19;"Ailanthus";"altissima";3190653
8.645306;50.165712;2864638824;"CC_BY_NC_4_0";"iNaturalist";"HUMAN_OBSERVATION";2020;9;15;194;"Ailanthus";"altissima";3190653
8.733326;50.122291;2862338500;"CC_BY_NC_4_0";"iNaturalist";"HUMAN_OBSERVATION";2020;8;24;36;"Ailanthus";"altissima";3190653
8.54169;50.103301;2860148058;"CC_BY_NC_4_0";"iNaturalist";"HUMAN_OBSERVATION";2020;8;31;24;"Ailanthus";"altissima";3190653
8.38217;49.648634;2860110049;"CC_BY_NC_4_0";"iNaturalist";"HUMAN_OBSERVATION";2020;8;31;20;"Ailanthus";"altissima";3190653
8.454435;49.613347;2860102641;"CC_BY_NC_4_0";"iNaturalist";"HUMAN_OBSERVATION";2020;8;27;19;"Ailanthus";"altissima";3190653
8.53849;50.102669;2859975019;"CC_BY_NC_4_0";"iNaturalist";"HUMAN_OBSERVATION";2020;8;31;8;"Ailanthus";"altissima";3190653
8.735206;50.147352;2859949248;"CC_BY_NC_4_0";"iNaturalist";"HUMAN_OBSERVATION";2020;9;1;178;"Ailanthus";"altissima";3190653
8.768051;50.131172;2856872509;"CC_BY_NC_4_0";"iNaturalist";"HUMAN_OBSERVATION";2020;8;27;148;"Ailanthus";"altissima";3190653
8.721507;50.133277;2856658402;"CC_BY_NC_4_0";"iNaturalist";"HUMAN_OBSERVATION";2020;8;26;15;"Ailanthus";"altissima";3190653
8.489032;49.581376;2818740626;"CC_BY_NC_4_0";"iNaturalist";"HUMAN_OBSERVATION";2020;7;10;20;"Ailanthus";"altissima";3190653
8.668808;49.908042;2818563777;"CC_BY_NC_4_0";"iNaturalist";"HUMAN_OBSERVATION";2020;7;11;5;"Ailanthus";"altissima";3190653
8.61175;49.879069;2649841143;"CC_BY_4_0";"";"HUMAN_OBSERVATION";2019;10;1;NA;"Ailanthus";"altissima";3190653
8.216232;50.086579;2649754011;"CC_BY_4_0";"";"HUMAN_OBSERVATION";2019;8;29;48;"Ailanthus";"altissima";3190653
8.685594;50.580043;2649490217;"CC_BY_4_0";"";"HUMAN_OBSERVATION";2019;10;13;9;"Ailanthus";"altissima";3190653
8.536167;50.151568;2649174502;"CC_BY_4_0";"";"HUMAN_OBSERVATION";2019;8;14;8;"Ailanthus";"altissima";3190653
9.020228;50.0008;2649077904;"CC_BY_4_0";"";"HUMAN_OBSERVATION";2019;7;18;8;"Ailanthus";"altissima";3190653
8.560665;49.969342;2648769293;"CC_BY_4_0";"";"HUMAN_OBSERVATION";2019;8;13;19;"Ailanthus";"altissima";3190653
8.519321;50.297848;2648584034;"CC_BY_4_0";"";"HUMAN_OBSERVATION";2019;7;27;NA;"Ailanthus";"altissima";3190653
8.245743;50.043208;2647545795;"CC_BY_4_0";"";"HUMAN_OBSERVATION";2018;7;7;NA;"Ailanthus";"altissima";3190653
8.480953;49.752415;2646746002;"CC_BY_4_0";"";"HUMAN_OBSERVATION";2019;11;16;NA;"Ailanthus";"altissima";3190653
8.425927;49.986853;2646694871;"CC_BY_4_0";"";"HUMAN_OBSERVATION";2019;9;19;56;"Ailanthus";"altissima";3190653
8.742543;50.374443;2646378608;"CC_BY_4_0";"";"HUMAN_OBSERVATION";2019;9;1;NA;"Ailanthus";"altissima";3190653
8.946289;50.364395;2645991880;"CC_BY_4_0";"";"HUMAN_OBSERVATION";2019;8;6;NA;"Ailanthus";"altissima";3190653
8.382838;49.632846;2644262462;"CC_BY_4_0";"";"HUMAN_OBSERVATION";2018;9;8;10;"Ailanthus";"altissima";3190653
8.643333;49.872501;2611204496;"CC_BY_NC_4_0";"iNaturalist";"HUMAN_OBSERVATION";2020;4;24;NA;"Ailanthus";"altissima";3190653
8.741692;50.112767;2549996451;"CC_BY_4_0";"iNaturalist";"HUMAN_OBSERVATION";2020;1;5;4;"Ailanthus";"altissima";3190653
8.588451;50.100328;2444970922;"CC_BY_NC_4_0";"iNaturalist";"HUMAN_OBSERVATION";2019;10;21;5;"Ailanthus";"altissima";3190653
8.618355;50.118544;2429421955;"CC_BY_NC_4_0";"iNaturalist";"HUMAN_OBSERVATION";2019;10;7;65;"Ailanthus";"altissima";3190653
8.669819;50.179282;2423114788;"CC_BY_NC_4_0";"iNaturalist";"HUMAN_OBSERVATION";2019;9;17;5;"Ailanthus";"altissima";3190653
8.619643;50.08843;1913168766;"CC_BY_4_0";"iNaturalist";"HUMAN_OBSERVATION";2018;9;8;17;"Ailanthus";"altissima";3190653
8.67896;50.102265;1802619255;"CC_BY_4_0";"iNaturalist";"HUMAN_OBSERVATION";2017;5;5;48;"Ailanthus";"altissima";3190653
8.656783;49.990377;1802612077;"CC_BY_4_0";"iNaturalist";"HUMAN_OBSERVATION";2016;9;16;NA;"Ailanthus";"altissima";3190653
8.65;49.88;1569529857;"CC_BY_4_0";"Basoinsa-Geograma";"HUMAN_OBSERVATION";2015;7;23;NA;"Ailanthus";"altissima";3190653
8.61;49.96;1569529839;"CC_BY_4_0";"Basoinsa-Geograma";"HUMAN_OBSERVATION";2015;7;23;NA;"Ailanthus";"altissima";3190653
8;50.01;1569529830;"CC_BY_4_0";"Basoinsa-Geograma";"HUMAN_OBSERVATION";2015;7;28;NA;"Ailanthus";"altissima";3190653
8.698145;50.084721;1306582253;"CC_BY_4_0";"iNaturalist";"HUMAN_OBSERVATION";2016;9;4;NA;"Ailanthus";"altissima";3190653
9.447065;51.339933;5218910420;"CC_BY_NC_4_0";"";"HUMAN_OBSERVATION";2024;9;28;NA;"Heracleum";"mantegazzianum";3034825
8.752513;50.790108;5188166429;"CC_BY_NC_4_0";"iNaturalist";"HUMAN_OBSERVATION";2025;6;6;5;"Heracleum";"mantegazzianum";3034825
8.550383;49.551248;5188130766;"CC_BY_NC_4_0";"iNaturalist";"HUMAN_OBSERVATION";2025;6;7;22;"Heracleum";"mantegazzianum";3034825
8.73731;50.605776;4903862827;"CC_BY_NC_4_0";"iNaturalist";"HUMAN_OBSERVATION";2024;4;26;8;"Heracleum";"mantegazzianum";3034825
8.653161;49.860061;5168190739;"CC_BY_NC_4_0";"iNaturalist";"HUMAN_OBSERVATION";2025;5;20;NA;"Heracleum";"mantegazzianum";3034825
9.416828;51.122803;5157656330;"CC_BY_4_0";"NABU|naturgucker";"HUMAN_OBSERVATION";2025;5;5;250;"Heracleum";"mantegazzianum";3034825
8.488827;49.960388;5157641517;"CC_BY_4_0";"NABU|naturgucker";"HUMAN_OBSERVATION";2025;5;13;250;"Heracleum";"mantegazzianum";3034825
9.406802;51.315839;5154946522;"CC0_1_0";"iNaturalist";"HUMAN_OBSERVATION";2025;5;4;7;"Heracleum";"mantegazzianum";3034825
8.632118;50.849695;5154356227;"CC0_1_0";"iNaturalist";"HUMAN_OBSERVATION";2025;5;2;5;"Heracleum";"mantegazzianum";3034825
8.698853;50.596387;5154197807;"CC0_1_0";"iNaturalist";"HUMAN_OBSERVATION";2025;5;12;6;"Heracleum";"mantegazzianum";3034825
8.424883;49.933942;5153134969;"CC0_1_0";"iNaturalist";"HUMAN_OBSERVATION";2025;5;9;2;"Heracleum";"mantegazzianum";3034825
8.565019;49.749187;5016278953;"CC_BY_4_0";"NABU|naturgucker";"HUMAN_OBSERVATION";2024;5;14;25;"Heracleum";"mantegazzianum";3034825
8.679153;49.878161;5140833533;"CC_BY_NC_4_0";"iNaturalist";"HUMAN_OBSERVATION";2025;4;28;107;"Heracleum";"mantegazzianum";3034825
8.758764;50.7943;5140434680;"CC_BY_NC_4_0";"iNaturalist";"HUMAN_OBSERVATION";2025;4;26;19;"Heracleum";"mantegazzianum";3034825
9.497344;51.141582;5135611892;"CC_BY_4_0";"NABU|naturgucker";"HUMAN_OBSERVATION";2025;4;24;250;"Heracleum";"mantegazzianum";3034825
8.422369;49.937572;5135496962;"CC_BY_4_0";"NABU|naturgucker";"HUMAN_OBSERVATION";2025;4;5;250;"Heracleum";"mantegazzianum";3034825
8.563198;50.087859;5110055045;"CC_BY_4_0";"";"HUMAN_OBSERVATION";2024;6;23;8;"Heracleum";"mantegazzianum";3034825
8.673299;50.154213;5133910296;"CC_BY_NC_4_0";"iNaturalist";"HUMAN_OBSERVATION";2025;4;15;176;"Heracleum";"mantegazzianum";3034825
8.576455;50.111817;3955702614;"CC_BY_4_0";"";"HUMAN_OBSERVATION";2021;6;6;65;"Heracleum";"mantegazzianum";3034825
9.155091;50.813555;5110226735;"CC_BY_4_0";"";"HUMAN_OBSERVATION";2024;8;30;NA;"Heracleum";"mantegazzianum";3034825
9.524762;51.324638;5110125980;"CC_BY_4_0";"";"HUMAN_OBSERVATION";2024;7;23;5;"Heracleum";"mantegazzianum";3034825
8.812753;51.074396;5110073514;"CC_BY_4_0";"";"HUMAN_OBSERVATION";2024;6;29;4;"Heracleum";"mantegazzianum";3034825
8.696;49.797383;3955865864;"CC_BY_4_0";"";"HUMAN_OBSERVATION";2021;6;13;4;"Heracleum";"mantegazzianum";3034825
9.504817;51.34201;5110037249;"CC_BY_4_0";"";"HUMAN_OBSERVATION";2024;6;12;7;"Heracleum";"mantegazzianum";3034825
9.869509;51.070742;5110024471;"CC_BY_4_0";"";"HUMAN_OBSERVATION";2023;6;22;92;"Heracleum";"mantegazzianum";3034825
8.205484;50.156111;5109618347;"CC_BY_4_0";"";"HUMAN_OBSERVATION";2023;5;11;4;"Heracleum";"mantegazzianum";3034825
8.761231;50.839268;5109517632;"CC_BY_4_0";"";"HUMAN_OBSERVATION";2023;5;19;4;"Heracleum";"mantegazzianum";3034825
8.701776;50.85206;5109508946;"CC_BY_4_0";"";"HUMAN_OBSERVATION";2023;5;17;19;"Heracleum";"mantegazzianum";3034825
9.134284;51.305587;5109286290;"CC_BY_4_0";"";"HUMAN_OBSERVATION";2022;6;2;4;"Heracleum";"mantegazzianum";3034825
8.425219;50.497334;5028620442;"CC_BY_4_0";"NABU|naturgucker";"HUMAN_OBSERVATION";2024;5;5;25;"Heracleum";"mantegazzianum";3034825
8.520498;49.822315;5028603164;"CC_BY_4_0";"NABU|naturgucker";"HUMAN_OBSERVATION";2015;6;7;250;"Heracleum";"mantegazzianum";3034825
8.437179;49.934441;5028470143;"CC_BY_4_0";"NABU|naturgucker";"HUMAN_OBSERVATION";2024;7;1;25;"Heracleum";"mantegazzianum";3034825
8.546677;50.177311;5028396784;"CC_BY_4_0";"NABU|naturgucker";"HUMAN_OBSERVATION";2017;7;27;250;"Heracleum";"mantegazzianum";3034825
8.496367;49.843105;5028296883;"CC_BY_4_0";"NABU|naturgucker";"HUMAN_OBSERVATION";2017;5;13;25;"Heracleum";"mantegazzianum";3034825
9.435711;51.150322;5028171055;"CC_BY_4_0";"NABU|naturgucker";"HUMAN_OBSERVATION";2024;4;24;250;"Heracleum";"mantegazzianum";3034825
8.546099;49.825649;5028013710;"CC_BY_4_0";"NABU|naturgucker";"HUMAN_OBSERVATION";2017;4;29;25;"Heracleum";"mantegazzianum";3034825
8.548624;50.212105;5027838338;"CC_BY_4_0";"NABU|naturgucker";"HUMAN_OBSERVATION";2020;5;6;250;"Heracleum";"mantegazzianum";3034825
8.523762;49.836773;5027361238;"CC_BY_4_0";"NABU|naturgucker";"HUMAN_OBSERVATION";2015;6;28;25;"Heracleum";"mantegazzianum";3034825
9.084921;50.287064;5027533779;"CC_BY_4_0";"NABU|naturgucker";"HUMAN_OBSERVATION";2014;4;9;250;"Heracleum";"mantegazzianum";3034825
8.542091;50.169216;3911974808;"CC_BY_NC_4_0";"iNaturalist";"HUMAN_OBSERVATION";2022;5;18;15;"Heracleum";"mantegazzianum";3034825
8.587234;49.97884;5027195608;"CC_BY_4_0";"NABU|naturgucker";"HUMAN_OBSERVATION";2017;7;9;25;"Heracleum";"mantegazzianum";3034825
8.528233;49.803825;5027103145;"CC_BY_4_0";"NABU|naturgucker";"HUMAN_OBSERVATION";2021;10;4;25;"Heracleum";"mantegazzianum";3034825
8.773956;49.852818;5027059547;"CC_BY_4_0";"NABU|naturgucker";"HUMAN_OBSERVATION";2022;5;13;250;"Heracleum";"mantegazzianum";3034825
9.290573;51.223713;5026949968;"CC_BY_4_0";"NABU|naturgucker";"HUMAN_OBSERVATION";2023;6;29;250;"Heracleum";"mantegazzianum";3034825
9.176866;50.664211;5026877790;"CC_BY_4_0";"NABU|naturgucker";"HUMAN_OBSERVATION";2018;6;26;250;"Heracleum";"mantegazzianum";3034825
9.604888;50.516426;5026804313;"CC_BY_4_0";"NABU|naturgucker";"HUMAN_OBSERVATION";2023;4;27;25;"Heracleum";"mantegazzianum";3034825
8.484449;50.186123;5026802607;"CC_BY_4_0";"NABU|naturgucker";"HUMAN_OBSERVATION";2019;5;13;250;"Heracleum";"mantegazzianum";3034825
8.826427;49.764843;5026433919;"CC_BY_4_0";"NABU|naturgucker";"HUMAN_OBSERVATION";2018;6;28;250;"Heracleum";"mantegazzianum";3034825
8.772411;50.151196;5026334759;"CC_BY_4_0";"NABU|naturgucker";"HUMAN_OBSERVATION";2013;5;4;250;"Heracleum";"mantegazzianum";3034825
9.336319;51.113438;5026301962;"CC_BY_4_0";"NABU|naturgucker";"HUMAN_OBSERVATION";2013;7;21;250;"Heracleum";"mantegazzianum";3034825
8.613153;51.031071;5026300318;"CC_BY_4_0";"NABU|naturgucker";"HUMAN_OBSERVATION";2013;6;19;250;"Heracleum";"mantegazzianum";3034825
8.702107;50.664799;5026272651;"CC_BY_4_0";"NABU|naturgucker";"HUMAN_OBSERVATION";2015;4;15;25;"Heracleum";"mantegazzianum";3034825
9.340745;51.355808;5026188382;"CC_BY_4_0";"NABU|naturgucker";"HUMAN_OBSERVATION";2024;4;14;25;"Heracleum";"mantegazzianum";3034825
8.480757;49.957863;5026123259;"CC_BY_4_0";"NABU|naturgucker";"HUMAN_OBSERVATION";2024;7;30;25;"Heracleum";"mantegazzianum";3034825
8.852921;49.988541;5026119848;"CC_BY_4_0";"NABU|naturgucker";"HUMAN_OBSERVATION";2018;5;27;250;"Heracleum";"mantegazzianum";3034825
8.548874;49.732727;5026094858;"CC_BY_4_0";"NABU|naturgucker";"HUMAN_OBSERVATION";2007;6;9;250;"Heracleum";"mantegazzianum";3034825
8.507893;49.849792;5026080319;"CC_BY_4_0";"NABU|naturgucker";"HUMAN_OBSERVATION";2021;5;23;25;"Heracleum";"mantegazzianum";3034825
8.552599;50.001011;5025554168;"CC_BY_4_0";"NABU|naturgucker";"HUMAN_OBSERVATION";2013;5;16;250;"Heracleum";"mantegazzianum";3034825
8.509279;49.854179;5025484502;"CC_BY_4_0";"NABU|naturgucker";"HUMAN_OBSERVATION";2023;6;25;25;"Heracleum";"mantegazzianum";3034825
8.77327;50.147865;5025426209;"CC_BY_4_0";"NABU|naturgucker";"HUMAN_OBSERVATION";2010;6;5;250;"Heracleum";"mantegazzianum";3034825
8.820648;51.078629;5025147447;"CC_BY_4_0";"NABU|naturgucker";"HUMAN_OBSERVATION";2012;7;9;250;"Heracleum";"mantegazzianum";3034825
8.567714;49.749737;5025106331;"CC_BY_4_0";"NABU|naturgucker";"HUMAN_OBSERVATION";2019;8;20;250;"Heracleum";"mantegazzianum";3034825
9.62774;51.474976;5024782422;"CC_BY_4_0";"NABU|naturgucker";"HUMAN_OBSERVATION";2023;10;5;25;"Heracleum";"mantegazzianum";3034825
8.629392;50.141659;5024679462;"CC_BY_4_0";"NABU|naturgucker";"HUMAN_OBSERVATION";2017;6;17;250;"Heracleum";"mantegazzianum";3034825
8.470735;50.554581;5024610581;"CC_BY_4_0";"NABU|naturgucker";"HUMAN_OBSERVATION";2021;5;24;250;"Heracleum";"mantegazzianum";3034825
8.090364;50.390396;5024351919;"CC_BY_4_0";"NABU|naturgucker";"HUMAN_OBSERVATION";2019;6;25;25;"Heracleum";"mantegazzianum";3034825
8.507888;49.834728;5022199532;"CC_BY_4_0";"NABU|naturgucker";"HUMAN_OBSERVATION";2020;7;3;25;"Heracleum";"mantegazzianum";3034825
8.611951;51.033745;5024137122;"CC_BY_4_0";"NABU|naturgucker";"HUMAN_OBSERVATION";2013;7;29;250;"Heracleum";"mantegazzianum";3034825
8.681645;50.189732;5024130535;"CC_BY_4_0";"NABU|naturgucker";"HUMAN_OBSERVATION";2017;5;26;250;"Heracleum";"mantegazzianum";3034825
9.564114;50.897392;5024029009;"CC_BY_4_0";"NABU|naturgucker";"HUMAN_OBSERVATION";2010;7;3;250;"Heracleum";"mantegazzianum";3034825
8.569529;50.107548;5023679795;"CC_BY_4_0";"NABU|naturgucker";"HUMAN_OBSERVATION";2014;3;26;250;"Heracleum";"mantegazzianum";3034825
9.676093;50.555783;3716929071;"CC_BY_NC_4_0";"";"HUMAN_OBSERVATION";2020;7;14;25;"Heracleum";"mantegazzianum";3034825
8.84938;49.987274;5023164458;"CC_BY_4_0";"NABU|naturgucker";"HUMAN_OBSERVATION";2011;6;30;25;"Heracleum";"mantegazzianum";3034825
8.527622;50.564594;5022843067;"CC_BY_4_0";"NABU|naturgucker";"HUMAN_OBSERVATION";2010;6;13;250;"Heracleum";"mantegazzianum";3034825
9.064064;51.162121;5022827506;"CC_BY_4_0";"NABU|naturgucker";"HUMAN_OBSERVATION";2010;8;19;250;"Heracleum";"mantegazzianum";3034825
8.551484;50.328922;5022802375;"CC_BY_4_0";"NABU|naturgucker";"HUMAN_OBSERVATION";2013;6;24;250;"Heracleum";"mantegazzianum";3034825
9.435968;51.29472;5022401885;"CC_BY_4_0";"NABU|naturgucker";"HUMAN_OBSERVATION";2020;4;26;250;"Heracleum";"mantegazzianum";3034825
8.449128;49.816502;5022308897;"CC_BY_4_0";"NABU|naturgucker";"HUMAN_OBSERVATION";2018;7;14;25;"Heracleum";"mantegazzianum";3034825
9.207261;50.223827;5022148610;"CC_BY_4_0";"NABU|naturgucker";"HUMAN_OBSERVATION";2011;7;25;250;"Heracleum";"mantegazzianum";3034825
9.428232;51.130096;5022081604;"CC_BY_4_0";"NABU|naturgucker";"HUMAN_OBSERVATION";2022;8;19;250;"Heracleum";"mantegazzianum";3034825
8.96184;49.83527;5021997128;"CC_BY_4_0";"NABU|naturgucker";"HUMAN_OBSERVATION";2009;7;26;250;"Heracleum";"mantegazzianum";3034825
8.478806;49.820641;5021758636;"CC_BY_4_0";"NABU|naturgucker";"HUMAN_OBSERVATION";2015;6;20;25;"Heracleum";"mantegazzianum";3034825
9.027243;50.619083;5021636826;"CC_BY_4_0";"NABU|naturgucker";"HUMAN_OBSERVATION";2009;8;3;250;"Heracleum";"mantegazzianum";3034825
9.094276;51.147263;5021213357;"CC_BY_4_0";"NABU|naturgucker";"HUMAN_OBSERVATION";2012;6;26;250;"Heracleum";"mantegazzianum";3034825
8.507023;50.243252;5021155072;"CC_BY_4_0";"NABU|naturgucker";"HUMAN_OBSERVATION";2014;6;13;250;"Heracleum";"mantegazzianum";3034825
8.856912;49.995159;5020975869;"CC_BY_4_0";"NABU|naturgucker";"HUMAN_OBSERVATION";2009;6;7;250;"Heracleum";"mantegazzianum";3034825
9.02131;50.627193;5013740185;"CC_BY_4_0";"NABU|naturgucker";"HUMAN_OBSERVATION";2010;6;22;25;"Heracleum";"mantegazzianum";3034825
8.541956;49.821705;5019418903;"CC_BY_4_0";"NABU|naturgucker";"HUMAN_OBSERVATION";2009;7;16;250;"Heracleum";"mantegazzianum";3034825
9.068145;50.364738;5020469841;"CC_BY_4_0";"NABU|naturgucker";"HUMAN_OBSERVATION";2013;5;6;250;"Heracleum";"mantegazzianum";3034825
9.473133;51.23101;5020199721;"CC_BY_4_0";"NABU|naturgucker";"HUMAN_OBSERVATION";2019;8;9;250;"Heracleum";"mantegazzianum";3034825
9.462005;51.153908;5020108212;"CC_BY_4_0";"NABU|naturgucker";"HUMAN_OBSERVATION";2024;6;20;250;"Heracleum";"mantegazzianum";3034825
8.872705;51.128201;5020085137;"CC_BY_4_0";"NABU|naturgucker";"HUMAN_OBSERVATION";2012;6;25;250;"Heracleum";"mantegazzianum";3034825
9.661878;50.562637;4901127946;"CC_BY_NC_4_0";"iNaturalist";"HUMAN_OBSERVATION";2024;6;12;3;"Heracleum";"mantegazzianum";3034825
8.657827;50.126633;5019315459;"CC_BY_4_0";"NABU|naturgucker";"HUMAN_OBSERVATION";2020;6;9;250;"Heracleum";"mantegazzianum";3034825
8.220719;50.298618;5018888839;"CC_BY_4_0";"NABU|naturgucker";"HUMAN_OBSERVATION";2023;7;10;250;"Heracleum";"mantegazzianum";3034825
9.046801;50.617241;5018571108;"CC_BY_4_0";"NABU|naturgucker";"HUMAN_OBSERVATION";2013;6;30;25;"Heracleum";"mantegazzianum";3034825
8.599849;49.65707;5018542512;"CC_BY_4_0";"NABU|naturgucker";"HUMAN_OBSERVATION";2014;6;21;250;"Heracleum";"mantegazzianum";3034825
8.533639;49.817802;5018195749;"CC_BY_4_0";"NABU|naturgucker";"HUMAN_OBSERVATION";2022;6;16;25;"Heracleum";"mantegazzianum";3034825
8.887081;51.202419;5017161863;"CC_BY_4_0";"NABU|naturgucker";"HUMAN_OBSERVATION";2012;6;28;250;"Heracleum";"mantegazzianum";3034825
9.543003;50.662029;5017031281;"CC_BY_4_0";"NABU|naturgucker";"HUMAN_OBSERVATION";2019;8;18;25;"Heracleum";"mantegazzianum";3034825
8.656079;50.853596;5016907728;"CC_BY_4_0";"NABU|naturgucker";"HUMAN_OBSERVATION";2013;6;21;250;"Heracleum";"mantegazzianum";3034825
8.558961;49.992153;5016666507;"CC_BY_4_0";"NABU|naturgucker";"HUMAN_OBSERVATION";2016;9;26;25;"Heracleum";"mantegazzianum";3034825
8.765611;50.868063;2626198948;"CC0_1_0";"iNaturalist";"HUMAN_OBSERVATION";2020;5;16;NA;"Heracleum";"mantegazzianum";3034825
8.957977;49.786583;5016401365;"CC_BY_4_0";"NABU|naturgucker";"HUMAN_OBSERVATION";2011;7;10;250;"Heracleum";"mantegazzianum";3034825
9.054623;51.359669;5015754138;"CC_BY_4_0";"NABU|naturgucker";"HUMAN_OBSERVATION";2012;7;27;250;"Heracleum";"mantegazzianum";3034825
8.322487;49.978825;5015417452;"CC_BY_4_0";"NABU|naturgucker";"HUMAN_OBSERVATION";2011;7;9;250;"Heracleum";"mantegazzianum";3034825
8.728859;50.245117;5015253979;"CC_BY_4_0";"NABU|naturgucker";"HUMAN_OBSERVATION";2023;5;21;25;"Heracleum";"mantegazzianum";3034825
8.233341;50.417774;5015104542;"CC_BY_4_0";"NABU|naturgucker";"HUMAN_OBSERVATION";2019;5;16;25;"Heracleum";"mantegazzianum";3034825
8.119916;50.417702;5014541369;"CC_BY_4_0";"NABU|naturgucker";"HUMAN_OBSERVATION";2016;5;22;25;"Heracleum";"mantegazzianum";3034825
8.65139;50.549;5014324871;"CC_BY_4_0";"NABU|naturgucker";"HUMAN_OBSERVATION";2010;5;4;250;"Heracleum";"mantegazzianum";3034825
8.542755;50.517632;5014115374;"CC_BY_4_0";"NABU|naturgucker";"HUMAN_OBSERVATION";2024;4;2;25;"Heracleum";"mantegazzianum";3034825
9.133809;50.410526;5013773575;"CC_BY_4_0";"NABU|naturgucker";"HUMAN_OBSERVATION";2013;6;17;250;"Heracleum";"mantegazzianum";3034825
9.481437;51.222065;5012938291;"CC_BY_4_0";"NABU|naturgucker";"HUMAN_OBSERVATION";2020;7;2;25;"Heracleum";"mantegazzianum";3034825
8.775501;50.252197;5012884120;"CC_BY_4_0";"NABU|naturgucker";"HUMAN_OBSERVATION";2019;7;1;250;"Heracleum";"mantegazzianum";3034825
9.623862;50.673779;5012727916;"CC_BY_4_0";"NABU|naturgucker";"HUMAN_OBSERVATION";2013;7;21;250;"Heracleum";"mantegazzianum";3034825
8.33186;50.081172;5007987771;"CC_BY_NC_4_0";"iNaturalist";"HUMAN_OBSERVATION";2024;6;22;593;"Heracleum";"mantegazzianum";3034825
8.730056;50.130918;2850763817;"CC_BY_NC_4_0";"iNaturalist";"HUMAN_OBSERVATION";2020;8;11;196;"Heracleum";"mantegazzianum";3034825
9.650278;50.571088;4954407868;"CC_BY_NC_4_0";"iNaturalist";"HUMAN_OBSERVATION";2024;10;14;6;"Heracleum";"mantegazzianum";3034825
9.678112;50.508897;4950456994;"CC_BY_NC_4_0";"iNaturalist";"HUMAN_OBSERVATION";2024;9;19;4;"Heracleum";"mantegazzianum";3034825
9.674017;50.516912;4949870499;"CC_BY_NC_4_0";"iNaturalist";"HUMAN_OBSERVATION";2024;9;19;3;"Heracleum";"mantegazzianum";3034825
8.717171;50.604435;4138419592;"CC_BY_NC_4_0";"iNaturalist";"HUMAN_OBSERVATION";2023;6;14;2;"Heracleum";"mantegazzianum";3034825
9.693322;50.532912;4935861017;"CC_BY_NC_4_0";"iNaturalist";"HUMAN_OBSERVATION";2024;8;21;3;"Heracleum";"mantegazzianum";3034825
8.132216;50.138083;4933591743;"CC_BY_NC_4_0";"";"HUMAN_OBSERVATION";2022;7;9;25;"Heracleum";"mantegazzianum";3034825
9.50492;51.336573;4921524894;"CC_BY_NC_4_0";"iNaturalist";"HUMAN_OBSERVATION";2024;8;4;13;"Heracleum";"mantegazzianum";3034825
8.732884;50.605646;4919558146;"CC_BY_NC_4_0";"iNaturalist";"HUMAN_OBSERVATION";2024;7;2;4;"Heracleum";"mantegazzianum";3034825
9.667453;50.531172;4910977965;"CC_BY_NC_4_0";"iNaturalist";"HUMAN_OBSERVATION";2024;7;3;3;"Heracleum";"mantegazzianum";3034825
8.723377;50.133106;4910651898;"CC_BY_NC_4_0";"iNaturalist";"HUMAN_OBSERVATION";2024;7;9;15;"Heracleum";"mantegazzianum";3034825
9.674474;50.574495;4910651767;"CC_BY_NC_4_0";"iNaturalist";"HUMAN_OBSERVATION";2024;7;17;NA;"Heracleum";"mantegazzianum";3034825
9.693238;50.568793;4910649170;"CC_BY_NC_4_0";"iNaturalist";"HUMAN_OBSERVATION";2024;7;17;NA;"Heracleum";"mantegazzianum";3034825
9.667495;50.537334;3954359441;"CC_BY_4_0";"";"HUMAN_OBSERVATION";2021;6;13;35;"Heracleum";"mantegazzianum";3034825
9.415611;51.128554;4909123486;"CC_BY_4_0";"iNaturalist";"HUMAN_OBSERVATION";2024;7;14;NA;"Heracleum";"mantegazzianum";3034825
8.631163;50.068361;4904241989;"CC_BY_NC_4_0";"iNaturalist";"HUMAN_OBSERVATION";2024;6;29;8;"Heracleum";"mantegazzianum";3034825
8.765331;50.155413;3859724187;"CC_BY_NC_4_0";"iNaturalist";"HUMAN_OBSERVATION";2022;6;18;100;"Heracleum";"mantegazzianum";3034825
8.75972;50.667505;4901883309;"CC_BY_NC_4_0";"iNaturalist";"HUMAN_OBSERVATION";2024;6;24;4;"Heracleum";"mantegazzianum";3034825
8.271915;50.507334;4901830935;"CC_BY_NC_4_0";"iNaturalist";"HUMAN_OBSERVATION";2024;6;23;39;"Heracleum";"mantegazzianum";3034825
9.681555;50.571347;4901829437;"CC_BY_NC_4_0";"iNaturalist";"HUMAN_OBSERVATION";2024;6;13;3;"Heracleum";"mantegazzianum";3034825
8.757538;50.794098;4901801686;"CC_BY_NC_4_0";"iNaturalist";"HUMAN_OBSERVATION";2024;6;9;67;"Heracleum";"mantegazzianum";3034825
8.245948;50.462358;4901723275;"CC_BY_NC_4_0";"iNaturalist";"HUMAN_OBSERVATION";2024;6;23;163;"Heracleum";"mantegazzianum";3034825
8.538283;50.215438;4901155133;"CC_BY_NC_4_0";"iNaturalist";"HUMAN_OBSERVATION";2024;6;15;4;"Heracleum";"mantegazzianum";3034825
8.77113;50.67058;4891821792;"CC_BY_NC_4_0";"iNaturalist";"HUMAN_OBSERVATION";2024;6;11;4;"Heracleum";"mantegazzianum";3034825
8.586977;49.605039;4890955078;"CC_BY_NC_4_0";"";"HUMAN_OBSERVATION";2023;9;23;4;"Heracleum";"mantegazzianum";3034825
9.317701;51.257468;4890794373;"CC_BY_NC_4_0";"";"HUMAN_OBSERVATION";2023;7;1;NA;"Heracleum";"mantegazzianum";3034825
9.664023;50.551483;4881119660;"CC_BY_NC_4_0";"";"HUMAN_OBSERVATION";2023;7;1;5;"Heracleum";"mantegazzianum";3034825
9.490773;51.26201;4889001440;"CC_BY_NC_4_0";"";"HUMAN_OBSERVATION";2024;5;4;25;"Heracleum";"mantegazzianum";3034825
9.305271;51.184632;4888599187;"CC_BY_NC_4_0";"";"HUMAN_OBSERVATION";2024;5;12;NA;"Heracleum";"mantegazzianum";3034825
9.638131;51.255791;4887242176;"CC_BY_NC_4_0";"";"HUMAN_OBSERVATION";2024;5;1;9;"Heracleum";"mantegazzianum";3034825
9.736483;51.174083;4887182438;"CC_BY_NC_4_0";"";"HUMAN_OBSERVATION";2023;6;24;15;"Heracleum";"mantegazzianum";3034825
9.491588;51.278491;4885969501;"CC_BY_NC_4_0";"";"HUMAN_OBSERVATION";2023;6;21;8;"Heracleum";"mantegazzianum";3034825
8.446629;50.097811;3958421492;"CC_BY_4_0";"";"HUMAN_OBSERVATION";2020;6;17;65;"Heracleum";"mantegazzianum";3034825
9.49024;51.276448;4884826903;"CC_BY_NC_4_0";"";"HUMAN_OBSERVATION";2023;7;26;9;"Heracleum";"mantegazzianum";3034825
9.449025;51.280065;4884729624;"CC_BY_NC_4_0";"";"HUMAN_OBSERVATION";2023;8;4;7;"Heracleum";"mantegazzianum";3034825
9.474491;51.257572;4880785842;"CC_BY_NC_4_0";"";"HUMAN_OBSERVATION";2024;4;7;NA;"Heracleum";"mantegazzianum";3034825
9.667967;50.548487;4145321838;"CC_BY_NC_4_0";"iNaturalist";"HUMAN_OBSERVATION";2023;6;29;17;"Heracleum";"mantegazzianum";3034825
8.478861;50.351387;4880987218;"CC_BY_NC_4_0";"";"HUMAN_OBSERVATION";2024;4;7;2;"Heracleum";"mantegazzianum";3034825
9.047253;51.174697;4875271858;"CC_BY_NC_4_0";"iNaturalist";"HUMAN_OBSERVATION";2024;5;29;NA;"Heracleum";"mantegazzianum";3034825
9.681898;50.580105;4872423268;"CC_BY_NC_4_0";"iNaturalist";"HUMAN_OBSERVATION";2024;5;22;NA;"Heracleum";"mantegazzianum";3034825
9.686825;50.5783;4872181437;"CC_BY_NC_4_0";"iNaturalist";"HUMAN_OBSERVATION";2024;5;22;NA;"Heracleum";"mantegazzianum";3034825
9.49892;51.297521;4863360969;"CC_BY_NC_4_0";"iNaturalist";"HUMAN_OBSERVATION";2024;5;14;35;"Heracleum";"mantegazzianum";3034825
9.635303;50.569522;4853103967;"CC_BY_NC_4_0";"iNaturalist";"HUMAN_OBSERVATION";2024;4;26;19;"Heracleum";"mantegazzianum";3034825
9.666031;50.509461;4853031333;"CC_BY_NC_4_0";"iNaturalist";"HUMAN_OBSERVATION";2024;4;26;NA;"Heracleum";"mantegazzianum";3034825
8.724935;49.877575;4852461504;"CC_BY_NC_4_0";"iNaturalist";"HUMAN_OBSERVATION";2024;4;26;4;"Heracleum";"mantegazzianum";3034825
9.665859;50.505782;4852339429;"CC_BY_NC_4_0";"iNaturalist";"HUMAN_OBSERVATION";2024;4;26;NA;"Heracleum";"mantegazzianum";3034825
8.316542;50.783498;4607169362;"CC_BY_NC_4_0";"iNaturalist";"HUMAN_OBSERVATION";2024;3;28;42;"Heracleum";"mantegazzianum";3034825
9.656962;50.563022;4606976164;"CC_BY_NC_4_0";"iNaturalist";"HUMAN_OBSERVATION";2024;4;4;4;"Heracleum";"mantegazzianum";3034825
9.69107;50.569222;4606688603;"CC_BY_NC_4_0";"iNaturalist";"HUMAN_OBSERVATION";2024;3;27;42;"Heracleum";"mantegazzianum";3034825
8.777891;50.154046;4606654701;"CC_BY_NC_4_0";"iNaturalist";"HUMAN_OBSERVATION";2024;3;30;8;"Heracleum";"mantegazzianum";3034825
8.609823;49.657147;4461105283;"CC_BY_NC_4_0";"";"HUMAN_OBSERVATION";2023;7;12;25;"Heracleum";"mantegazzianum";3034825
8.663538;51.016235;4461704810;"CC_BY_NC_4_0";"";"HUMAN_OBSERVATION";2023;6;30;10;"Heracleum";"mantegazzianum";3034825
8.618194;50.866455;4460190179;"CC_BY_NC_4_0";"";"HUMAN_OBSERVATION";2023;5;8;5;"Heracleum";"mantegazzianum";3034825
8.276401;50.461288;4460092946;"CC_BY_NC_4_0";"";"HUMAN_OBSERVATION";2023;4;22;NA;"Heracleum";"mantegazzianum";3034825
8.826451;49.54293;4459655719;"CC_BY_NC_4_0";"";"HUMAN_OBSERVATION";2023;9;10;232;"Heracleum";"mantegazzianum";3034825
8.569667;50.85835;4459536251;"CC_BY_NC_4_0";"";"HUMAN_OBSERVATION";2023;6;8;3;"Heracleum";"mantegazzianum";3034825
8.81334;51.323793;4459481337;"CC_BY_NC_4_0";"";"HUMAN_OBSERVATION";2023;7;3;4;"Heracleum";"mantegazzianum";3034825
9.686305;50.558063;4407340063;"CC_BY_NC_4_0";"iNaturalist";"HUMAN_OBSERVATION";2023;8;30;5;"Heracleum";"mantegazzianum";3034825
9.69168;50.554375;4407096095;"CC_BY_NC_4_0";"iNaturalist";"HUMAN_OBSERVATION";2023;8;31;40;"Heracleum";"mantegazzianum";3034825
8.686099;50.159603;4171856312;"CC_BY_NC_4_0";"iNaturalist";"HUMAN_OBSERVATION";2023;8;3;22;"Heracleum";"mantegazzianum";3034825
8.508519;49.835483;4162280006;"CC0_1_0";"iNaturalist";"HUMAN_OBSERVATION";2023;7;12;NA;"Heracleum";"mantegazzianum";3034825
9.024636;50.43973;4145783676;"CC_BY_NC_4_0";"iNaturalist";"HUMAN_OBSERVATION";2023;6;29;51;"Heracleum";"mantegazzianum";3034825
8.463226;50.335827;4145628621;"CC_BY_NC_4_0";"iNaturalist";"HUMAN_OBSERVATION";2023;7;2;3;"Heracleum";"mantegazzianum";3034825
8.741397;50.593648;4145552939;"CC_BY_NC_4_0";"iNaturalist";"HUMAN_OBSERVATION";2023;7;1;21;"Heracleum";"mantegazzianum";3034825
8.755833;50.596047;4137628773;"CC_BY_NC_4_0";"iNaturalist";"HUMAN_OBSERVATION";2023;5;22;21;"Heracleum";"mantegazzianum";3034825
9.252408;51.491197;4133684859;"CC_BY_NC_4_0";"iNaturalist";"HUMAN_OBSERVATION";2022;6;4;NA;"Heracleum";"mantegazzianum";3034825
8.771218;50.819068;4126679282;"CC_BY_NC_4_0";"iNaturalist";"HUMAN_OBSERVATION";2023;5;28;NA;"Heracleum";"mantegazzianum";3034825
8.743775;50.598286;4121460311;"CC_BY_NC_4_0";"iNaturalist";"HUMAN_OBSERVATION";2023;5;22;31;"Heracleum";"mantegazzianum";3034825
8.216608;50.306008;3998872637;"CC_BY_4_0";"";"HUMAN_OBSERVATION";2022;6;12;23;"Heracleum";"mantegazzianum";3034825
9.421623;51.296122;2826466197;"CC_BY_NC_4_0";"iNaturalist";"HUMAN_OBSERVATION";2020;7;20;15;"Heracleum";"mantegazzianum";3034825
8.850435;51.30214;3998811760;"CC_BY_4_0";"";"HUMAN_OBSERVATION";2022;5;26;NA;"Heracleum";"mantegazzianum";3034825
8.457481;50.916648;3998788426;"CC_BY_4_0";"";"HUMAN_OBSERVATION";2022;8;7;4;"Heracleum";"mantegazzianum";3034825
9.665853;50.588762;3960191444;"CC_BY_4_0";"";"HUMAN_OBSERVATION";2021;6;30;4;"Heracleum";"mantegazzianum";3034825
8.441918;50.551489;3998612947;"CC_BY_4_0";"";"HUMAN_OBSERVATION";2022;5;7;16;"Heracleum";"mantegazzianum";3034825
9.454421;51.125486;3998321965;"CC_BY_4_0";"";"HUMAN_OBSERVATION";2022;6;6;5;"Heracleum";"mantegazzianum";3034825
8.759433;50.108503;3998090225;"CC_BY_4_0";"";"HUMAN_OBSERVATION";2022;5;11;8;"Heracleum";"mantegazzianum";3034825
9.204397;51.020793;3998052396;"CC_BY_4_0";"";"HUMAN_OBSERVATION";2022;5;1;30;"Heracleum";"mantegazzianum";3034825
9.06624;49.776417;3960092278;"CC_BY_4_0";"";"HUMAN_OBSERVATION";2022;5;1;31;"Heracleum";"mantegazzianum";3034825
9.666087;50.548304;3997962853;"CC_BY_4_0";"";"HUMAN_OBSERVATION";2022;5;14;6;"Heracleum";"mantegazzianum";3034825
9.363715;50.643631;3997962308;"CC_BY_4_0";"";"HUMAN_OBSERVATION";2022;5;2;5;"Heracleum";"mantegazzianum";3034825
8.521493;50.062877;3997937773;"CC_BY_4_0";"";"HUMAN_OBSERVATION";2022;4;24;32;"Heracleum";"mantegazzianum";3034825
8.4537;50.105789;3302210112;"CC_BY_NC_4_0";"iNaturalist";"HUMAN_OBSERVATION";2021;5;29;64;"Heracleum";"mantegazzianum";3034825
9.511736;51.317958;3958513374;"CC_BY_4_0";"";"HUMAN_OBSERVATION";2020;6;29;NA;"Heracleum";"mantegazzianum";3034825
9.299668;51.255803;3996147481;"CC_BY_NC_4_0";"";"HUMAN_OBSERVATION";2022;6;22;NA;"Heracleum";"mantegazzianum";3034825
9.519004;51.220507;3996025344;"CC_BY_NC_4_0";"";"HUMAN_OBSERVATION";2022;5;13;3;"Heracleum";"mantegazzianum";3034825
9.648234;51.232111;3995899531;"CC_BY_NC_4_0";"";"HUMAN_OBSERVATION";2022;8;15;10;"Heracleum";"mantegazzianum";3034825
9.425111;51.327162;3995574975;"CC_BY_NC_4_0";"";"HUMAN_OBSERVATION";2022;5;21;NA;"Heracleum";"mantegazzianum";3034825
9.315782;51.257098;3995268465;"CC_BY_NC_4_0";"";"HUMAN_OBSERVATION";2022;6;15;NA;"Heracleum";"mantegazzianum";3034825
10.023157;51.211404;3995200208;"CC_BY_NC_4_0";"";"HUMAN_OBSERVATION";2022;5;17;25;"Heracleum";"mantegazzianum";3034825
8.261117;50.488001;3995002121;"CC_BY_NC_4_0";"";"HUMAN_OBSERVATION";2022;6;21;NA;"Heracleum";"mantegazzianum";3034825
9.466108;51.277992;3966397561;"CC_BY_NC_4_0";"iNaturalist";"HUMAN_OBSERVATION";2022;10;4;4;"Heracleum";"mantegazzianum";3034825
9.032582;50.671379;3960149451;"CC_BY_4_0";"";"HUMAN_OBSERVATION";2021;6;3;NA;"Heracleum";"mantegazzianum";3034825
8.447967;50.590598;3960074803;"CC_BY_4_0";"";"HUMAN_OBSERVATION";2021;7;5;48;"Heracleum";"mantegazzianum";3034825
8.872326;50.141149;3960004340;"CC_BY_4_0";"";"HUMAN_OBSERVATION";2021;5;13;NA;"Heracleum";"mantegazzianum";3034825
8.929085;50.920379;3959567503;"CC_BY_4_0";"";"HUMAN_OBSERVATION";2021;6;1;48;"Heracleum";"mantegazzianum";3034825
8.212147;50.224275;3959533888;"CC_BY_4_0";"";"HUMAN_OBSERVATION";2021;6;12;35;"Heracleum";"mantegazzianum";3034825
8.532492;49.836025;3959467813;"CC_BY_4_0";"";"HUMAN_OBSERVATION";2021;4;23;NA;"Heracleum";"mantegazzianum";3034825
9.195973;51.027391;3958849976;"CC_BY_4_0";"";"HUMAN_OBSERVATION";2022;4;10;47;"Heracleum";"mantegazzianum";3034825
9.395728;50.646202;3958791012;"CC_BY_4_0";"";"HUMAN_OBSERVATION";2020;7;9;NA;"Heracleum";"mantegazzianum";3034825
9.3373;51.380646;3958607617;"CC_BY_4_0";"";"HUMAN_OBSERVATION";2021;7;6;33;"Heracleum";"mantegazzianum";3034825
8.786269;50.515998;3958569811;"CC_BY_4_0";"";"HUMAN_OBSERVATION";2020;5;8;NA;"Heracleum";"mantegazzianum";3034825
8.491518;50.24525;3958369186;"CC_BY_4_0";"";"HUMAN_OBSERVATION";2020;8;29;6;"Heracleum";"mantegazzianum";3034825
8.175012;50.124722;3958183515;"CC_BY_4_0";"";"HUMAN_OBSERVATION";2019;7;15;65;"Heracleum";"mantegazzianum";3034825
9.45625;51.283164;3958040232;"CC_BY_4_0";"";"HUMAN_OBSERVATION";2020;6;9;NA;"Heracleum";"mantegazzianum";3034825
9.374605;51.171094;3958001002;"CC_BY_4_0";"";"HUMAN_OBSERVATION";2019;5;30;165;"Heracleum";"mantegazzianum";3034825
9.627896;51.288726;3957886896;"CC_BY_4_0";"";"HUMAN_OBSERVATION";2020;5;21;8;"Heracleum";"mantegazzianum";3034825
8.348077;50.576477;3957749459;"CC_BY_4_0";"";"HUMAN_OBSERVATION";2021;9;5;NA;"Heracleum";"mantegazzianum";3034825
9.68971;51.083045;3957684931;"CC_BY_4_0";"";"HUMAN_OBSERVATION";2021;5;16;NA;"Heracleum";"mantegazzianum";3034825
9.518363;51.107125;3957644857;"CC_BY_4_0";"";"HUMAN_OBSERVATION";2020;6;8;32;"Heracleum";"mantegazzianum";3034825
9.440435;51.301627;3957239994;"CC_BY_4_0";"";"HUMAN_OBSERVATION";2020;4;22;15;"Heracleum";"mantegazzianum";3034825
9.333015;50.985718;3957203342;"CC_BY_4_0";"";"HUMAN_OBSERVATION";2021;5;15;NA;"Heracleum";"mantegazzianum";3034825
9.6027;50.669662;3957199804;"CC_BY_4_0";"";"HUMAN_OBSERVATION";2020;7;4;19;"Heracleum";"mantegazzianum";3034825
8.237097;50.291518;3957186664;"CC_BY_4_0";"";"HUMAN_OBSERVATION";2020;4;12;41;"Heracleum";"mantegazzianum";3034825
8.897905;50.615358;3957055016;"CC_BY_4_0";"";"HUMAN_OBSERVATION";2020;4;26;NA;"Heracleum";"mantegazzianum";3034825
9.093202;50.99338;3956638293;"CC_BY_4_0";"";"HUMAN_OBSERVATION";2019;5;30;5;"Heracleum";"mantegazzianum";3034825
9.722298;51.217723;3956562843;"CC_BY_4_0";"";"HUMAN_OBSERVATION";2021;6;12;8;"Heracleum";"mantegazzianum";3034825
8.304697;50.167539;3956561352;"CC_BY_4_0";"";"HUMAN_OBSERVATION";2021;6;27;NA;"Heracleum";"mantegazzianum";3034825
8.836789;51.293732;3956462905;"CC_BY_4_0";"";"HUMAN_OBSERVATION";2019;6;10;48;"Heracleum";"mantegazzianum";3034825
8.867229;50.119839;3956085635;"CC_BY_4_0";"";"HUMAN_OBSERVATION";2021;7;18;NA;"Heracleum";"mantegazzianum";3034825
9.352217;50.64363;3955936198;"CC_BY_4_0";"";"HUMAN_OBSERVATION";2021;7;25;5;"Heracleum";"mantegazzianum";3034825
9.088277;49.702726;3955797337;"CC_BY_4_0";"";"HUMAN_OBSERVATION";2021;6;20;12;"Heracleum";"mantegazzianum";3034825
8.49805;50.838341;3955773028;"CC_BY_4_0";"";"HUMAN_OBSERVATION";2021;6;30;NA;"Heracleum";"mantegazzianum";3034825
8.19214;50.392475;3955757701;"CC_BY_4_0";"";"HUMAN_OBSERVATION";2020;6;7;NA;"Heracleum";"mantegazzianum";3034825
9.476406;51.178001;3955677124;"CC_BY_4_0";"";"HUMAN_OBSERVATION";2017;6;1;3;"Heracleum";"mantegazzianum";3034825
9.074665;50.135398;3955520081;"CC_BY_4_0";"";"HUMAN_OBSERVATION";2021;7;25;46;"Heracleum";"mantegazzianum";3034825
8.768285;50.084282;3955346342;"CC_BY_4_0";"";"HUMAN_OBSERVATION";2021;6;9;NA;"Heracleum";"mantegazzianum";3034825
8.184203;50.064272;3955317390;"CC_BY_4_0";"";"HUMAN_OBSERVATION";2021;6;8;5;"Heracleum";"mantegazzianum";3034825
8.704587;50.117018;3955159069;"CC_BY_4_0";"";"HUMAN_OBSERVATION";2016;6;21;NA;"Heracleum";"mantegazzianum";3034825
9.559227;51.126271;3955021421;"CC_BY_4_0";"";"HUMAN_OBSERVATION";2021;5;21;3;"Heracleum";"mantegazzianum";3034825
9.967748;51.269399;3954984046;"CC_BY_4_0";"";"HUMAN_OBSERVATION";2022;5;2;5;"Heracleum";"mantegazzianum";3034825
9.631272;50.596424;3954904745;"CC_BY_4_0";"";"HUMAN_OBSERVATION";2020;6;10;5;"Heracleum";"mantegazzianum";3034825
8.759805;50.237907;3954639303;"CC_BY_4_0";"";"HUMAN_OBSERVATION";2022;4;10;12;"Heracleum";"mantegazzianum";3034825
8.829441;51.295548;3954608855;"CC_BY_4_0";"";"HUMAN_OBSERVATION";2022;5;14;23;"Heracleum";"mantegazzianum";3034825
9.4866;51.286575;3954605279;"CC_BY_4_0";"";"HUMAN_OBSERVATION";2021;6;2;NA;"Heracleum";"mantegazzianum";3034825
8.850732;50.146671;3954391172;"CC_BY_4_0";"";"HUMAN_OBSERVATION";2022;7;3;14;"Heracleum";"mantegazzianum";3034825
8.351996;50.675764;3954019131;"CC_BY_4_0";"";"HUMAN_OBSERVATION";2021;5;25;26;"Heracleum";"mantegazzianum";3034825
8.824206;50.688442;3953751291;"CC_BY_4_0";"";"HUMAN_OBSERVATION";2021;5;12;5;"Heracleum";"mantegazzianum";3034825
9.282583;51.206328;3953750434;"CC_BY_4_0";"";"HUMAN_OBSERVATION";2021;5;8;8;"Heracleum";"mantegazzianum";3034825
8.831219;49.709546;3953702289;"CC_BY_4_0";"";"HUMAN_OBSERVATION";2020;7;7;65;"Heracleum";"mantegazzianum";3034825
9.537594;50.762586;3953604837;"CC_BY_4_0";"";"HUMAN_OBSERVATION";2020;8;16;27;"Heracleum";"mantegazzianum";3034825
8.842653;50.605599;3953506641;"CC_BY_4_0";"";"HUMAN_OBSERVATION";2021;6;27;8;"Heracleum";"mantegazzianum";3034825
8.899933;50.12082;3953409459;"CC_BY_4_0";"";"HUMAN_OBSERVATION";2021;5;18;25;"Heracleum";"mantegazzianum";3034825
9.679038;50.868125;3953356066;"CC_BY_4_0";"";"HUMAN_OBSERVATION";2021;7;14;104;"Heracleum";"mantegazzianum";3034825
9.098589;49.700406;3953220637;"CC_BY_4_0";"";"HUMAN_OBSERVATION";2021;7;8;32;"Heracleum";"mantegazzianum";3034825
8.596111;50.995;3953211790;"CC_BY_4_0";"";"HUMAN_OBSERVATION";2020;6;28;NA;"Heracleum";"mantegazzianum";3034825
8.988171;49.6316;3953023460;"CC_BY_4_0";"";"HUMAN_OBSERVATION";2021;5;22;NA;"Heracleum";"mantegazzianum";3034825
8.522003;50.278847;3952971280;"CC_BY_4_0";"";"HUMAN_OBSERVATION";2021;5;22;NA;"Heracleum";"mantegazzianum";3034825
8.236438;50.039993;3952949165;"CC_BY_4_0";"";"HUMAN_OBSERVATION";2021;5;12;65;"Heracleum";"mantegazzianum";3034825
8.819504;49.421606;3952883008;"CC_BY_4_0";"";"HUMAN_OBSERVATION";2020;5;24;NA;"Heracleum";"mantegazzianum";3034825
9.224313;51.181467;3952836337;"CC_BY_4_0";"";"HUMAN_OBSERVATION";2020;5;27;12;"Heracleum";"mantegazzianum";3034825
9.232208;50.77782;3952656572;"CC_BY_4_0";"";"HUMAN_OBSERVATION";2017;4;23;NA;"Heracleum";"mantegazzianum";3034825
9.302632;51.164679;3952590494;"CC_BY_4_0";"";"HUMAN_OBSERVATION";2020;5;1;29;"Heracleum";"mantegazzianum";3034825
9.593553;51.587381;3952482721;"CC_BY_4_0";"";"HUMAN_OBSERVATION";2021;7;21;77;"Heracleum";"mantegazzianum";3034825
8.120449;50.22676;3952364745;"CC_BY_4_0";"";"HUMAN_OBSERVATION";2019;6;14;26;"Heracleum";"mantegazzianum";3034825
8.860813;49.990761;3952266956;"CC_BY_4_0";"";"HUMAN_OBSERVATION";2021;7;8;NA;"Heracleum";"mantegazzianum";3034825
9.306048;51.217182;3952237511;"CC_BY_4_0";"";"HUMAN_OBSERVATION";2020;4;30;5;"Heracleum";"mantegazzianum";3034825
9.038837;49.820951;3952235022;"CC_BY_4_0";"";"HUMAN_OBSERVATION";2019;7;15;5;"Heracleum";"mantegazzianum";3034825
8.160805;50.100768;3952116558;"CC_BY_4_0";"";"HUMAN_OBSERVATION";2019;7;18;165;"Heracleum";"mantegazzianum";3034825
9.046548;50.18669;3951879830;"CC_BY_4_0";"";"HUMAN_OBSERVATION";2020;5;1;21;"Heracleum";"mantegazzianum";3034825
9.742584;50.882871;3951876635;"CC_BY_4_0";"";"HUMAN_OBSERVATION";2019;5;12;19;"Heracleum";"mantegazzianum";3034825
8.905878;50.61704;3951389556;"CC_BY_4_0";"";"HUMAN_OBSERVATION";2016;6;12;NA;"Heracleum";"mantegazzianum";3034825
9.091159;51.396181;3949531348;"CC_BY_4_0";"";"HUMAN_OBSERVATION";2022;4;14;10;"Heracleum";"mantegazzianum";3034825
8.280441;50.176315;3949527103;"CC_BY_4_0";"";"HUMAN_OBSERVATION";2021;5;28;NA;"Heracleum";"mantegazzianum";3034825
9.460766;51.29288;3949241851;"CC_BY_4_0";"";"HUMAN_OBSERVATION";2021;7;10;5;"Heracleum";"mantegazzianum";3034825
8.251755;50.104942;3947674968;"CC_BY_NC_4_0";"iNaturalist";"HUMAN_OBSERVATION";2022;10;19;5;"Heracleum";"mantegazzianum";3034825
9.49607;51.30822;3905043062;"CC_BY_NC_4_0";"";"HUMAN_OBSERVATION";2022;4;29;3;"Heracleum";"mantegazzianum";3034825
8.97852;50.644513;3902792721;"CC_BY_NC_4_0";"iNaturalist";"HUMAN_OBSERVATION";2022;6;22;67;"Heracleum";"mantegazzianum";3034825
8.27213;50.11;3888901583;"CC_BY_NC_4_0";"iNaturalist";"HUMAN_OBSERVATION";2022;8;7;4;"Heracleum";"mantegazzianum";3034825
8.754978;50.850353;3881625369;"CC_BY_NC_4_0";"iNaturalist";"HUMAN_OBSERVATION";2022;7;31;8;"Heracleum";"mantegazzianum";3034825
8.415692;50.585568;3859567422;"CC_BY_NC_4_0";"iNaturalist";"HUMAN_OBSERVATION";2022;6;12;122;"Heracleum";"mantegazzianum";3034825
8.328292;50.083308;3457007243;"CC_BY_NC_4_0";"iNaturalist";"HUMAN_OBSERVATION";2021;7;18;6;"Heracleum";"mantegazzianum";3034825
8.696145;49.910417;3859309739;"CC_BY_NC_4_0";"iNaturalist";"HUMAN_OBSERVATION";2022;6;22;5;"Heracleum";"mantegazzianum";3034825
8.684203;50.083775;3858611899;"CC_BY_NC_4_0";"iNaturalist";"HUMAN_OBSERVATION";2022;6;12;19;"Heracleum";"mantegazzianum";3034825
8.14014;50.568236;3823629709;"CC_BY_NC_4_0";"";"HUMAN_OBSERVATION";2015;5;14;60;"Heracleum";"mantegazzianum";3034825
9.336405;51.250942;3822988275;"CC_BY_NC_4_0";"";"HUMAN_OBSERVATION";2022;4;18;30;"Heracleum";"mantegazzianum";3034825
8.555669;50.089583;3773415645;"CC_BY_NC_4_0";"iNaturalist";"HUMAN_OBSERVATION";2022;5;2;178;"Heracleum";"mantegazzianum";3034825
8.696477;50.108612;1836682706;"CC_BY_4_0";"iNaturalist";"HUMAN_OBSERVATION";2017;3;26;NA;"Heracleum";"mantegazzianum";3034825
8.335653;50.062878;3759973003;"CC_BY_NC_4_0";"iNaturalist";"HUMAN_OBSERVATION";2022;4;14;8;"Heracleum";"mantegazzianum";3034825
8.62968;50.172794;3759470557;"CC_BY_NC_4_0";"iNaturalist";"HUMAN_OBSERVATION";2022;4;1;4;"Heracleum";"mantegazzianum";3034825
9.392216;51.321783;3723552326;"CC_BY_NC_4_0";"";"HUMAN_OBSERVATION";2010;4;5;100;"Heracleum";"mantegazzianum";3034825
8.662708;50.194172;3399328080;"CC_BY_NC_4_0";"iNaturalist";"HUMAN_OBSERVATION";2021;10;24;24;"Heracleum";"mantegazzianum";3034825
9.289878;50.159306;3338119242;"CC_BY_NC_4_0";"iNaturalist";"HUMAN_OBSERVATION";2021;8;17;138;"Heracleum";"mantegazzianum";3034825
9.050288;51.408693;3384980944;"CC0_1_0";"iNaturalist";"HUMAN_OBSERVATION";2021;9;14;24;"Heracleum";"mantegazzianum";3034825
8.701244;50.597699;3355208308;"CC_BY_NC_4_0";"iNaturalist";"HUMAN_OBSERVATION";2021;8;30;7;"Heracleum";"mantegazzianum";3034825
9.454525;50.313503;3343789886;"CC_BY_NC_4_0";"iNaturalist";"HUMAN_OBSERVATION";2021;8;20;64;"Heracleum";"mantegazzianum";3034825
9.714858;51.164718;3112844927;"CC_BY_NC_4_0";"iNaturalist";"HUMAN_OBSERVATION";2021;5;6;2;"Heracleum";"mantegazzianum";3034825
9.555531;51.124672;3079552866;"CC_BY_NC_4_0";"iNaturalist";"HUMAN_OBSERVATION";2020;7;10;58;"Heracleum";"mantegazzianum";3034825
8.547563;50.564338;2850984405;"CC_BY_NC_4_0";"iNaturalist";"HUMAN_OBSERVATION";2018;7;1;6;"Heracleum";"mantegazzianum";3034825
8.752305;50.867816;2818577337;"CC0_1_0";"iNaturalist";"HUMAN_OBSERVATION";2019;6;25;NA;"Heracleum";"mantegazzianum";3034825
9.126778;51.402078;2818497692;"CC0_1_0";"iNaturalist";"HUMAN_OBSERVATION";2020;7;10;NA;"Heracleum";"mantegazzianum";3034825
9.04;49.87;2812220500;"CC_BY_4_0";"BFL";"HUMAN_OBSERVATION";1998;NA;NA;NA;"Heracleum";"mantegazzianum";3034825
8.772475;50.84422;2802573909;"CC0_1_0";"iNaturalist";"HUMAN_OBSERVATION";2020;6;12;NA;"Heracleum";"mantegazzianum";3034825
8.760616;50.866311;2634116880;"CC0_1_0";"iNaturalist";"HUMAN_OBSERVATION";2020;6;1;NA;"Heracleum";"mantegazzianum";3034825
8.872088;51.045219;2350342457;"CC0_1_0";"iNaturalist";"HUMAN_OBSERVATION";2019;8;4;NA;"Heracleum";"mantegazzianum";3034825
9.74;50.31;1947183498;"CC_BY_4_0";"BFL";"HUMAN_OBSERVATION";2001;5;25;NA;"Heracleum";"mantegazzianum";3034825
9.78;50.43;1947182500;"CC_BY_4_0";"BFL";"HUMAN_OBSERVATION";1999;5;13;NA;"Heracleum";"mantegazzianum";3034825
9.78;50.42;1947182490;"CC_BY_4_0";"BFL";"HUMAN_OBSERVATION";1999;4;5;NA;"Heracleum";"mantegazzianum";3034825
8.74063;50.865208;1901087529;"CC0_1_0";"iNaturalist";"HUMAN_OBSERVATION";2018;9;4;NA;"Heracleum";"mantegazzianum";3034825
8.714466;50.861822;1891318005;"CC0_1_0";"iNaturalist";"HUMAN_OBSERVATION";2018;8;11;NA;"Heracleum";"mantegazzianum";3034825
8.412545;50.729212;1839200150;"CC_BY_4_0";"UfU e. V.";"HUMAN_OBSERVATION";2015;6;18;NA;"Heracleum";"mantegazzianum";3034825
9.661256;50.540846;164173051;"CC_BY_4_0";"GEO";"HUMAN_OBSERVATION";2005;6;12;NA;"Heracleum";"mantegazzianum";3034825
8.475782;50.05681;164172996;"CC_BY_4_0";"GEO";"HUMAN_OBSERVATION";2003;6;12;NA;"Heracleum";"mantegazzianum";3034825
